database_identifier	chemical_formula	smiles	inchi	metabolite_identification	mass_to_charge	fragmentation	modifications	charge	retention_time	taxid	species	database	database_version	reliability	uri	search_engine	search_engine_score	smallmolecule_abundance_sub	smallmolecule_abundance_stdev_sub	smallmolecule_abundance_std_error_sub	assigned_chebi_identifier	assigned_refmet_identifier	chebi_identifier_search_status	chebi_identifier_search_time	refmet_identifier_search_status	refmet_identifier_search_time	splitless
CHEBI:48131	C9H16O4	OC(=O)CCCCCCCC(O)=O	InChI=1S/C9H16O4/c10-8(11)6-4-2-1-3-5-7-9(12)13/h1-7H2,(H,10,11)(H,12,13)	Azelaic Acid		85:2441 87:1064 92:366 93:4683 94:654 95:1061 96:1743 97:772 98:1464 101:440 106:383 107:7062 108:909 109:4039 110:1094 111:4697 112:654 113:382 115:481 118:2315 119:1054 123:3716 124:4554 125:3279 130:480 131:2933 132:1780 133:4628 136:392 137:838 141:562 143:1947 144:351 145:1987 150:2500 151:3035 152:9868 153:3388 154:386 162:403 163:267 165:350 167:295 169:1116 170:466 172:737 181:355 183:2480 184:439 185:2263 186:560 187:323 188:723 197:765 199:2575 200:965 201:7051 202:1949 204:625 206:284 209:845 214:1582 215:386 218:595 225:1246 226:247 227:360 242:388 243:436 273:939 274:264 318:2200 319:1034	Azelaic Acid (2TMS)		1790.58	NCBITAXON:http://purl.bioontology.org/ontology/NCBITAXON/4530	Oryza sativa	Golm		MSI:2		tagfinder; manual supervised	898					RM0153048	not found	2026-06-18 20:17:03	first assignment	2026-06-18 20:17:03	splitless
CHEBI:30746	C7H6O2	OC(=O)c1ccccc1	InChI=1S/C7H6O2/c8-7(9)6-4-2-1-3-5-6/h1-5H,(H,8,9)	Benzoic acid		105:1418 135:983 179:987	Benzoic acid (1TMS)		1250.74	NCBITAXON:http://purl.bioontology.org/ontology/NCBITAXON/4530	Oryza sativa	Golm		MSI:2		tagfinder; manual supervised	991					RM0134993	not found	2026-06-18 20:17:03	first assignment	2026-06-18 20:17:03	splitless
CHEBI:30763	C7H6O3	OC(=O)c1ccc(O)cc1	InChI=1S/C7H6O3/c8-6-3-1-5(2-4-6)7(9)10/h1-4,8H,(H,9,10)	Benzoic acid, 4-hydroxy-		126:410 224:387 268:378 282:349	Benzoic acid, 4-hydroxy- (2TMS)		1631.68	NCBITAXON:http://purl.bioontology.org/ontology/NCBITAXON/4530	Oryza sativa	Golm		MSI:2		tagfinder; manual supervised	999						failed	2026-06-18 20:17:03	not found	2026-06-18 20:17:03	splitless
CHEBI:33118	BH3O3	[H]OB(O[H])O[H]	InChI=1S/BH3O3/c2-1(3)4/h2-4H	Boric acid		174:1000 175:3999 176:709 177:570 191:1503 205:2286 206:545 207:1050 221:21947 222:5201 223:2813 224:466 262:978 263:3971 264:1062	Boric acid (3TMS)		973.22	NCBITAXON:http://purl.bioontology.org/ontology/NCBITAXON/4530	Oryza sativa	Golm		MSI:2		tagfinder; manual supervised	958						failed	2026-06-18 20:17:03	not found	2026-06-18 20:17:03	splitless
CHEBI:18012	C4H4O4	OC(=O)C=CC(O)=O	InChI=1S/C4H4O4/c5-3(6)1-2-4(7)8/h1-2H,(H,5,6)(H,7,8)/b2-1+	Fumaric acid		126:289 127:490 128:309 134:309 155:677 157:412 217:469 229:142 235:141 245:5937 246:1256 247:630 248:188 252:273 253:148 284:143 339:152 343:154 396:154	Fumaric acid (2TMS)		1348.52	NCBITAXON:http://purl.bioontology.org/ontology/NCBITAXON/4530	Oryza sativa	Golm		MSI:2		tagfinder; manual supervised	993					RM0135891	not found	2026-06-18 20:17:03	first assignment	2026-06-18 20:17:03	splitless
CHEBI:30915	C5H6O5	OC(=O)CCC(=O)C(O)=O	InChI=1S/C5H6O5/c6-3(5(9)10)1-2-4(7)8/h1-2H2,(H,7,8)(H,9,10)	Glutaric acid, 2-oxo-		112:2794 125:288 126:1670 127:471 154:998 170:2135 172:647 173:399 183:322 184:264 186:1997 187:391 198:6009 199:947 200:506 201:520 202:1332 229:1295 230:344 244:601 288:1309 289:423 304:1029 306:241	Glutaric acid, 2-oxo- (1MEOX) (2TMS) MP		1571.07	NCBITAXON:http://purl.bioontology.org/ontology/NCBITAXON/4530	Oryza sativa	Golm		MSI:2		tagfinder; manual supervised	990						failed	2026-06-18 20:17:03	not found	2026-06-18 20:17:03	splitless
CHEBI:17497	C2H4O3	OCC(O)=O	InChI=1S/C2H4O3/c3-1-2(4)5/h3H,1H2,(H,4,5)	Glycolic acid		133:903 161:490 178:257 205:710	Glycolic acid (2TMS)		1060.06	NCBITAXON:http://purl.bioontology.org/ontology/NCBITAXON/4530	Oryza sativa	Golm		MSI:2		tagfinder; manual supervised	999					RM0136958	not found	2026-06-18 20:17:03	first assignment	2026-06-18 20:17:03	splitless
CHEBI:16891	C2H2O3	[H]C(=O)C(O)=O	InChI=1S/C2H2O3/c3-1-2(4)5/h1H,(H,4,5)	Glyoxylic acid		89:9256 161:1693 162:246	Glyoxylic acid (1MEOX) (1TMS)		992.48	NCBITAXON:http://purl.bioontology.org/ontology/NCBITAXON/4530	Oryza sativa	Golm		MSI:2		tagfinder; manual supervised	988					RM0040233	not found	2026-06-18 20:17:03	first assignment	2026-06-18 20:17:03	splitless
CHEBI:48430	C6H10O3	CC(C)CC(=O)C(O)=O	InChI=1S/C6H10O3/c1-4(2)3-5(7)6(8)9/h4H,3H2,1-2H3,(H,8,9)	Isocaproic acid, 2-oxo-		189:142 200:160 216:141	Isocaproic acid, 2-oxo- (1MEOX) (1TMS) MP		1204.23	NCBITAXON:http://purl.bioontology.org/ontology/NCBITAXON/4530	Oryza sativa	Golm		MSI:2		tagfinder; manual supervised	999						failed	2026-06-18 20:17:03	not found	2026-06-18 20:17:03	splitless
CHEBI:30887	C6H8O7	OC(C(CC(O)=O)C(O)=O)C(O)=O	InChI=1S/C6H8O7/c7-3(8)1-2(5(10)11)4(9)6(12)13/h2,4,9H,1H2,(H,7,8)(H,10,11)(H,12,13)	Isocitric acid		301:2281 302:714 305:7380 306:2372 307:1462 335:596 348:7441 349:4190 350:1065 351:390	Isocitric acid (4TMS)		1806.31	NCBITAXON:http://purl.bioontology.org/ontology/NCBITAXON/4530	Oryza sativa	Golm		MSI:2		tagfinder; manual supervised	993					RM0050098	not found	2026-06-18 20:17:03	first assignment	2026-06-18 20:17:03	splitless
CHEBI:78320	C3H6O3	CC(O)C(O)=O	InChI=1S/C3H6O3/c1-2(4)3(5)6/h2,4H,1H3,(H,5,6)	Lactic acid		88:1884 115:537 117:19400 118:2187 133:2567 134:388 191:3684 192:837 193:322 219:893	Lactic acid (2TMS)		1044.15	NCBITAXON:http://purl.bioontology.org/ontology/NCBITAXON/4530	Oryza sativa	Golm		MSI:2		tagfinder; manual supervised	996					RM0135904	not found	2026-06-18 20:17:03	first assignment	2026-06-18 20:17:03	splitless
CHEBI:143541	C5H8O5	OC(CC(O)=O)C(OC)=O	InChI=1S/C5H8O5/c1-10-5(9)3(6)2-4(7)8/h3,6H,2H2,1H3,(H,7,8)	1-methylester malic acid		159:135 163:176 187:168 189:154 207:162 249:139	Malic acid, 1-methylester (2TMS)		1382.47	NCBITAXON:http://purl.bioontology.org/ontology/NCBITAXON/4530	Oryza sativa	Golm		MSI:2		tagfinder; manual supervised	977						failed	2026-06-18 20:17:03	not found	2026-06-18 20:17:03	splitless
CHEBI:30794	C3H4O4	OC(=O)CC(O)=O	InChI=1S/C3H4O4/c4-2(5)1-3(6)7/h1H2,(H,4,5)(H,6,7)	Malonic acid		87:170 88:132 101:175 109:144 115:165 117:158 133:215 150:133 234:125	Malonic acid (2TMS)		1194.28	NCBITAXON:http://purl.bioontology.org/ontology/NCBITAXON/4530	Oryza sativa	Golm		MSI:2		tagfinder; manual supervised	893					RM0153291	not found	2026-06-18 20:17:03	first assignment	2026-06-18 20:17:03	splitless
CHEBI:16995	C2H2O4	OC(=O)C(O)=O	InChI=1S/C2H2O4/c3-1(4)2(5)6/h(H,3,4)(H,5,6)	Oxalic acid		175:1786 177:360 190:3426 191:849 192:561 219:1833	Oxalic acid (2TMS)		1114.95	NCBITAXON:http://purl.bioontology.org/ontology/NCBITAXON/4530	Oryza sativa	Golm		MSI:2		tagfinder; manual supervised	990					RM0149940	not found	2026-06-18 20:17:03	first assignment	2026-06-18 20:17:03	splitless
CHEBI:30842	C3H2O5	OC(=O)C(=O)C(O)=O	InChI=1S/C3H2O5/c4-1(2(5)6)3(7)8/h(H,5,6)(H,7,8)	Oxomalonic acid		173:134 204:195 276:189	Oxomalonic acid (1MeOX)(2TMS)		1388.06	NCBITAXON:http://purl.bioontology.org/ontology/NCBITAXON/4530	Oryza sativa	Golm		MSI:2		tagfinder; manual supervised	979					RM0140661	failed	2026-06-18 20:17:03	first assignment	2026-06-18 20:17:03	splitless
CHEBI:7916	C9H17NO5	CC(C)(CO)C(O)C(=O)NCCC(O)=O	InChI=1S/C9H17NO5/c1-9(2,5-11)7(14)8(15)10-4-3-6(12)13/h7,11,14H,3-5H2,1-2H3,(H,10,15)(H,12,13)	Pantothenic acid		159:733 201:893 247:429	Pantothenic acid (3TMS)		1986.3	NCBITAXON:http://purl.bioontology.org/ontology/NCBITAXON/4530	Oryza sativa	Golm		MSI:2		tagfinder; manual supervised	982					RM0136730	not found	2026-06-18 20:17:03	first assignment	2026-06-18 20:17:03	splitless
CHEBI:32816	C3H4O3	CC(=O)C(O)=O	InChI=1S/C3H4O3/c1-2(4)3(5)6/h1H3,(H,5,6)	Pyruvic acid		99:1180 100:880 115:1518 116:267 158:352 175:554	Pyruvic acid (1MEOX) (1TMS)		1034.77	NCBITAXON:http://purl.bioontology.org/ontology/NCBITAXON/4530	Oryza sativa	Golm		MSI:2		tagfinder; manual supervised	998					RM0134967	not found	2026-06-18 20:17:03	first assignment	2026-06-18 20:17:03	splitless
CHEBI:15999	C9H8O4	OC(=O)C(=O)Cc1ccc(O)cc1	InChI=1S/C9H8O4/c10-7-3-1-6(2-4-7)5-8(11)9(12)13/h1-4,10H,5H2,(H,12,13)	Pyruvic acid, 4-hydroxyphenyl-		179:178 267:728 268:388 269:190	Pyruvic acid, 4-hydroxyphenyl- (1MEOX) (3TMS) MP		1973.75	NCBITAXON:http://purl.bioontology.org/ontology/NCBITAXON/4530	Oryza sativa	Golm		MSI:2		tagfinder; manual supervised	958						failed	2026-06-18 20:17:03	not found	2026-06-18 20:17:03	splitless
CHEBI:17521	C7H12O6	O[C@@H]1C[C@@](O)(C[C@@H](O)[C@H]1O)C(O)=O	InChI=1S/C7H12O6/c8-3-1-7(13,6(11)12)2-4(9)5(3)10/h3-5,8-10,13H,1-2H2,(H,11,12)/t3-,4-,5-,7+/m1/s1	Quinic acid		239:845 255:4542 334:526 345:5736 346:1950 347:1020 372:333 419:300	Quinic acid (5TMS)		1842.89	NCBITAXON:http://purl.bioontology.org/ontology/NCBITAXON/4530	Oryza sativa	Golm		MSI:2		tagfinder; manual supervised	999					RM0071875	not found	2026-06-18 20:17:03	first assignment	2026-06-18 20:17:03	splitless
CHEBI:16914	C7H6O3	OC(=O)c1ccccc1O	InChI=1S/C7H6O3/c8-6-4-2-1-3-5(6)7(9)10/h1-4,8H,(H,9,10)	Salicylic acid		90:336 95:278 119:299 126:252 137:266 150:390 181:336 194:340 195:265 210:361 211:327 249:333 251:215 265:222	Salicylic acid (2TMS)		1508.99	NCBITAXON:http://purl.bioontology.org/ontology/NCBITAXON/4530	Oryza sativa	Golm		MSI:2		tagfinder; manual supervised	967					RM0136132	not found	2026-06-18 20:17:03	first assignment	2026-06-18 20:17:03	splitless
CHEBI:16119	C7H10O5	O[C@@H]1CC(=C[C@@H](O)[C@H]1O)C(O)=O	InChI=1S/C7H10O5/c8-4-1-3(7(11)12)2-5(9)6(4)10/h1,4-6,8-10H,2H2,(H,11,12)/t4-,5-,6-/m1/s1	Shikimic acid		125:178 239:228 254:384 282:274 331:171 372:257	Shikimic acid (4TMS)		1794.9	NCBITAXON:http://purl.bioontology.org/ontology/NCBITAXON/4530	Oryza sativa	Golm		MSI:2		tagfinder; manual supervised	967					RM0136206	not found	2026-06-18 20:17:03	first assignment	2026-06-18 20:17:03	splitless
CHEBI:15741	C4H6O4	OC(=O)CCC(O)=O	InChI=1S/C4H6O4/c5-3(6)1-2-4(7)8/h1-2H2,(H,5,6)(H,7,8)	Succinic acid		145:569 150:812 172:3582 173:1942 174:407 218:617 247:5832 248:1227 249:585	Succinic acid (2TMS)		1309.7	NCBITAXON:http://purl.bioontology.org/ontology/NCBITAXON/4530	Oryza sativa	Golm		MSI:2		tagfinder; manual supervised	994					RM0134982	not found	2026-06-18 20:17:03	first assignment	2026-06-18 20:17:03	splitless
CHEBI:30816	C8H8O4	COc1cc(ccc1O)C(O)=O	InChI=1S/C8H8O4/c1-12-7-4-5(8(10)11)2-3-6(7)9/h2-4,9H,1H3,(H,10,11)	Vanillic acid		223:346 253:278 267:397 282:217 297:413 312:219	Vanillic acid (2TMS)		1764.27	NCBITAXON:http://purl.bioontology.org/ontology/NCBITAXON/4530	Oryza sativa	Golm		MSI:2		tagfinder; manual supervised	996					RM0040767	not found	2026-06-18 20:17:03	first assignment	2026-06-18 20:17:03	splitless
CHEBI:37024	C6H11NO4	NC(CCCC(O)=O)C(O)=O	InChI=1S/C6H11NO4/c7-4(6(10)11)2-1-3-5(8)9/h4H,1-3,7H2,(H,8,9)(H,10,11)	Adipic acid, 2-amino-		154:245 260:1352 261:455 262:233 272:207 288:139	Adipic acid, 2-amino- (3TMS)		1709.22	NCBITAXON:http://purl.bioontology.org/ontology/NCBITAXON/4530	Oryza sativa	Golm		MSI:2		tagfinder; manual supervised	982						failed	2026-06-18 20:17:03	not found	2026-06-18 20:17:03	splitless
CHEBI:132546	C4H6N2O2	C(C#N)C(C(=O)O)N	InChI=1S/C4H6N2O2/c5-2-1-3(6)4(7)8/h3H,1,6H2,(H,7,8)	Alanine, 3-cyano-		125:553 140:259 141:17739 142:3838 153:438 174:255 203:649 204:333 215:1592 216:480 218:589 243:857 244:273	Alanine, 3-cyano- (2TMS)		1369.35	NCBITAXON:http://purl.bioontology.org/ontology/NCBITAXON/4530	Oryza sativa	Golm		MSI:2		tagfinder; manual supervised	993						failed	2026-06-18 20:17:03	not found	2026-06-18 20:17:03	splitless
CHEBI:16958	C3H7NO2	NCCC(O)=O	InChI=1S/C3H7NO2/c4-2-1-3(5)6/h1-2,4H2,(H,5,6)	Alanine, beta-		249:325 250:226 290:272	Alanine, beta- (3TMS)		1422.91	NCBITAXON:http://purl.bioontology.org/ontology/NCBITAXON/4530	Oryza sativa	Golm		MSI:2		tagfinder; manual supervised	990						not found	2026-06-18 20:17:03	not found	2026-06-18 20:17:03	splitless
CHEBI:22653	C4H8N2O3	NC(CC(N)=O)C(O)=O	InChI=1S/C4H8N2O3/c5-2(4(8)9)1-3(6)7/h2H,1,5H2,(H2,6,7)(H,8,9)	Asparagine		120:363 136:328 138:141 139:478 151:427 153:820 162:326 164:314 165:206 167:171 178:206 179:139 180:128 181:128 182:167 183:233 184:356 185:338 186:431 187:321 192:508 193:210 194:161 195:153 196:149 197:309 198:350 199:1593 200:644 203:1792 208:214 209:149 210:138 211:243 215:4663 216:2260 220:1337 222:180 225:229 227:380 228:380 229:1231 234:780 241:612 242:1015 243:3345 244:1212 256:162 259:3220 260:1386 261:308 266:129 277:118 287:153 292:470 294:135 302:134 305:400 315:255 316:2198 317:917 318:459 319:161 333:2753 334:1137 335:810 348:3434 349:1256 350:657 351:177	Asparagine (3TMS)		1670	NCBITAXON:http://purl.bioontology.org/ontology/NCBITAXON/4530	Oryza sativa	Golm		MSI:2		tagfinder; manual supervised	937				CHEBI:22653	RM0135724	first assignment	2026-06-18 20:17:03	first assignment	2026-06-18 20:17:03	splitless
CHEBI:22660	C4H7NO4	NC(CC(O)=O)C(O)=O	InChI=1S/C4H7NO4/c5-2(4(8)9)1-3(6)7/h2H,1,5H2,(H,6,7)(H,8,9)	Aspartic acid		150:913 163:3600 174:2399 175:747 177:1075 188:9055 205:832 207:455 214:334 215:404 216:3559 218:12826 220:1466 234:6264	Aspartic acid (3TMS)		1511.82	NCBITAXON:http://purl.bioontology.org/ontology/NCBITAXON/4530	Oryza sativa	Golm		MSI:2		tagfinder; manual supervised	993					RM0135905	not found	2026-06-18 20:17:03	first assignment	2026-06-18 20:17:03	splitless
CHEBI:16865	C4H9NO2	NCCCC(O)=O	InChI=1S/C4H9NO2/c5-3-1-2-4(6)7/h1-3,5H2,(H,6,7)	Butanoic acid, 4-amino-		174:48723 175:9160 176:4065 216:3892	Butanoic acid, 4-amino- (3TMS)		1525.19	NCBITAXON:http://purl.bioontology.org/ontology/NCBITAXON/4530	Oryza sativa	Golm		MSI:2		tagfinder; manual supervised	999						failed	2026-06-18 20:17:03	not found	2026-06-18 20:17:03	splitless
CHEBI:36592	C4H7NO	O=C1CCCN1	InChI=1S/C4H7NO/c6-4-2-1-3-5-4/h1-3H2,(H,5,6)	Butyro-1,4-lactam		142:1828 143:316 144:202 157:426	Butyro-1,4-lactam (1TMS)		1143.03	NCBITAXON:http://purl.bioontology.org/ontology/NCBITAXON/4530	Oryza sativa	Golm		MSI:2		tagfinder; manual supervised	994						failed	2026-06-18 20:17:03	not found	2026-06-18 20:17:03	splitless
CHEBI:16586	C6H13NO2	NCCCCCC(O)=O	InChI=1S/C6H13NO2/c7-5-3-1-2-4-6(8)9/h1-5,7H2,(H,8,9)	Caproic acid, 6-amino-		85:932 86:13879 87:1613 88:868 94:377 95:218 96:15190 97:1384 98:495 99:775 101:822 102:1445 112:464 113:484 114:513 115:523 116:539 117:614 118:253 119:302 126:335 128:312 130:2550 131:1123 132:663 134:314 135:188 140:996 141:255 142:397 144:310 146:1197 158:479 159:280 160:221 162:220 168:1157 169:190 170:853 171:282 172:811 174:38152 175:7855 176:3585 177:446 184:409 200:410 242:742 332:1077 333:324	Caproic acid, 6-amino- (3TMS)		1722.96	NCBITAXON:http://purl.bioontology.org/ontology/NCBITAXON/4530	Oryza sativa	Golm		MSI:2		tagfinder; manual supervised	998						failed	2026-06-18 20:17:03	not found	2026-06-18 20:17:03	splitless
CHEBI:15356	C3H7NO2S	NC(CS)C(O)=O	InChI=1S/C3H7NO2S/c4-2(1-7)3(5)6/h2,7H,1,4H2,(H,5,6)	Cysteine		146:151 204:152 219:232 221:268 222:187	Cysteine (3TMS)		1550.76	NCBITAXON:http://purl.bioontology.org/ontology/NCBITAXON/4530	Oryza sativa	Golm		MSI:2		tagfinder; manual supervised	968				CHEBI:15356	RM0129784	first assignment	2026-06-18 20:17:03	first assignment	2026-06-18 20:17:03	splitless
CHEBI:18237	C5H9NO4	NC(CCC(O)=O)C(O)=O	InChI=1S/C5H9NO4/c6-3(5(9)10)1-2-4(7)8/h3H,1-2,6H2,(H,7,8)(H,9,10)	Glutamic acid		320:1396 321:510 322:292 348:5556 349:1829 350:968 351:286 363:2438 364:882 365:483 366:173	Glutamic acid (3TMS)		1615.7	NCBITAXON:http://purl.bioontology.org/ontology/NCBITAXON/4530	Oryza sativa	Golm		MSI:2		tagfinder; manual supervised	992					RM0135893	not found	2026-06-18 20:17:03	first assignment	2026-06-18 20:17:03	splitless
CHEBI:28300	C5H10N2O3	NC(CCC(N)=O)C(O)=O	InChI=1S/C5H10N2O3/c6-3(5(9)10)1-2-4(7)8/h3H,1-2,6H2,(H2,7,8)(H,9,10)	Glutamine		183:920 187:382 188:4057 190:468 202:960 203:5662 204:1667 212:411 213:1161 214:746 215:552 216:1511 218:1857 220:718 222:418 227:3175 228:1570 229:7823 230:3227 231:1268 232:1820 233:677 239:316 240:306 241:416 242:246 244:1228 245:24547 248:798 257:1269 258:1151 259:503 272:1398 273:2587 274:809 301:2540	Glutamine, DL- (3TMS)		1769.96	NCBITAXON:http://purl.bioontology.org/ontology/NCBITAXON/4530	Oryza sativa	Golm		MSI:2		tagfinder; manual supervised	956				CHEBI:28300	RM0012560	first assignment	2026-06-18 20:17:03	first assignment	2026-06-18 20:17:03	splitless
CHEBI:15428	C2H5NO2	NCC(O)=O	InChI=1S/C2H5NO2/c3-1-2(4)5/h1,3H2,(H,4,5)	Glycine		174:41228 175:7761 176:3502 177:863 246:705 248:8409 249:2351 250:1225 251:339 276:2439 277:762 278:460	Glycine (3TMS)		1304.85	NCBITAXON:http://purl.bioontology.org/ontology/NCBITAXON/4530	Oryza sativa	Golm		MSI:2		tagfinder; manual supervised	999				CHEBI:15428	RM0135888	first assignment	2026-06-18 20:17:03	first assignment	2026-06-18 20:17:03	splitless
CHEBI:24898	C6H13NO2			Isoleucine		128:663 158:18025 159:2845 160:1044 170:464 176:172 203:306 218:2896 219:719 220:396 232:858 233:374 246:168	Isoleucine (2TMS)		1288.15	NCBITAXON:http://purl.bioontology.org/ontology/NCBITAXON/4530	Oryza sativa	Golm		MSI:2		tagfinder; manual supervised	999				CHEBI:24898	RM0134975	first assignment	2026-06-18 20:17:03	first assignment	2026-06-18 20:17:03	splitless
CHEBI:25017	C6H13NO2	CC(C)CC(N)C(O)=O	InChI=1S/C6H13NO2/c1-4(2)3-5(7)6(8)9/h4-5H,3,7H2,1-2H3,(H,8,9)	Leucine		87:621 128:180 144:139 146:319 170:258 171:201	Leucine (1TMS)		1148.22	NCBITAXON:http://purl.bioontology.org/ontology/NCBITAXON/4530	Oryza sativa	Golm		MSI:2		tagfinder; manual supervised	977				CHEBI:25017	RM0136379	first assignment	2026-06-18 20:17:03	first assignment	2026-06-18 20:17:03	splitless
CHEBI:16811	C5H11NO2S	CSCCC(N)C(O)=O	InChI=1S/C5H11NO2S/c1-9-3-2-4(6)5(7)8/h4H,2-3,6H2,1H3,(H,7,8)	Methionine		106:154 126:151 159:154 176:2539 179:168 219:438 220:183 250:315 251:169 252:150 293:279 294:158	Methionine (2TMS)		1516.38	NCBITAXON:http://purl.bioontology.org/ontology/NCBITAXON/4530	Oryza sativa	Golm		MSI:2		tagfinder; manual supervised	985				CHEBI:16811	RM0161726	first assignment	2026-06-18 20:17:03	first assignment	2026-06-18 20:17:03	splitless
CHEBI:87757	C3H5NO4	OC(=O)CNC(O)=O	InChI=1S/C3H5NO4/c5-2(6)1-4-3(7)8/h4H,1H2,(H,5,6)(H,7,8)	N-Carboxyglycine		86:1580 174:977 218:1913 219:530 220:291 292:491 293:234 320:666	N-Carboxyglycine (3TMS)		1462.58	NCBITAXON:http://purl.bioontology.org/ontology/NCBITAXON/4530	Oryza sativa	Golm		MSI:2		tagfinder; manual supervised	923						not found	2026-06-18 20:17:03	not found	2026-06-18 20:17:03	splitless
CHEBI:28044	C9H11NO2	NC(Cc1ccccc1)C(O)=O	InChI=1S/C9H11NO2/c10-8(9(11)12)6-7-4-2-1-3-5-7/h1-5,8H,6,10H2,(H,11,12)	Phenylalanine		161:290 162:297 163:414 176:383 177:451 192:4261 194:499 219:1533 220:1108 266:733	Phenylalanine (2TMS)		1629.6	NCBITAXON:http://purl.bioontology.org/ontology/NCBITAXON/4530	Oryza sativa	Golm		MSI:2		tagfinder; manual supervised	977				CHEBI:28044	RM0135897	first assignment	2026-06-18 20:17:03	first assignment	2026-06-18 20:17:03	splitless
CHEBI:26271	C5H9NO2	OC(=O)C1CCCN1	InChI=1S/C5H9NO2/c7-5(8)4-2-1-3-6-4/h4,6H,1-3H2,(H,7,8)	Proline		142:67891 143:9454 170:1480	Proline (2TMS)		1301.32	NCBITAXON:http://purl.bioontology.org/ontology/NCBITAXON/4530	Oryza sativa	Golm		MSI:2		tagfinder; manual supervised	999				CHEBI:26271	RM0135899	first assignment	2026-06-18 20:17:03	first assignment	2026-06-18 20:17:03	splitless
CHEBI:16010	C5H7NO3	OC(=O)C1CCC(=O)N1	InChI=1S/C5H7NO3/c7-4-2-1-3(6-4)5(8)9/h3H,1-2H2,(H,6,7)(H,8,9)	Pyroglutamic acid		140:5267 156:178370 157:23853 158:8206	Pyroglutamic acid (2TMS)		1523.02	NCBITAXON:http://purl.bioontology.org/ontology/NCBITAXON/4530	Oryza sativa	Golm		MSI:2		tagfinder; manual supervised	999					RM0135924	not found	2026-06-18 20:17:03	first assignment	2026-06-18 20:17:03	splitless
CHEBI:18237	C5H9NO4	NC(CCC(O)=O)C(O)=O	InChI=1S/C5H9NO4/c6-3(5(9)10)1-2-4(7)8/h3H,1-2,6H2,(H,7,8)(H,9,10)	Glutamic acid		140:5267 156:178370 157:23853 158:8206	Pyroglutamic acid (2TMS)		1523.02	NCBITAXON:http://purl.bioontology.org/ontology/NCBITAXON/4530	Oryza sativa	Golm		MSI:2		tagfinder; manual supervised	999					RM0135893	not found	2026-06-18 20:17:03	first assignment	2026-06-18 20:17:03	splitless
CHEBI:28300	C5H10N2O3	NC(CCC(N)=O)C(O)=O	InChI=1S/C5H10N2O3/c6-3(5(9)10)1-2-4(7)8/h3H,1-2,6H2,(H2,7,8)(H,9,10)	Glutamine		140:5267 156:178370 157:23853 158:8206	Pyroglutamic acid (2TMS)		1523.02	NCBITAXON:http://purl.bioontology.org/ontology/NCBITAXON/4530	Oryza sativa	Golm		MSI:2		tagfinder; manual supervised	999				CHEBI:28300	RM0012560	first assignment	2026-06-18 20:17:03	first assignment	2026-06-18 20:17:03	splitless
CHEBI:17822	C3H7NO3	NC(CO)C(O)=O	InChI=1S/C3H7NO3/c4-2(1-5)3(6)7/h2,5H,1,4H2,(H,6,7)	Serine		153:130 168:123 194:158 196:176 197:172 198:187 199:183 201:151 221:1017 222:504 233:284 234:182 248:125 260:203 262:429 263:161 264:127 276:140 277:148 278:5063 279:2326 280:1270 281:354 282:147 290:136 291:184 304:129 305:138 306:3392 307:1159 308:650 309:197	Serine (3TMS)		1351.95	NCBITAXON:http://purl.bioontology.org/ontology/NCBITAXON/4530	Oryza sativa	Golm		MSI:2		tagfinder; manual supervised	976				CHEBI:17822	RM0032433	first assignment	2026-06-18 20:17:03	first assignment	2026-06-18 20:17:03	splitless
CHEBI:26986	C4H9NO3	CC(O)C(N)C(O)=O	InChI=1S/C4H9NO3/c1-2(6)3(5)4(7)8/h2-3,6H,5H2,1H3,(H,7,8)	Threonine		117:22434 118:3426 128:7716 129:8589 131:4429 132:4893 142:357 144:991 146:861 156:417 158:1003 159:1643 160:1443 161:524 172:713 174:1006 175:332 176:510 186:825 187:303 188:636 202:2988 203:3309 204:1401 205:598 216:396 218:17428 219:16636 220:4680 221:2207 222:538 230:836 291:4882 292:3481 293:1442 294:616 320:977	Threonine (3TMS)		1376.82	NCBITAXON:http://purl.bioontology.org/ontology/NCBITAXON/4530	Oryza sativa	Golm		MSI:2		tagfinder; manual supervised	984				CHEBI:26986	RM0135900	first assignment	2026-06-18 20:17:03	first assignment	2026-06-18 20:17:03	splitless
CHEBI:18186	C9H11NO3	NC(Cc1ccc(O)cc1)C(O)=O	InChI=1S/C9H11NO3/c10-8(9(12)13)5-6-1-3-7(11)4-2-6/h1-4,8,11H,5,10H2,(H,12,13)	Tyrosine		165:606 179:1300 180:748 218:11491 265:405 280:2155 281:712 282:312 354:683 355:338 382:315	Tyrosine (3TMS)		1935.27	NCBITAXON:http://purl.bioontology.org/ontology/NCBITAXON/4530	Oryza sativa	Golm		MSI:2		tagfinder; manual supervised	993				CHEBI:18186	RM0135896	first assignment	2026-06-18 20:17:03	first assignment	2026-06-18 20:17:03	splitless
CHEBI:17597	C7H6O2	[H]C(=O)c1ccc(O)cc1	InChI=1S/C7H6O2/c8-5-6-1-3-7(9)4-2-6/h1-5,9H	4-Hydroxybenzaldehyde		90:174 120:157 150:323 151:165 176:417 178:197 192:205 193:136 208:374 209:179 223:405 224:229 225:135	4-Hydroxybenzaldehyde  (1MeOX)(1TMS)		1498.8	NCBITAXON:http://purl.bioontology.org/ontology/NCBITAXON/4530	Oryza sativa	Golm		MSI:2		tagfinder; manual supervised	855					RM0042689	not found	2026-06-18 20:17:03	first assignment	2026-06-18 20:17:03	splitless
CHEBI:15756	C16H32O2	CCCCCCCCCCCCCCCC(O)=O	InChI=1S/C16H32O2/c1-2-3-4-5-6-7-8-9-10-11-12-13-14-15-16(17)18/h2-15H2,1H3,(H,17,18)	Hexadecanoic acid		86:678 93:1118 95:3018 96:466 97:2688 98:2038 105:1565 109:1019 111:1182 112:574 116:2761 117:43549 118:4308 119:1910 121:474 129:19436 130:2545 131:7797 132:16588 145:9351 146:1304 159:1059 171:908 185:1190 187:874 201:1915 269:499 313:6981	Hexadecanoic acid (1TMS)		2045.58	NCBITAXON:http://purl.bioontology.org/ontology/NCBITAXON/4530	Oryza sativa	Golm		MSI:2		tagfinder; manual supervised	993					RM0153571	failed	2026-06-18 20:17:03	first assignment	2026-06-18 20:17:03	splitless
CHEBI:28842	C18H36O2	C(CCCCCCCCCC)CCCCCCC(=O)O	InChI=1S/C18H36O2/c1-2-3-4-5-6-7-8-9-10-11-12-13-14-15-16-17-18(19)20/h2-17H2,1H3,(H,19,20)	Octadecanoic acid		85:1487 89:1167 91:436 93:951 95:2450 96:394 97:2334 98:1841 99:1032 105:1171 107:534 109:843 111:1159 112:533 115:381 116:2138 117:35004 118:3462 119:1543 121:477 123:291 125:309 129:15693 130:2090 131:5820 132:14200 134:776 135:386 143:1474 145:8707 146:1222 159:948 171:749 185:1090 187:741 199:282 201:1914 257:446	Octadecanoic acid (1TMS)		2242.41	NCBITAXON:http://purl.bioontology.org/ontology/NCBITAXON/4530	Oryza sativa	Golm		MSI:2		tagfinder; manual supervised	999					RM0153574	failed	2026-06-18 20:17:03	first assignment	2026-06-18 20:17:03	splitless
CHEBI:138264	[13C]6H14O6	[13CH2]([13C@H]([13C@H]([13C@H]([13C@H]([13CH2]O)O)O)O)O)O	InChI=1S/C6H14O6/c7-1-3(9)5(11)6(12)4(10)2-8/h3-12H,1-2H2/t3-,4+,5-,6+/i1+1,2+1,3+1,4+1,5+1,6+1	Sorbitol, U-13C-		164:1015 178:944 192:9069 193:2386 206:12086 207:41191 208:7728 209:3423 220:40538 221:10244 222:4307 223:908 233:4764 234:1683 235:3969 236:789 237:403 248:565 251:400 261:1844 264:1315 266:734 279:2420 280:1134 281:524 294:1843 295:540 309:1936 310:7045 311:1945 312:990 322:1818 323:30823 324:8335 325:4265 326:851 336:2257 337:668 351:1499 352:417 425:626 426:945	Sorbitol, U-13C- (6TMS)		1920.3	NCBITAXON:http://purl.bioontology.org/ontology/NCBITAXON/4530	Oryza sativa	Golm		MSI:2		tagfinder; manual supervised	996						failed	2026-06-18 20:17:03	not found	2026-06-18 20:17:03	splitless
CHEBI:41808	C10H22	CCCCCCCCCC	InChI=1S/C10H22/c1-3-5-7-9-10-8-6-4-2/h3-10H2,1-2H3	Decane, n-		85:30073 98:7212 99:8708 112:2321	Decane, n-		1000	NCBITAXON:http://purl.bioontology.org/ontology/NCBITAXON/4530	Oryza sativa	Golm		MSI:2		tagfinder; manual supervised	998						not found	2026-06-18 20:17:03	not found	2026-06-18 20:17:03	splitless
CHEBI:46050	C22H46	CCCCCCCCCCCCCCCCCCCCCC	InChI=1S/C22H46/c1-3-5-7-9-11-13-15-17-19-21-22-20-18-16-14-12-10-8-6-4-2/h3-22H2,1-2H3	Docosane, n-		86:4374 95:795 96:2971 97:11034 98:5776 99:24343 100:1910 110:1616 111:5470 112:4064 113:14494 114:1289 124:863 125:2618 126:3056 127:9181 128:979 138:473 139:1030 140:2312 141:5913 142:687 153:504 154:1769 155:4011 156:519 168:1335 169:2720 182:1004 183:1896 196:745 197:1350 210:560 225:778	Docosane, n-		2200	NCBITAXON:http://purl.bioontology.org/ontology/NCBITAXON/4530	Oryza sativa	Golm		MSI:2		tagfinder; manual supervised	999						failed	2026-06-18 20:17:03	not found	2026-06-18 20:17:03	splitless
CHEBI:28817	C12H26	CCCCCCCCCCCC	InChI=1S/C12H26/c1-3-5-7-9-11-12-10-8-6-4-2/h3-12H2,1-2H3	Dodecane, n-		85:44762 86:3070 96:546 97:2177 98:8780 99:8814 111:551 112:5170 113:5304 114:447 126:2210 127:3548 128:381 140:833 141:1588 170:3386	Dodecane, n-		1200.01	NCBITAXON:http://purl.bioontology.org/ontology/NCBITAXON/4530	Oryza sativa	Golm		MSI:2		tagfinder; manual supervised	999						not found	2026-06-18 20:17:03	not found	2026-06-18 20:17:03	splitless
CHEBI:36020	C32H66	CCCCCCCCCCCCCCCCCCCCCCCCCCCCCCCC	InChI=1S/C32H66/c1-3-5-7-9-11-13-15-17-19-21-23-25-27-29-31-32-30-28-26-24-22-20-18-16-14-12-10-8-6-4-2/h3-32H2,1-2H3	Dotriacontane, n-		86:1435 95:534 96:1483 97:5825 98:1843 99:8332 100:675 110:774 111:2959 112:1313 113:5163 114:463 124:515 125:1536 126:987 127:3417 128:373 138:342 139:735 140:738 141:2316 142:282 153:426 154:579 155:1689 167:283 168:441 169:1239 182:341 183:913 197:677 211:530 225:402	Dotriacontane, n-		3200	NCBITAXON:http://purl.bioontology.org/ontology/NCBITAXON/4530	Oryza sativa	Golm		MSI:2		tagfinder; manual supervised	997						failed	2026-06-18 20:17:03	not found	2026-06-18 20:17:03	splitless
CHEBI:72688	C36H74	CCCCCCCCCCCCCCCCCCCCCCCCCCCCCCCCCCCC	InChI=1S/C36H74/c1-3-5-7-9-11-13-15-17-19-21-23-25-27-29-31-33-35-36-34-32-30-28-26-24-22-20-18-16-14-12-10-8-6-4-2/h3-36H2,1-2H3	Hexatriacontane, n-		86:1533 95:678 96:1795 97:7148 98:2025 100:744 110:912 111:3677 112:1444 113:5720 114:540 124:659 125:1915 126:1085 127:3822 128:445 138:470 139:956 140:826 141:2608 142:351 152:313 153:589 154:659 155:1903 156:295 167:407 168:524 169:1402 181:294 182:426 183:1044 196:354 197:793 211:641 225:505 239:411 253:348	Hexatriacontane, n-		3600	NCBITAXON:http://purl.bioontology.org/ontology/NCBITAXON/4530	Oryza sativa	Golm		MSI:2		tagfinder; manual supervised	999						failed	2026-06-18 20:17:03	not found	2026-06-18 20:17:03	splitless
CHEBI:32927	C19H40	CCCCCCCCCCCCCCCCCCC	InChI=1S/C19H40/c1-3-5-7-9-11-13-15-17-19-18-16-14-12-10-8-6-4-2/h3-19H2,1-2H3	Nonadecane, n-		86:4812 96:2754 97:9141 98:6258 99:23356 110:1387 111:4811 112:4788 113:14525 125:2074 126:3820 127:9029 139:747 140:2700 141:5358 155:3653	Nonadecane, n-		1901.03	NCBITAXON:http://purl.bioontology.org/ontology/NCBITAXON/4530	Oryza sativa	Golm		MSI:2		tagfinder; manual supervised	999						failed	2026-06-18 20:17:03	not found	2026-06-18 20:17:03	splitless
CHEBI:32943	C28H58	CCCCCCCCCCCCCCCCCCCCCCCCCCCC	InChI=1S/C28H58/c1-3-5-7-9-11-13-15-17-19-21-23-25-27-28-26-24-22-20-18-16-14-12-10-8-6-4-2/h3-28H2,1-2H3	Octacosane, n-		95:935 96:2770 97:10934 98:3991 99:18217 100:1459 110:1500 111:5569 112:2841 113:11250 114:1018 124:967 125:2811 126:2126 127:7372 128:789 138:602 139:1290 140:1619 141:4943 142:597 152:357 153:729 154:1270 155:3628 156:461 167:438 168:978 182:739 183:1881 196:570 197:1379 210:455 211:1066 225:796 239:599 253:461	Octacosane, n-		2800	NCBITAXON:http://purl.bioontology.org/ontology/NCBITAXON/4530	Oryza sativa	Golm		MSI:2		tagfinder; manual supervised	999						failed	2026-06-18 20:17:03	not found	2026-06-18 20:17:03	splitless
CHEBI:32926	C18H38	CCCCCCCCCCCCCCCCCC	InChI=1S/C18H38/c1-3-5-7-9-11-13-15-17-18-16-14-12-10-8-6-4-2/h3-18H2,1-2H3	Octadecane, n-		96:2580 97:9224 98:7251 99:25593 100:2059 110:1285 111:4333 112:5156 113:14124 114:1249 124:529 125:1861 126:3840 127:8244 128:881 139:591 140:2822 141:4852 142:549 154:2039 155:3128 168:1441 169:2142 182:970 183:1616 196:689 197:1215	Octadecane, n-		1800	NCBITAXON:http://purl.bioontology.org/ontology/NCBITAXON/4530	Oryza sativa	Golm		MSI:2		tagfinder; manual supervised	999						not found	2026-06-18 20:17:03	not found	2026-06-18 20:17:03	splitless
CHEBI:28897	C15H32	CCCCCCCCCCCCCCC	InChI=1S/C15H32/c1-3-5-7-9-11-13-15-14-12-10-8-6-4-2/h3-15H2,1-2H3	Pentadecane, n-		85:63152 86:4264 96:1546 97:5638 98:7359 99:17747 100:1472 110:624 111:2456 112:5152 113:8222 114:714 125:740 126:3638 127:4690 140:2401 141:3201 154:1533 155:2294 169:1256	Pentadecane, n-		1500	NCBITAXON:http://purl.bioontology.org/ontology/NCBITAXON/4530	Oryza sativa	Golm		MSI:2		tagfinder; manual supervised	999						not found	2026-06-18 20:17:03	not found	2026-06-18 20:17:03	splitless
unknown				A106004-101_D106098		85:3751 86:1589 90:447 95:188 96:1829 97:1479 99:2628 100:39162 110:2051 111:604 112:3682 114:4301 125:972 126:3407 127:1052 128:115716 130:8439 138:218 140:1095 141:566 142:12314 143:1888 144:545 154:8823 155:1284 156:29215 157:4666 158:1434 168:280 169:294 170:2168 171:21009 172:3308	D106098		1059.49	NCBITAXON:http://purl.bioontology.org/ontology/NCBITAXON/4530	Oryza sativa	Golm		MSI:2		tagfinder; manual supervised	992						failed	2026-06-18 20:17:03	not found	2026-06-18 20:17:03	splitless
unknown				A114012-101_Unknown#sst-cgl-D05		119:1620 130:444 146:1918	Unknown#sst-cgl-D05		1132.06	NCBITAXON:http://purl.bioontology.org/ontology/NCBITAXON/4530	Oryza sativa	Golm		MSI:2		tagfinder; manual supervised	904						failed	2026-06-18 20:17:03	not found	2026-06-18 20:17:03	splitless
unknown				A116012-101_D116201		86:1984 99:665 100:1849 113:404 126:612 132:585 140:607 146:382 174:3191 175:611 214:1326 229:424	D116201		1162.74	NCBITAXON:http://purl.bioontology.org/ontology/NCBITAXON/4530	Oryza sativa	Golm		MSI:2		tagfinder; manual supervised	999						failed	2026-06-18 20:17:03	not found	2026-06-18 20:17:03	splitless
unknown				A116014-101_Unknown#bth-pae-013		117:724 133:1095 177:463 191:1387 192:313 193:924 205:706 207:1672 208:383 249:1879 250:567 251:570 265:1804 266:593 267:451 281:9359 282:2744 283:1702 284:384 369:1680 370:691 371:439	Unknown#bth-pae-013		1148	NCBITAXON:http://purl.bioontology.org/ontology/NCBITAXON/4530	Oryza sativa	Golm		MSI:2		tagfinder; manual supervised	974						failed	2026-06-18 20:17:03	not found	2026-06-18 20:17:03	splitless
unknown				A118006-101		133:126 173:122 189:137 217:124 231:133	A118006-101		1186.4	NCBITAXON:http://purl.bioontology.org/ontology/NCBITAXON/4530	Oryza sativa	Golm		MSI:2		tagfinder; manual supervised	963						failed	2026-06-18 20:17:03	not found	2026-06-18 20:17:03	splitless
unknown				A124002-101		90:186 91:215 101:208 103:847 133:245	A124002-101		1222.25	NCBITAXON:http://purl.bioontology.org/ontology/NCBITAXON/4530	Oryza sativa	Golm		MSI:2		tagfinder; manual supervised	946						failed	2026-06-18 20:17:03	not found	2026-06-18 20:17:03	splitless
unknown				A137012-101_NA137012		128:2279 142:4483 156:2230 157:1908 158:816 167:448 183:550 185:466 187:172 256:435 257:4413 258:1309 259:611 271:553 272:3378 273:995 274:472	NA137012		1379.16	NCBITAXON:http://purl.bioontology.org/ontology/NCBITAXON/4530	Oryza sativa	Golm		MSI:2		tagfinder; manual supervised	971						failed	2026-06-18 20:17:03	not found	2026-06-18 20:17:03	splitless
unknown				A138009-101_Unknown#bth-pae-024		194:191 195:255 196:136 209:166 210:272 211:161 225:164 226:144 254:137 266:171 268:130 282:252 283:167 284:129 299:276 300:219 312:150 314:235 315:172 328:255 329:145 343:228 344:133	Unknown#bth-pae-024		1377.44	NCBITAXON:http://purl.bioontology.org/ontology/NCBITAXON/4530	Oryza sativa	Golm		MSI:2		tagfinder; manual supervised	871						failed	2026-06-18 20:17:03	not found	2026-06-18 20:17:03	splitless
unknown				A140003-101		143:765 144:229 145:199 233:249 234:295 306:308	A140003-101		1365.05	NCBITAXON:http://purl.bioontology.org/ontology/NCBITAXON/4530	Oryza sativa	Golm		MSI:2		tagfinder; manual supervised	974						failed	2026-06-18 20:17:03	not found	2026-06-18 20:17:03	splitless
unknown				A142003-101		102:840 103:1391 128:1598 133:354 144:1308 145:647 189:1061 203:611 205:1025 235:1118 236:651	A142003-101		1399.61	NCBITAXON:http://purl.bioontology.org/ontology/NCBITAXON/4530	Oryza sativa	Golm		MSI:2		tagfinder; manual supervised	934						failed	2026-06-18 20:17:03	not found	2026-06-18 20:17:03	splitless
unknown				A142016-101_Unknown#bth-pae-028		86:2021 101:592 117:692 133:751 174:1957 175:363 218:3088 219:628 231:453 306:576	Unknown#bth-pae-028		1414.32	NCBITAXON:http://purl.bioontology.org/ontology/NCBITAXON/4530	Oryza sativa	Golm		MSI:2		tagfinder; manual supervised	926						failed	2026-06-18 20:17:03	not found	2026-06-18 20:17:03	splitless
unknown				A143003-101		86:1736 100:995 102:802 154:1392 155:340 156:432 174:1928 175:351	A143003-101		1418.31	NCBITAXON:http://purl.bioontology.org/ontology/NCBITAXON/4530	Oryza sativa	Golm		MSI:2		tagfinder; manual supervised	972						failed	2026-06-18 20:17:03	not found	2026-06-18 20:17:03	splitless
unknown				A145008-101		87:386 131:410 133:403 350:414	A145008-101		1445.06	NCBITAXON:http://purl.bioontology.org/ontology/NCBITAXON/4530	Oryza sativa	Golm		MSI:2		tagfinder; manual supervised	877						failed	2026-06-18 20:17:03	not found	2026-06-18 20:17:03	splitless
unknown				A145015-101_NA145015		85:1107 87:1533 98:779 100:6047 102:3406 112:648 126:517 154:9197 155:3021 156:811 170:532 174:9922 175:1902 176:820 243:2405 244:630	NA145015		1455.55	NCBITAXON:http://purl.bioontology.org/ontology/NCBITAXON/4530	Oryza sativa	Golm		MSI:2		tagfinder; manual supervised	998						failed	2026-06-18 20:17:03	not found	2026-06-18 20:17:03	splitless
unknown				A145016-101_NA145016		103:5649 133:1974 134:366 142:862 163:569 173:2325 189:278 191:1070 192:268 198:221 202:409 216:308 262:463	NA145016		1456.05	NCBITAXON:http://purl.bioontology.org/ontology/NCBITAXON/4530	Oryza sativa	Golm		MSI:2		tagfinder; manual supervised	996						failed	2026-06-18 20:17:03	not found	2026-06-18 20:17:03	splitless
unknown				A147011-101_NA147011		104:673 116:372 142:660 144:718 172:1449 173:1773 174:473 189:519 191:761 201:388 202:368 262:1002 263:292 288:242	NA147011		1466.09	NCBITAXON:http://purl.bioontology.org/ontology/NCBITAXON/4530	Oryza sativa	Golm		MSI:2		tagfinder; manual supervised	985						failed	2026-06-18 20:17:03	not found	2026-06-18 20:17:03	splitless
unknown				A148006-101		143:353 146:344 159:330 161:365 162:555 163:544 187:575 206:311 217:661 235:482 261:279	A148006-101		1467.49	NCBITAXON:http://purl.bioontology.org/ontology/NCBITAXON/4530	Oryza sativa	Golm		MSI:2		tagfinder; manual supervised	993						failed	2026-06-18 20:17:03	not found	2026-06-18 20:17:03	splitless
unknown				A155004-101		191:402 203:391 219:5068 220:1096 221:645 231:427 277:345 321:345	A155004-101		1541.41	NCBITAXON:http://purl.bioontology.org/ontology/NCBITAXON/4530	Oryza sativa	Golm		MSI:2		tagfinder; manual supervised	998						failed	2026-06-18 20:17:03	not found	2026-06-18 20:17:03	splitless
unknown				A157008-101_similar to Asparagine Derivate		162:1067 218:1380 219:318 261:779	similar to Asparagine Derivate		1557.45	NCBITAXON:http://purl.bioontology.org/ontology/NCBITAXON/4530	Oryza sativa	Golm		MSI:2		tagfinder; manual supervised	965						failed	2026-06-18 20:17:03	not found	2026-06-18 20:17:03	splitless
unknown				A157012-101_similar to Asparagine Derivate		141:856 144:213 162:1533 163:350 218:1219 220:297 261:1325 262:338	similar to Asparagine Derivate		1580.81	NCBITAXON:http://purl.bioontology.org/ontology/NCBITAXON/4530	Oryza sativa	Golm		MSI:2		tagfinder; manual supervised	839						failed	2026-06-18 20:17:03	not found	2026-06-18 20:17:03	splitless
unknown				A159003-101		163:1183 169:474 175:1151 176:327 177:774 190:471 191:3508 192:765 193:495 205:11497 206:2237 207:1383 208:333 215:412 221:1730 222:531 223:348 231:2860 232:738 233:1026 234:6030 235:1330 236:677 277:554 291:653 305:775 306:7349 307:2453 308:1203 309:390 321:478 333:526 393:561	A159003-101		1573.89	NCBITAXON:http://purl.bioontology.org/ontology/NCBITAXON/4530	Oryza sativa	Golm		MSI:2		tagfinder; manual supervised	990						failed	2026-06-18 20:17:03	not found	2026-06-18 20:17:03	splitless
unknown				A160001-101_NA160001		97:185 292:289 305:185	NA160001		1590.41	NCBITAXON:http://purl.bioontology.org/ontology/NCBITAXON/4530	Oryza sativa	Golm		MSI:2		tagfinder; manual supervised	933						failed	2026-06-18 20:17:03	not found	2026-06-18 20:17:03	splitless
unknown				A160018-101_Unknown#sst-cgl-037		110:170 126:192 166:289 181:193 212:240 256:222 271:303 301:160	Unknown#sst-cgl-037		1595.97	NCBITAXON:http://purl.bioontology.org/ontology/NCBITAXON/4530	Oryza sativa	Golm		MSI:2		tagfinder; manual supervised	860						failed	2026-06-18 20:17:03	not found	2026-06-18 20:17:03	splitless
unknown				A167004-101		127:404 155:582 275:953 276:331	A167004-101		1657.96	NCBITAXON:http://purl.bioontology.org/ontology/NCBITAXON/4530	Oryza sativa	Golm		MSI:2		tagfinder; manual supervised	946						failed	2026-06-18 20:17:03	not found	2026-06-18 20:17:03	splitless
unknown				A168017-101_similar to NA (Ribulose like)		201:143 244:183 274:155	similar to NA (Ribulose like)		1688.87	NCBITAXON:http://purl.bioontology.org/ontology/NCBITAXON/4530	Oryza sativa	Golm		MSI:2		tagfinder; manual supervised	995						failed	2026-06-18 20:17:03	not found	2026-06-18 20:17:03	splitless
unknown				A170001-101_NA170001		191:417 206:271 229:346 277:287 305:184 306:337 308:437 309:268 320:391	NA170001		1686.07	NCBITAXON:http://purl.bioontology.org/ontology/NCBITAXON/4530	Oryza sativa	Golm		MSI:2		tagfinder; manual supervised	975						failed	2026-06-18 20:17:03	not found	2026-06-18 20:17:03	splitless
unknown				A171003-101		102:879 114:591 127:573 128:1090 142:740 144:656 145:612 146:317 155:1043 156:937 171:1119 174:475 244:532 272:575 275:1384 276:530	A171003-101		1691.65	NCBITAXON:http://purl.bioontology.org/ontology/NCBITAXON/4530	Oryza sativa	Golm		MSI:2		tagfinder; manual supervised	882						failed	2026-06-18 20:17:03	not found	2026-06-18 20:17:03	splitless
unknown				A174001-101_NA174001		176:589 178:430 179:340 202:482 205:41089 206:8049 207:6055 208:1209 209:687 216:926 217:44033 218:8743 219:4277 220:858 223:1140 229:2209 230:892 231:2165 232:4473 233:1553 234:793 235:523 244:1134 245:2944 246:932 247:595 258:832 259:578 263:402 265:563 277:785 306:2180	NA174001		1730.04	NCBITAXON:http://purl.bioontology.org/ontology/NCBITAXON/4530	Oryza sativa	Golm		MSI:2		tagfinder; manual supervised	994						failed	2026-06-18 20:17:03	not found	2026-06-18 20:17:03	splitless
unknown				A174005-101		89:7993 104:387 105:1001 114:636 118:314 119:448 126:723 130:392 134:471 145:1033 154:778 158:385 159:391 161:679 163:1714 164:333 170:306 172:1285 177:406 198:363 200:356 214:387 244:401 249:380 276:909 302:1381 303:445	A174005-101		1725.13	NCBITAXON:http://purl.bioontology.org/ontology/NCBITAXON/4530	Oryza sativa	Golm		MSI:2		tagfinder; manual supervised	987						failed	2026-06-18 20:17:03	not found	2026-06-18 20:17:03	splitless
unknown				A175008-101		126:1415 140:770 154:1664 163:2907 164:546 170:647 172:1410 188:650 198:699 200:560 202:541 214:739 228:871 276:2265 302:3388 303:1004 304:634 392:2621 393:1011 394:569	A175008-101		1749.85	NCBITAXON:http://purl.bioontology.org/ontology/NCBITAXON/4530	Oryza sativa	Golm		MSI:2		tagfinder; manual supervised	905						failed	2026-06-18 20:17:03	not found	2026-06-18 20:17:03	splitless
unknown				A176001-101_NA176001		144:187 145:208 158:219 190:248 192:212 218:461 219:415 220:221 245:316 277:362 293:483 294:394 305:289 306:188 307:532 308:353 309:206 319:308 333:877 334:451 335:358 393:205	NA176001		1741.14	NCBITAXON:http://purl.bioontology.org/ontology/NCBITAXON/4530	Oryza sativa	Golm		MSI:2		tagfinder; manual supervised	889						failed	2026-06-18 20:17:03	not found	2026-06-18 20:17:03	splitless
unknown				A178003-101		159:763 199:541 258:441 289:535 379:405	A178003-101		1762.54	NCBITAXON:http://purl.bioontology.org/ontology/NCBITAXON/4530	Oryza sativa	Golm		MSI:2		tagfinder; manual supervised	976						failed	2026-06-18 20:17:03	not found	2026-06-18 20:17:03	splitless
unknown				A179010-101		243:145 271:126 305:167 331:169 334:138 335:119 348:130 437:136	A179010-101		1775.11	NCBITAXON:http://purl.bioontology.org/ontology/NCBITAXON/4530	Oryza sativa	Golm		MSI:2		tagfinder; manual supervised	884						failed	2026-06-18 20:17:03	not found	2026-06-18 20:17:03	splitless
unknown				A180002-101_similar to Fructose Derivate		85:233 118:194 127:237 132:204 140:177 144:198 145:212 150:184 151:194 177:248 193:204 207:256 215:511 216:226 218:533 229:273 230:446 231:354 243:233 257:335 259:229 291:253 303:336 304:180 305:240 319:335 347:279 437:652 438:416 439:293	similar to Fructose Derivate		1788.6	NCBITAXON:http://purl.bioontology.org/ontology/NCBITAXON/4530	Oryza sativa	Golm		MSI:2		tagfinder; manual supervised	802						failed	2026-06-18 20:17:03	not found	2026-06-18 20:17:03	splitless
unknown				A181001-101_NA181001		277:354 292:1534 293:533 294:382 305:523 333:1576 334:564 335:402	NA181001		1792.41	NCBITAXON:http://purl.bioontology.org/ontology/NCBITAXON/4530	Oryza sativa	Golm		MSI:2		tagfinder; manual supervised	990						failed	2026-06-18 20:17:03	not found	2026-06-18 20:17:03	splitless
unknown				A182009-101_similar to Fructose Derivate		218:2277 265:303 321:700 436:314	similar to Fructose Derivate		1803.59	NCBITAXON:http://purl.bioontology.org/ontology/NCBITAXON/4530	Oryza sativa	Golm		MSI:2		tagfinder; manual supervised	987						failed	2026-06-18 20:17:03	not found	2026-06-18 20:17:03	splitless
unknown				A192014-101		242:2431 298:713 299:227 315:245 388:230 389:774 390:321	A192014-101		1909.34	NCBITAXON:http://purl.bioontology.org/ontology/NCBITAXON/4530	Oryza sativa	Golm		MSI:2		tagfinder; manual supervised	993						failed	2026-06-18 20:17:03	not found	2026-06-18 20:17:03	splitless
unknown				A193008-101		301:139 332:176 420:148	A193008-101		1937.14	NCBITAXON:http://purl.bioontology.org/ontology/NCBITAXON/4530	Oryza sativa	Golm		MSI:2		tagfinder; manual supervised	976						failed	2026-06-18 20:17:03	not found	2026-06-18 20:17:03	splitless
unknown				A196004-101		155:684 169:2436 170:1489 186:566 243:1352 244:710 271:924 361:1798 362:740 363:406	A196004-101		1946.51	NCBITAXON:http://purl.bioontology.org/ontology/NCBITAXON/4530	Oryza sativa	Golm		MSI:2		tagfinder; manual supervised	994						failed	2026-06-18 20:17:03	not found	2026-06-18 20:17:03	splitless
unknown				A197007-101_NA197007		277:456 307:1075 308:346 309:203 333:506 359:202 394:778 395:345 396:217 433:232	NA197007		1963.63	NCBITAXON:http://purl.bioontology.org/ontology/NCBITAXON/4530	Oryza sativa	Golm		MSI:2		tagfinder; manual supervised	983						failed	2026-06-18 20:17:03	not found	2026-06-18 20:17:03	splitless
unknown				A199003-101_NA199003		292:703 293:259 333:758 334:292	NA199003		1977.48	NCBITAXON:http://purl.bioontology.org/ontology/NCBITAXON/4530	Oryza sativa	Golm		MSI:2		tagfinder; manual supervised	997						failed	2026-06-18 20:17:03	not found	2026-06-18 20:17:03	splitless
unknown				A201002-101_NA201002		101:1050 102:1211 103:8780 104:910 129:4065 130:1110 131:1921 189:2794 191:1396	NA201002		2001.2	NCBITAXON:http://purl.bioontology.org/ontology/NCBITAXON/4530	Oryza sativa	Golm		MSI:2		tagfinder; manual supervised	979						failed	2026-06-18 20:17:03	not found	2026-06-18 20:17:03	splitless
unknown				A201011-101		171:495 294:530 306:711 320:692 321:476 333:3102 334:1003 335:507 359:582 435:333	A201011-101		2001.14	NCBITAXON:http://purl.bioontology.org/ontology/NCBITAXON/4530	Oryza sativa	Golm		MSI:2		tagfinder; manual supervised	987						failed	2026-06-18 20:17:03	not found	2026-06-18 20:17:03	splitless
unknown				A203003-101		172:421 203:422 204:11722 220:2371 233:531 319:1613 320:639 321:375	A203003-101		2014.58	NCBITAXON:http://purl.bioontology.org/ontology/NCBITAXON/4530	Oryza sativa	Golm		MSI:2		tagfinder; manual supervised	998						failed	2026-06-18 20:17:03	not found	2026-06-18 20:17:03	splitless
unknown				A203004-101		211:152 258:161 299:153 315:137	A203004-101		2012.38	NCBITAXON:http://purl.bioontology.org/ontology/NCBITAXON/4530	Oryza sativa	Golm		MSI:2		tagfinder; manual supervised	989						failed	2026-06-18 20:17:03	not found	2026-06-18 20:17:03	splitless
unknown				A203005-101		393:745 394:350 395:213 408:289	A203005-101		2015.66	NCBITAXON:http://purl.bioontology.org/ontology/NCBITAXON/4530	Oryza sativa	Golm		MSI:2		tagfinder; manual supervised	996						failed	2026-06-18 20:17:03	not found	2026-06-18 20:17:03	splitless
unknown				A204004-101		257:139 345:159 373:173	A204004-101		2036.58	NCBITAXON:http://purl.bioontology.org/ontology/NCBITAXON/4530	Oryza sativa	Golm		MSI:2		tagfinder; manual supervised	911						failed	2026-06-18 20:17:03	not found	2026-06-18 20:17:03	splitless
unknown				A209004-101		204:949 220:237 319:205	A209004-101		2077.36	NCBITAXON:http://purl.bioontology.org/ontology/NCBITAXON/4530	Oryza sativa	Golm		MSI:2		tagfinder; manual supervised	999						failed	2026-06-18 20:17:03	not found	2026-06-18 20:17:03	splitless
unknown				A211001-101_NA211001		126:357 142:701 157:6148 158:1093 163:746 170:707 172:866 174:548 188:409 201:637 202:672 205:10579 214:281 229:1747 230:710 231:693 263:762 277:462 278:278 319:10023 320:3064 322:614	NA211001		2098.56	NCBITAXON:http://purl.bioontology.org/ontology/NCBITAXON/4530	Oryza sativa	Golm		MSI:2		tagfinder; manual supervised	993						failed	2026-06-18 20:17:03	not found	2026-06-18 20:17:03	splitless
unknown				A213001-101_NA213001		157:3545 205:6314 206:1603 229:1297 319:5762 320:2008 321:1192 322:360	NA213001		2118.22	NCBITAXON:http://purl.bioontology.org/ontology/NCBITAXON/4530	Oryza sativa	Golm		MSI:2		tagfinder; manual supervised	980						failed	2026-06-18 20:17:03	not found	2026-06-18 20:17:03	splitless
unknown				A214003-101		102:356 104:952 105:1128 113:345 115:480 116:463 118:549 119:674 134:475 135:300 142:432 157:2249 158:637 159:326 163:478 170:324 172:530 173:666 174:286 175:324 189:1180 190:476 201:294 202:315 205:4220 206:1320 207:815 219:453 229:1061 230:366 262:1312 263:537 291:314 319:3399 320:1402 321:936	A214003-101		2128.17	NCBITAXON:http://purl.bioontology.org/ontology/NCBITAXON/4530	Oryza sativa	Golm		MSI:2		tagfinder; manual supervised	923						failed	2026-06-18 20:17:03	not found	2026-06-18 20:17:03	splitless
unknown				A214004-101		98:163 106:142 120:126 140:127 154:137 157:1912 158:554 164:136 165:123 172:1035 173:711 174:233 176:130 178:130 186:135 187:146 188:194 200:137 201:319 202:229 214:151 216:255 222:154 223:131 229:888 230:396 235:191 242:154 246:134 247:239 248:128 259:148 260:145 262:308 263:243 264:133 268:159 277:205 278:147 302:161 319:2733 320:1180 321:770 322:196 332:182 333:135 334:154 335:127	A214004-101		2134.3	NCBITAXON:http://purl.bioontology.org/ontology/NCBITAXON/4530	Oryza sativa	Golm		MSI:2		tagfinder; manual supervised	936						failed	2026-06-18 20:17:03	not found	2026-06-18 20:17:03	splitless
unknown				A221004-101		243:217 299:313 315:185 342:207	A221004-101		2197.92	NCBITAXON:http://purl.bioontology.org/ontology/NCBITAXON/4530	Oryza sativa	Golm		MSI:2		tagfinder; manual supervised	993						failed	2026-06-18 20:17:03	not found	2026-06-18 20:17:03	splitless
unknown				A223005-101		135:166 165:129 171:154 357:335 358:212 359:157 372:148	A223005-101		2222.19	NCBITAXON:http://purl.bioontology.org/ontology/NCBITAXON/4530	Oryza sativa	Golm		MSI:2		tagfinder; manual supervised	826						failed	2026-06-18 20:17:03	not found	2026-06-18 20:17:03	splitless
unknown				A226014-101_D226501		103:738 204:1584 205:400	D226501		2258.31	NCBITAXON:http://purl.bioontology.org/ontology/NCBITAXON/4530	Oryza sativa	Golm		MSI:2		tagfinder; manual supervised	995						failed	2026-06-18 20:17:03	not found	2026-06-18 20:17:03	splitless
unknown				A227009-101_D227284		115:194 116:176 117:1503 118:284 119:180 143:450 145:187 158:135 189:272 191:368 206:430 218:269 219:165 232:268 233:166 337:155 351:157	D227284		2276.66	NCBITAXON:http://purl.bioontology.org/ontology/NCBITAXON/4530	Oryza sativa	Golm		MSI:2		tagfinder; manual supervised	964						failed	2026-06-18 20:17:03	not found	2026-06-18 20:17:03	splitless
unknown				A228001-101		102:265 103:4770 104:485 105:389 113:250 115:297 116:428 118:375 119:324 126:642 127:268 130:513 133:6410 134:778 135:382 142:373 143:575 172:452 186:553 189:875 191:839 200:449 206:582 207:363 214:343 217:2914 218:630 219:315 291:1481 292:616 305:252 320:429	A228001-101		2264.3	NCBITAXON:http://purl.bioontology.org/ontology/NCBITAXON/4530	Oryza sativa	Golm		MSI:2		tagfinder; manual supervised	982						failed	2026-06-18 20:17:03	not found	2026-06-18 20:17:03	splitless
unknown				A230002-101		115:364 116:802 146:707 160:553 161:376 169:778 175:331 199:321 219:800 247:973 271:159 275:512 292:771	A230002-101		2292.01	NCBITAXON:http://purl.bioontology.org/ontology/NCBITAXON/4530	Oryza sativa	Golm		MSI:2		tagfinder; manual supervised	983						failed	2026-06-18 20:17:03	not found	2026-06-18 20:17:03	splitless
unknown				A237001-101		102:543 104:1365 115:675 116:1604 119:438 129:6373 130:987 131:3341 132:507 134:587 135:444 143:3418 144:457 145:484 150:262 157:397 161:611 163:316 169:2299 170:361 171:458 175:417 177:357 185:267 189:1735 190:390 191:2134 192:399 203:694 204:11223 205:2723 206:1103 207:452 217:12118 218:2713 219:3283 220:660 221:790 231:285 233:1298 234:294 243:358 245:472 257:810 275:647 291:394 292:2681 293:860 294:400 305:2001 306:605 307:324 333:410 337:346 363:400 375:1360 376:458 451:427	A237001-101		2362.66	NCBITAXON:http://purl.bioontology.org/ontology/NCBITAXON/4530	Oryza sativa	Golm		MSI:2		tagfinder; manual supervised	975						failed	2026-06-18 20:17:03	not found	2026-06-18 20:17:03	splitless
unknown				A237002-101		133:603 169:314 191:1436 217:1459	A237002-101		2355.15	NCBITAXON:http://purl.bioontology.org/ontology/NCBITAXON/4530	Oryza sativa	Golm		MSI:2		tagfinder; manual supervised	991						failed	2026-06-18 20:17:03	not found	2026-06-18 20:17:03	splitless
unknown				A250001-101		127:586 129:9001 130:1643 131:2807 132:744 134:962 135:751 141:576 142:600 143:2429 144:511 145:1033 150:630 151:399 153:367 155:964 159:705 161:903 163:852 169:2602 170:707 171:559 173:520 175:787 177:694 183:434 189:2985 190:961 191:4052 192:1048 193:635 203:1253 204:43800 205:14956 206:5347 207:1732 208:464 217:9056 219:1517 220:467 221:963 229:539 230:502 231:2008 232:682 233:755 243:1462 244:543 245:581 271:1179 305:1301	A250001-101		2486.05	NCBITAXON:http://purl.bioontology.org/ontology/NCBITAXON/4530	Oryza sativa	Golm		MSI:2		tagfinder; manual supervised	996						failed	2026-06-18 20:17:03	not found	2026-06-18 20:17:03	splitless
unknown				A254002-101		141:900 143:6039 144:1559 150:753 155:2885 156:811 158:459 159:926 161:1057 163:1765 169:3420 170:1032 171:865 173:900 175:751 183:580 189:3075 190:1229 192:1384 193:816 201:403 203:1579 204:30228 205:7513 206:3413 215:511 218:9001 219:26896 220:6235 222:842 229:851 230:622 231:3254 232:1269 233:1109 243:2244 244:818 245:2401 246:734 247:669 271:2067	A254002-101		2530.35	NCBITAXON:http://purl.bioontology.org/ontology/NCBITAXON/4530	Oryza sativa	Golm		MSI:2		tagfinder; manual supervised	989						failed	2026-06-18 20:17:03	not found	2026-06-18 20:17:03	splitless
unknown				A255012-101_Unknown#sst-cgl-119		211:377 225:223 299:778 300:346 301:246 315:481 316:234 357:392 358:206 387:839 388:434 389:320 471:258	Unknown#sst-cgl-119		2543.22	NCBITAXON:http://purl.bioontology.org/ontology/NCBITAXON/4530	Oryza sativa	Golm		MSI:2		tagfinder; manual supervised	927						failed	2026-06-18 20:17:03	not found	2026-06-18 20:17:03	splitless
unknown				A260006-101_D260482		86:584 87:1097 97:303 98:329 99:1587 116:3039 118:267 119:338 145:302 283:1518 284:311	D260482		2604.66	NCBITAXON:http://purl.bioontology.org/ontology/NCBITAXON/4530	Oryza sativa	Golm		MSI:2		tagfinder; manual supervised	998						failed	2026-06-18 20:17:03	not found	2026-06-18 20:17:03	splitless
unknown				A263002-101		87:226 91:1781 92:312 93:1118 94:211 97:433 106:180 107:750 108:186 109:600 121:312 123:193 125:199 132:254 134:455 135:406 137:185 141:218 142:311 150:235 151:251 156:304 159:216 165:146 167:215 168:214 173:3956 174:3200 175:1349 176:230 203:175 224:185 230:727 231:269 317:974 318:291 355:440 356:258 517:157 518:867 519:469 520:244	A263002-101		2609.37	NCBITAXON:http://purl.bioontology.org/ontology/NCBITAXON/4530	Oryza sativa	Golm		MSI:2		tagfinder; manual supervised	759						failed	2026-06-18 20:17:03	not found	2026-06-18 20:17:03	splitless
unknown				A275003-101		212:467 227:235 241:274 242:1380 284:224 314:693 315:276 450:219	A275003-101		2738.86	NCBITAXON:http://purl.bioontology.org/ontology/NCBITAXON/4530	Oryza sativa	Golm		MSI:2		tagfinder; manual supervised	985						failed	2026-06-18 20:17:03	not found	2026-06-18 20:17:03	splitless
unknown				A278005-101_NA278005		209:259 223:235 224:139 259:630 283:427 348:865 349:368 350:209 355:710 356:289	NA278005		2757.59	NCBITAXON:http://purl.bioontology.org/ontology/NCBITAXON/4530	Oryza sativa	Golm		MSI:2		tagfinder; manual supervised	973						failed	2026-06-18 20:17:03	not found	2026-06-18 20:17:03	splitless
unknown				A278013-101_D278931		86:975 87:1915 97:651 98:639 99:2830 116:5489 311:2114	D278931		2787.04	NCBITAXON:http://purl.bioontology.org/ontology/NCBITAXON/4530	Oryza sativa	Golm		MSI:2		tagfinder; manual supervised	999						failed	2026-06-18 20:17:03	not found	2026-06-18 20:17:03	splitless
unknown				A285001-101_NA285001		239:150 256:142 346:158 347:142	NA285001		2837.86	NCBITAXON:http://purl.bioontology.org/ontology/NCBITAXON/4530	Oryza sativa	Golm		MSI:2		tagfinder; manual supervised	964						failed	2026-06-18 20:17:03	not found	2026-06-18 20:17:03	splitless
unknown				A285012-101_D285215		91:2262 92:376 93:2188 94:547 95:1702 97:874 106:510 107:5280 108:1065 109:4294 110:506 111:380 118:439 119:1404 120:273 121:2177 122:837 123:3051 124:518 125:1021 132:308 134:697 135:1176 136:376 137:2157 138:274 144:325 145:512 150:604 151:830 158:278 159:1093 163:846 164:870 165:2130 166:383 167:337 173:2522 174:412 175:544 181:303 183:513 190:475 192:474 196:279 197:399 198:301 209:292 223:6220 224:1801 225:662 233:1017 263:802 265:520 280:1300 281:3999 282:1060 283:300 331:1466	D285215		2868.76	NCBITAXON:http://purl.bioontology.org/ontology/NCBITAXON/4530	Oryza sativa	Golm		MSI:2		tagfinder; manual supervised	915						failed	2026-06-18 20:17:03	not found	2026-06-18 20:17:03	splitless
unknown				A294002-101		85:150 109:144 127:150 132:140 142:149 144:147 170:142 173:154 177:148 203:156 229:143 230:267 244:147 245:147 265:182 291:163 293:148 306:188 318:169 319:159 343:200 433:217 434:143	A294002-101		2926.78	NCBITAXON:http://purl.bioontology.org/ontology/NCBITAXON/4530	Oryza sativa	Golm		MSI:2		tagfinder; manual supervised	937						failed	2026-06-18 20:17:03	not found	2026-06-18 20:17:03	splitless
unknown				A295006-101		132:286 135:543 142:211 144:269 161:211 171:325 175:240 179:827 180:225 190:238 206:432 207:300 215:179 221:297 233:554 234:208 237:540 238:182 245:269 252:622 253:330 257:330 289:272 291:200 292:857 293:375 294:226 305:617 306:282 307:180 325:172 333:188 335:175 375:420 376:197	A295006-101		2915.16	NCBITAXON:http://purl.bioontology.org/ontology/NCBITAXON/4530	Oryza sativa	Golm		MSI:2		tagfinder; manual supervised	850						failed	2026-06-18 20:17:03	not found	2026-06-18 20:17:03	splitless
unknown				A296003-101_NA296003		145:361 166:137 236:277 239:294 250:442 251:302 255:703 256:237 266:203 345:696 346:293 347:222	NA296003		2958.96	NCBITAXON:http://purl.bioontology.org/ontology/NCBITAXON/4530	Oryza sativa	Golm		MSI:2		tagfinder; manual supervised	909						failed	2026-06-18 20:17:03	not found	2026-06-18 20:17:03	splitless
unknown				A303004-101_D310830		102:148 221:160 251:145 292:131 305:141 334:153	D310830		3050.35	NCBITAXON:http://purl.bioontology.org/ontology/NCBITAXON/4530	Oryza sativa	Golm		MSI:2		tagfinder; manual supervised	959						failed	2026-06-18 20:17:03	not found	2026-06-18 20:17:03	splitless
unknown				A311002-101		86:212 90:202 95:233 104:484 127:219 129:4498 130:628 131:898 141:215 143:557 153:225 159:219 169:920 189:723 191:1471 204:10602 205:2343 206:989 217:2856 218:718 219:701 223:264 227:255 229:226 241:291 243:727 263:172 293:232 320:199	A311002-101		3090.01	NCBITAXON:http://purl.bioontology.org/ontology/NCBITAXON/4530	Oryza sativa	Golm		MSI:2		tagfinder; manual supervised	981						failed	2026-06-18 20:17:03	not found	2026-06-18 20:17:03	splitless
unknown				A316003-101		115:149 219:149 239:128 251:140 256:144 266:150 267:126	A316003-101		3145.84	NCBITAXON:http://purl.bioontology.org/ontology/NCBITAXON/4530	Oryza sativa	Golm		MSI:2		tagfinder; manual supervised	888						failed	2026-06-18 20:17:03	not found	2026-06-18 20:17:03	splitless
CHEBI:17509	C11H15N5O3S	CSC[C@H]1O[C@H]([C@H](O)[C@@H]1O)n1cnc2c(N)ncnc12	InChI=1S/C11H15N5O3S/c1-20-2-5-7(17)8(18)11(19-5)16-4-15-6-9(12)13-3-14-10(6)16/h3-5,7-8,11,17-18H,2H2,1H3,(H2,12,13,14)/t5-,7-,8-,11-/m1/s1	Adenosine, 5-methylthio-		165:135 176:124 208:158 237:159	Adenosine, 5-methylthio- (3TMS)		2795.06	NCBITAXON:http://purl.bioontology.org/ontology/NCBITAXON/4530	Oryza sativa	Golm		MSI:2		tagfinder; manual supervised	980						failed	2026-06-18 20:17:03	not found	2026-06-18 20:17:03	splitless
CHEBI:16027	C10H14N5O7P	Nc1ncnc2n(cnc12)[C@@H]1O[C@H](COP(O)(O)=O)[C@@H](O)[C@H]1O	InChI=1S/C10H14N5O7P/c11-8-5-9(13-2-12-8)15(3-14-5)10-7(17)6(16)4(22-10)1-21-23(18,19)20/h2-4,6-7,10,16-17H,1H2,(H2,11,12,13)(H2,18,19,20)/t4-,6-,7-,10-/m1/s1	Adenosine-5-monophosphate		140:147 165:171 170:195 194:168 206:172 208:186 211:216 236:178 258:201 316:196 317:155 337:144	Adenosine-5-monophosphate (5TMS)		3058.44	NCBITAXON:http://purl.bioontology.org/ontology/NCBITAXON/4530	Oryza sativa	Golm		MSI:2		tagfinder; manual supervised	919					RM0138921	not found	2026-06-18 20:17:03	first assignment	2026-06-18 20:17:03	splitless
CHEBI:15676	C4H6N4O3	NC(=O)NC1NC(=O)NC1=O	InChI=1S/C4H6N4O3/c5-3(10)6-1-2(9)8-4(11)7-1/h1H,(H3,5,6,10)(H2,7,8,9,11)	Allantoin		356:200 357:203 431:261 446:238	Allantoin (4TMS)		1878.11	NCBITAXON:http://purl.bioontology.org/ontology/NCBITAXON/4530	Oryza sativa	Golm		MSI:2		tagfinder; manual supervised	933				CHEBI:15676	RM0118303	first assignment	2026-06-18 20:17:03	first assignment	2026-06-18 20:17:03	splitless
CHEBI:29016	C6H14N4O2	NC(CCCNC(N)=N)C(O)=O	InChI=1S/C6H14N4O2/c7-4(5(11)12)2-1-3-10-6(8)9/h4H,1-3,7H2,(H,11,12)(H4,8,9,10)	Arginine		96:332 108:271 110:294 152:222 153:430 163:392 164:306 174:212 191:292 198:157 200:344 203:219 205:366 206:277 218:454 219:385 220:233 227:275 228:185 229:215 232:337 233:201 236:167 245:316 258:277 259:386 260:230 331:197 348:454 349:312 350:239	Ornithine (3TMS)		1609.92	NCBITAXON:http://purl.bioontology.org/ontology/NCBITAXON/4530	Oryza sativa	Golm		MSI:2		tagfinder; manual supervised	791				CHEBI:29016	RM0135963	first assignment	2026-06-18 20:17:03	first assignment	2026-06-18 20:17:03	splitless
CHEBI:18211	C6H13N3O3	NC(CCCNC(N)=O)C(O)=O	InChI=1S/C6H13N3O3/c7-4(5(10)11)2-1-3-9-6(8)12/h4H,1-3,7H2,(H,10,11)(H3,8,9,12)	Citruline		96:332 108:271 110:294 152:222 153:430 163:392 164:306 174:212 191:292 198:157 200:344 203:219 205:366 206:277 218:454 219:385 220:233 227:275 228:185 229:215 232:337 233:201 236:167 245:316 258:277 259:386 260:230 331:197 348:454 349:312 350:239	Ornithine (3TMS)		1609.92	NCBITAXON:http://purl.bioontology.org/ontology/NCBITAXON/4530	Oryza sativa	Golm		MSI:2		tagfinder; manual supervised	791					RM0136022	failed	2026-06-18 20:17:03	first assignment	2026-06-18 20:17:03	splitless
CHEBI:18257	C5H12N2O2	NCCCC(N)C(O)=O	InChI=1S/C5H12N2O2/c6-3-1-2-4(7)5(8)9/h4H,1-3,6-7H2,(H,8,9)	Ornithine		96:332 108:271 110:294 152:222 153:430 163:392 164:306 174:212 191:292 198:157 200:344 203:219 205:366 206:277 218:454 219:385 220:233 227:275 228:185 229:215 232:337 233:201 236:167 245:316 258:277 259:386 260:230 331:197 348:454 349:312 350:239	Ornithine (3TMS)		1609.92	NCBITAXON:http://purl.bioontology.org/ontology/NCBITAXON/4530	Oryza sativa	Golm		MSI:2		tagfinder; manual supervised	791				CHEBI:18257	RM0135912	first assignment	2026-06-18 20:17:03	first assignment	2026-06-18 20:17:03	splitless
CHEBI:74526	C4H11N	CCC(C)N	InChI=1S/C4H11N/c1-3-4(2)5/h4H,3,5H2,1-2H3	Butylamine		128:1150 161:113 174:1931 175:367 202:331	Butylamine (2TMS)		1094.68	NCBITAXON:http://purl.bioontology.org/ontology/NCBITAXON/4530	Oryza sativa	Golm		MSI:2		tagfinder; manual supervised	976					RM0140197	not found	2026-06-18 20:17:03	first assignment	2026-06-18 20:17:03	splitless
CHEBI:16000	C2H7NO	NCCO	InChI=1S/C2H7NO/c3-1-2-4/h4H,1-3H2	Ethanolamine		158:2727 172:4206 173:1249 174:244032 175:46242 176:20884 188:3408 262:4886 263:1378	Ethanolamine (3TMS)		1259.71	NCBITAXON:http://purl.bioontology.org/ontology/NCBITAXON/4530	Oryza sativa	Golm		MSI:2		tagfinder; manual supervised	999				CHEBI:16000	RM0040238	first assignment	2026-06-18 20:17:03	first assignment	2026-06-18 20:17:03	splitless
CHEBI:17784	C6H13NO6	N[C@H]([C@@H](O)[C@H](O)[C@H](O)CO)C(O)=O	InChI=1S/C6H13NO6/c7-3(6(12)13)5(11)4(10)2(9)1-8/h2-5,8-11H,1,7H2,(H,12,13)/t2-,3-,4-,5-/m1/s1	Gluconic acid, 2-amino-2-deoxy-		168:144 293:133 332:137	Gluconic acid, 2-amino-2-deoxy- (7TMS)		2027.07	NCBITAXON:http://purl.bioontology.org/ontology/NCBITAXON/4530	Oryza sativa	Golm		MSI:2		tagfinder; manual supervised	984						failed	2026-06-18 20:17:03	not found	2026-06-18 20:17:03	splitless
CHEBI:16750	C10H13N5O5	Nc1nc2n(cnc2c(=O)[nH]1)[C@@H]1O[C@H](CO)[C@@H](O)[C@H]1O	InChI=1S/C10H13N5O5/c11-10-13-7-4(8(19)14-10)12-2-15(7)9-6(18)5(17)3(1-16)20-9/h2-3,5-6,9,16-18H,1H2,(H3,11,13,14,19)/t3-,5-,6-,9-/m1/s1	Guanosine		146:202 166:207 246:179 264:226 281:281 282:144 294:184 295:245 296:266 325:270 326:174 368:254 410:184	Guanosine (5TMS)		2760.3	NCBITAXON:http://purl.bioontology.org/ontology/NCBITAXON/4530	Oryza sativa	Golm		MSI:2		tagfinder; manual supervised	968				CHEBI:16750	RM0156423	first assignment	2026-06-18 20:17:03	first assignment	2026-06-18 20:17:03	splitless
CHEBI:18086	C10H9NO	O=CCc1c[nH]c2ccccc12	InChI=1S/C10H9NO/c12-6-5-8-7-11-10-4-2-1-3-9(8)10/h1-4,6-7,11H,5H2	Indole-3-acetaldehyde acetal		290:206 304:131 305:130 306:153 378:688 379:334 380:174 392:336 393:358 394:170	Indole-3-acetaldehyde acetal (3TMS)		2062.79	NCBITAXON:http://purl.bioontology.org/ontology/NCBITAXON/4530	Oryza sativa	Golm		MSI:2		tagfinder; manual supervised	801						failed	2026-06-18 20:17:03	not found	2026-06-18 20:17:03	splitless
CHEBI:17148	C4H12N2	NCCCCN	InChI=1S/C4H12N2/c5-3-1-2-4-6/h1-6H2	Putrescine		112:1113 114:2143 126:2784 140:1064 142:2685 146:2751 172:5114 174:59335 175:12377 176:6019 187:1170 200:4660 201:1150 214:6150	Putrescine (4TMS)		1734.52	NCBITAXON:http://purl.bioontology.org/ontology/NCBITAXON/4530	Oryza sativa	Golm		MSI:2		tagfinder; manual supervised	998				CHEBI:17148	RM0139715	first assignment	2026-06-18 20:17:03	first assignment	2026-06-18 20:17:03	splitless
CHEBI:16540	C5H5NO	Oc1ccccn1	InChI=1S/C5H5NO/c7-5-3-1-2-4-6-5/h1-4H,(H,6,7)	Pyridine, 2-hydroxy-		92:807 93:901 95:877 97:1902 99:552 122:3877 123:532 124:436 136:1452 137:796 138:390 152:37391 153:4987 154:1634 166:4501 167:3480 168:630	Pyridine, 2-hydroxy- (1TMS)		1030.36	NCBITAXON:http://purl.bioontology.org/ontology/NCBITAXON/4530	Oryza sativa	Golm		MSI:2		tagfinder; manual supervised	999						failed	2026-06-18 20:17:03	not found	2026-06-18 20:17:03	splitless
CHEBI:87440	C5H5NO	Oc1cccnc1	InChI=1S/C5H5NO/c7-5-2-1-3-6-4-5/h1-4,7H	Pyridine, 3-hydroxy-		150:245 152:1421 153:233 167:402	Pyridine, 3-hydroxy- (1TMS)		1136.62	NCBITAXON:http://purl.bioontology.org/ontology/NCBITAXON/4530	Oryza sativa	Golm		MSI:2		tagfinder; manual supervised	995						failed	2026-06-18 20:17:03	not found	2026-06-18 20:17:03	splitless
CHEBI:16610	C7H19N3	NCCCCNCCCN	InChI=1S/C7H19N3/c8-4-1-2-6-10-7-3-5-9/h10H,1-9H2	Spermidine		87:149 88:133 112:139 114:160 126:153 140:125 154:157 173:136 186:143 200:136 201:155 214:310 215:147	Spermidine (5TMS)		2248.75	NCBITAXON:http://purl.bioontology.org/ontology/NCBITAXON/4530	Oryza sativa	Golm		MSI:2		tagfinder; manual supervised	915				CHEBI:16610	RM0041813	first assignment	2026-06-18 20:17:03	first assignment	2026-06-18 20:17:03	splitless
CHEBI:28621	C6H15NO3	OCCN(CCO)CCO	InChI=1S/C6H15NO3/c8-4-1-7(2-5-9)3-6-10/h8-10H,1-6H2	Triethanolamine		262:846 263:362 264:203 350:154	Triethanolamine (3TMS)		1619.52	NCBITAXON:http://purl.bioontology.org/ontology/NCBITAXON/4530	Oryza sativa	Golm		MSI:2		tagfinder; manual supervised	982				CHEBI:28621	RM0118215	first assignment	2026-06-18 20:17:03	first assignment	2026-06-18 20:17:03	splitless
CHEBI:28790	C10H12N2O	C1=CC(=CC=2C(=CNC12)CCN)O	InChI=1S/C10H12N2O/c11-4-3-7-6-12-10-2-1-8(13)5-9(7)10/h1-2,5-6,12-13H,3-4,11H2	Tryptamine, 5-hydroxy-		100:1126 174:8703 175:1706 176:798 202:313 290:389	Tryptamine, 5-hydroxy- (4TMS)		2472.63	NCBITAXON:http://purl.bioontology.org/ontology/NCBITAXON/4530	Oryza sativa	Golm		MSI:2		tagfinder; manual supervised	997						failed	2026-06-18 20:17:03	not found	2026-06-18 20:17:03	splitless
CHEBI:17568	C4H4N2O2	O=c1cc[nH]c(=O)[nH]1	InChI=1S/C4H4N2O2/c7-3-1-2-5-4(8)6-3/h1-2H,(H2,5,6,7,8)	Uracil		100:410 113:401 126:427 255:414 256:367	Uracil (2TMS)		1334.93	NCBITAXON:http://purl.bioontology.org/ontology/NCBITAXON/4530	Oryza sativa	Golm		MSI:2		tagfinder; manual supervised	949				CHEBI:17568	RM0135934	first assignment	2026-06-18 20:17:03	first assignment	2026-06-18 20:17:03	splitless
CHEBI:17775	C5H4N4O3	O=c1[nH]c2[nH]c(=O)[nH]c(=O)c2[nH]1	InChI=1S/C5H4N4O3/c10-3-1-2(7-4(11)6-1)8-5(12)9-3/h(H4,6,7,8,9,10,11,12)	Uric acid		172:169 174:233 353:227 368:202 383:246 458:228	Uric acid (4TMS)		2093	NCBITAXON:http://purl.bioontology.org/ontology/NCBITAXON/4530	Oryza sativa	Golm		MSI:2		tagfinder; manual supervised	947					RM0160856	not found	2026-06-18 20:17:03	first assignment	2026-06-18 20:17:03	splitless
CHEBI:16704	C9H12N2O6	OC[C@H]1O[C@H]([C@H](O)[C@@H]1O)n1ccc(=O)[nH]c1=O	InChI=1S/C9H12N2O6/c12-3-4-6(14)7(15)8(17-4)11-2-1-5(13)10-9(11)16/h1-2,4,6-8,12,14-15H,3H2,(H,10,13,16)/t4-,6-,7-,8-/m1/s1	Uridine		126:295 140:228 154:198 171:195 185:386 196:449 224:989 258:1047	Uridine (4TMS)		2453.48	NCBITAXON:http://purl.bioontology.org/ontology/NCBITAXON/4530	Oryza sativa	Golm		MSI:2		tagfinder; manual supervised	992				CHEBI:16704	RM0135933	first assignment	2026-06-18 20:17:03	first assignment	2026-06-18 20:17:03	splitless
CHEBI:16433	C9H8O4	OC(=O)C=Cc1ccc(O)c(O)c1	InChI=1S/C9H8O4/c10-7-3-1-6(5-8(7)11)2-4-9(12)13/h1-5,10-11H,(H,12,13)/b4-2+	Caffeic acid, trans-		219:1366 382:145 398:156	Caffeic acid, trans- (3TMS)		2134.93	NCBITAXON:http://purl.bioontology.org/ontology/NCBITAXON/4530	Oryza sativa	Golm		MSI:2		tagfinder; manual supervised	995						failed	2026-06-18 20:17:03	not found	2026-06-18 20:17:03	splitless
CHEBI:23053	C15H14O6	C1(C=2C=C(C(O)=CC2)O)OC=3C(=C(C=C(C3)O)O)CC1O	InChI=1S/C15H14O6/c16-8-4-11(18)9-6-13(20)15(21-14(9)5-8)7-1-2-10(17)12(19)3-7/h1-5,13,15-20H,6H2	Catechin		249:231 265:194 267:271 280:230 355:531 356:271 357:196 367:192 368:861 369:446 370:254	Catechin (5TMS)		2864.09	NCBITAXON:http://purl.bioontology.org/ontology/NCBITAXON/4530	Oryza sativa	Golm		MSI:2		tagfinder; manual supervised	940				CHEBI:23053	RM0135185	first assignment	2026-06-18 20:17:03	first assignment	2026-06-18 20:17:03	splitless
CHEBI:17450	C9H8O3	OC(=O)\C=C/c1ccc(O)cc1	InChI=1S/C9H8O3/c10-8-4-1-7(2-5-8)3-6-9(11)12/h1-6,10H,(H,11,12)/b6-3-	Cinnamic acid, 4-hydroxy-, cis-		179:158 249:231 308:175	Cinnamic acid, 4-hydroxy-, cis- (2TMS)		1790.18	NCBITAXON:http://purl.bioontology.org/ontology/NCBITAXON/4530	Oryza sativa	Golm		MSI:2		tagfinder; manual supervised	976						failed	2026-06-18 20:17:03	not found	2026-06-18 20:17:03	splitless
CHEBI:32374	C9H8O3	OC(=O)\C=C\c1ccc(O)cc1	InChI=1S/C9H8O3/c10-8-4-1-7(2-5-8)3-6-9(11)12/h1-6,10H,(H,11,12)/b6-3+	Cinnamic acid, 4-hydroxy-, trans-		223:249 241:162 249:808 250:295 261:200 271:141 293:966 294:331 295:242 347:194 362:197	Cinnamic acid, 4-hydroxy-, trans- (2TMS)		1942.04	NCBITAXON:http://purl.bioontology.org/ontology/NCBITAXON/4530	Oryza sativa	Golm		MSI:2		tagfinder; manual supervised	942						failed	2026-06-18 20:17:03	not found	2026-06-18 20:17:03	splitless
CHEBI:17620	C10H10O4	COc1cc(\C=C\C(O)=O)ccc1O	InChI=1S/C10H10O4/c1-14-9-6-7(2-4-8(9)11)3-5-10(12)13/h2-6,11H,1H3,(H,12,13)/b5-3+	Ferulic acid, trans-		179:334 249:755 250:250 293:675 294:258 308:770 309:301 324:284 338:763 339:294	Ferulic acid, trans- (2TMS)		2097.61	NCBITAXON:http://purl.bioontology.org/ontology/NCBITAXON/4530	Oryza sativa	Golm		MSI:2		tagfinder; manual supervised	987						failed	2026-06-18 20:17:03	not found	2026-06-18 20:17:03	splitless
CHEBI:16112	C16H18O9	O[C@@H]1C[C@](O)(C[C@@H](OC(=O)C=Cc2ccc(O)c(O)c2)[C@@H]1O)C(O)=O	InChI=1S/C16H18O9/c17-9-3-1-8(5-10(9)18)2-4-13(20)25-12-7-16(24,15(22)23)6-11(19)14(12)21/h1-5,11-12,14,17-19,21,24H,6-7H2,(H,22,23)/b4-2+/t11-,12-,14-,16+/m1/s1	Quinic acid, 3-caffeoyl-, trans-		191:1001 219:1437 255:1755 345:2339	Quinic acid, 3-caffeoyl-, trans- (6TMS)		3098.94	NCBITAXON:http://purl.bioontology.org/ontology/NCBITAXON/4530	Oryza sativa	Golm		MSI:2		tagfinder; manual supervised	990						failed	2026-06-18 20:17:03	not found	2026-06-18 20:17:03	splitless
CHEBI:143538	C16H18O9	O(C(=O)/C=C\C1=CC(O)=C(O)C=C1)[C@@]2(C[C@](O)(C[C@]([C@@]2(O)[H])(O)[H])C(O)=O)[H]	InChI=1S/C16H18O9/c17-9-3-1-8(5-10(9)18)2-4-13(20)25-12-7-16(24,15(22)23)6-11(19)14(12)21/h1-5,11-12,14,17-19,21,24H,6-7H2,(H,22,23)/b4-2-/t11-,12-,14+,16-/m1/s1	cis-5-caffeoyl-quinic acid		255:224 307:301 308:176 345:227	Quinic acid, 5-caffeoyl-, cis- (6TMS)		2989.91	NCBITAXON:http://purl.bioontology.org/ontology/NCBITAXON/4530	Oryza sativa	Golm		MSI:2		tagfinder; manual supervised	974						failed	2026-06-18 20:17:03	not found	2026-06-18 20:17:03	splitless
CHEBI:16384	C16H18O9	[H][C@]1(O)[C@H](O)C[C@@](O)(C[C@H]1OC(=O)C=Cc1ccc(O)c(O)c1)C(O)=O	InChI=1S/C16H18O9/c17-9-3-1-8(5-10(9)18)2-4-13(20)25-12-7-16(24,15(22)23)6-11(19)14(12)21/h1-5,11-12,14,17-19,21,24H,6-7H2,(H,22,23)/b4-2+/t11-,12-,14+,16-/m1/s1	Quinic acid, 5-caffeoyl-, trans-		117:483 131:326 145:602 183:275 191:636 192:226 193:338 218:285 219:415 221:322 236:463 239:467 250:826 251:519 255:1172 256:382 257:369 266:308 323:207 345:1158 346:465 347:334 447:251	Quinic acid, 5-caffeoyl-, trans- (6TMS)		3171.77	NCBITAXON:http://purl.bioontology.org/ontology/NCBITAXON/4530	Oryza sativa	Golm		MSI:2		tagfinder; manual supervised	810						failed	2026-06-18 20:17:03	not found	2026-06-18 20:17:03	splitless
CHEBI:76350	C11H12O5	COc1cc(\C=C/C(O)=O)cc(OC)c1O	InChI=1S/C11H12O5/c1-15-8-5-7(3-4-10(12)13)6-9(16-2)11(8)14/h3-6,14H,1-2H3,(H,12,13)/b4-3-	Sinapic acid, cis-		323:137 353:140 368:154	Sinapic acid, cis- (2TMS)		2059.11	NCBITAXON:http://purl.bioontology.org/ontology/NCBITAXON/4530	Oryza sativa	Golm		MSI:2		tagfinder; manual supervised	967						failed	2026-06-18 20:17:03	not found	2026-06-18 20:17:03	splitless
CHEBI:15714	C11H12O5	COc1cc(cc(OC)c1O)\C=C\C(O)=O	InChI=1S/C11H12O5/c1-15-8-5-7(3-4-10(12)13)6-9(16-2)11(8)14/h3-6,14H,1-2H3,(H,12,13)/b4-3+	Sinapic acid, trans-		249:161 279:164 323:179 339:169 353:193	Sinapic acid, trans- (2TMS)		2248.24	NCBITAXON:http://purl.bioontology.org/ontology/NCBITAXON/4530	Oryza sativa	Golm		MSI:2		tagfinder; manual supervised	984						failed	2026-06-18 20:17:03	not found	2026-06-18 20:17:03	splitless
CHEBI:17553	C2H8NO4P	NCCOP(O)(O)=O	InChI=1S/C2H8NO4P/c3-1-2-7-8(4,5)6/h1-3H2,(H2,4,5,6)	Ethanolaminephosphate		137:331 151:370 176:407 181:423 187:443 190:316 193:615 195:393 211:933 212:250 225:502 283:393 298:289 299:2155 300:937 301:704 314:542 315:718 316:327 328:617 329:248 414:304	Ethanolaminephosphate (4TMS)		1775.17	NCBITAXON:http://purl.bioontology.org/ontology/NCBITAXON/4530	Oryza sativa	Golm		MSI:2		tagfinder; manual supervised	939					RM0060581	failed	2026-06-18 20:17:03	first assignment	2026-06-18 20:17:03	splitless
CHEBI:78737	C6H13O9P			Fructose-1-phosphate		142:164 173:177 387:169 388:122	Fructose-1-phosphate (1MEOX) (6TMS) MP		2279.18	NCBITAXON:http://purl.bioontology.org/ontology/NCBITAXON/4530	Oryza sativa	Golm		MSI:2		tagfinder; manual supervised	929					RM0133222	not found	2026-06-18 20:17:03	first assignment	2026-06-18 20:17:03	splitless
CHEBI:78697	C6H13O9P			Fructose-6-phosphate		211:418 299:998 300:354 315:1731 316:513	Fructose-6-phosphate (1MEOX) (6TMS) MP		2293.42	NCBITAXON:http://purl.bioontology.org/ontology/NCBITAXON/4530	Oryza sativa	Golm		MSI:2		tagfinder; manual supervised	994					RM0030190	not found	2026-06-18 20:17:03	first assignment	2026-06-18 20:17:03	splitless
CHEBI:48928	C6H13O10P	O[C@H](COP(O)(O)=O)[C@@H](O)[C@H](O)[C@@H](O)C(O)=O	InChI=1S/C6H13O10P/c7-2(1-16-17(13,14)15)3(8)4(9)5(10)6(11)12/h2-5,7-10H,1H2,(H,11,12)(H2,13,14,15)/t2-,3-,4+,5-/m1/s1	Gluconic acid-6-phosphate		211:234 333:178 357:225 388:208	Gluconic acid-6-phosphate (7TMS)		2416.99	NCBITAXON:http://purl.bioontology.org/ontology/NCBITAXON/4530	Oryza sativa	Golm		MSI:2		tagfinder; manual supervised	968					RM0155882	failed	2026-06-18 20:17:03	first assignment	2026-06-18 20:17:03	splitless
CHEBI:14314	C6H13O9P			Glucose-6-phosphate		87:285 90:239 99:316 102:446 105:879 108:142 114:451 115:469 116:730 119:328 130:700 133:2095 135:465 143:457 157:1136 160:2510 161:690 189:407 191:589 207:462 211:910 225:398 299:2763 300:797 301:467 314:289 315:1098 316:384 331:388 357:923 387:2704 388:995 389:619 471:367	Glucose-6-phosphate (1MEOX) (6TMS) MP		2307.84	NCBITAXON:http://purl.bioontology.org/ontology/NCBITAXON/4530	Oryza sativa	Golm		MSI:2		tagfinder; manual supervised	965					RM0136106	not found	2026-06-18 20:17:03	first assignment	2026-06-18 20:17:03	splitless
CHEBI:24344	C3H7O7P	C(C(CO)OP(=O)(O)O)(O)=O	InChI=1S/C3H7O7P/c4-1-2(3(5)6)10-11(7,8)9/h2,4H,1H2,(H,5,6)(H2,7,8,9)	Glyceric acid-2-phosphate		299:297 315:223 369:205	Glyceric acid-2-phosphate (4TMS)		1767.57	NCBITAXON:http://purl.bioontology.org/ontology/NCBITAXON/4530	Oryza sativa	Golm		MSI:2		tagfinder; manual supervised	976					RM0136217	failed	2026-06-18 20:17:03	first assignment	2026-06-18 20:17:03	splitless
CHEBI:17050	C3H7O7P	OC(COP(O)(O)=O)C(O)=O	InChI=1S/C3H7O7P/c4-2(3(5)6)1-10-11(7,8)9/h2,4H,1H2,(H,5,6)(H2,7,8,9)	Glyceric acid-3-phosphate		211:2253 212:644 227:2050 299:2727 300:910 315:1105 341:570 387:872 388:580 389:525 431:267 459:654 460:403	Glyceric acid-3-phosphate (4TMS)		1793.75	NCBITAXON:http://purl.bioontology.org/ontology/NCBITAXON/4530	Oryza sativa	Golm		MSI:2		tagfinder; manual supervised	990						failed	2026-06-18 20:17:03	not found	2026-06-18 20:17:03	splitless
CHEBI:14336	C3H9O6P	OCC(O)COP(O)(O)=O	InChI=1S/C3H9O6P/c4-1-3(5)2-9-10(6,7)8/h3-5H,1-2H2,(H2,6,7,8)	Glycerol-3-phosphate		211:618 299:1353 300:386 315:355 357:838 358:301	Glycerol-3-phosphate (4TMS)		1750.47	NCBITAXON:http://purl.bioontology.org/ontology/NCBITAXON/4530	Oryza sativa	Golm		MSI:2		tagfinder; manual supervised	991					RM0160118	not found	2026-06-18 20:17:03	first assignment	2026-06-18 20:17:03	splitless
CHEBI:5457	C6H15O8P	OCC(O)COP(O)(=O)OCC(O)CO	InChI=1S/C6H15O8P/c7-1-5(9)3-13-15(11,12)14-4-6(10)2-8/h5-10H,1-4H2,(H,11,12)	Glycerophosphoglycerol		181:258 195:398 197:174 203:457 212:330 213:259 225:315 227:590 241:288 243:425 253:329 257:423 269:173 283:243 285:520 286:216 299:894 300:477 301:357 312:210 315:599 316:296 317:230 329:200 341:241 357:941 358:513 359:380 371:202 373:440 387:223 389:194 445:473 446:270 503:367 516:238	Glycerophosphoglycerol (5TMS)		2174.27	NCBITAXON:http://purl.bioontology.org/ontology/NCBITAXON/4530	Oryza sativa	Golm		MSI:2		tagfinder; manual supervised	808				CHEBI:5457	RM0114528	first assignment	2026-06-18 20:17:03	first assignment	2026-06-18 20:17:03	splitless
CHEBI:18297	C6H13O9P	O[C@H]1[C@H](O)[C@@H](O)[C@H](OP(O)(O)=O)[C@H](O)[C@@H]1O	InChI=1S/C6H13O9P/c7-1-2(8)4(10)6(5(11)3(1)9)15-16(12,13)14/h1-11H,(H2,12,13,14)/t1-,2-,3+,4-,5-,6-/m1/s1	myo-Inositol-1-phosphate		100:153 160:210 191:325 276:128 299:455 315:395 318:467	myo-Inositol-1-phosphate (7TMS)		2409.57	NCBITAXON:http://purl.bioontology.org/ontology/NCBITAXON/4530	Oryza sativa	Golm		MSI:2		tagfinder; manual supervised	922					RM0136305	not found	2026-06-18 20:17:03	first assignment	2026-06-18 20:17:03	splitless
CHEBI:616988	C6H13O9P			Mannose-6-phosphate		160:450 387:529 388:275 389:212	Mannose-6-phosphate (1MEOX) (6TMS) MP		2295.7	NCBITAXON:http://purl.bioontology.org/ontology/NCBITAXON/4530	Oryza sativa	Golm		MSI:2		tagfinder; manual supervised	966					RM0157550	not found	2026-06-18 20:17:03	first assignment	2026-06-18 20:17:03	splitless
CHEBI:44897	C3H5O6P	OC(=O)C(=C)OP(O)(O)=O	InChI=1S/C3H5O6P/c1-2(3(4)5)9-10(6,7)8/h1H2,(H,4,5)(H2,6,7,8)	Phosphoenolpyruvic acid		189:227 227:259 299:344 369:390	Phosphoenolpyruvic acid (3TMS)		1593.66	NCBITAXON:http://purl.bioontology.org/ontology/NCBITAXON/4530	Oryza sativa	Golm		MSI:2		tagfinder; manual supervised	956					RM0060576	not found	2026-06-18 20:17:03	first assignment	2026-06-18 20:17:03	splitless
CHEBI:340824	CH5O4P	COP(O)(O)=O	InChI=1S/CH5O4P/c1-5-6(2,3)4/h1H3,(H2,2,3,4)	Phosphoric acid monomethyl ester		133:1814 135:875 137:348 163:1866 164:331 165:267 195:470 211:943 241:4788 242:864 243:454 256:382	Phosphoric acid monomethyl ester (2TMS)		1165.89	NCBITAXON:http://purl.bioontology.org/ontology/NCBITAXON/4530	Oryza sativa	Golm		MSI:2		tagfinder; manual supervised	975					RM0136733	failed	2026-06-18 20:17:03	first assignment	2026-06-18 20:17:03	splitless
CHEBI:18283	C12H23O14P	OC[C@H]1O[C@H](O[C@H]2O[C@H](COP(O)(O)=O)[C@@H](O)[C@H](O)[C@H]2O)[C@H](O)[C@@H](O)[C@@H]1O	InChI=1S/C12H23O14P/c13-1-3-5(14)7(16)9(18)11(24-3)26-12-10(19)8(17)6(15)4(25-12)2-23-27(20,21)22/h3-19H,1-2H2,(H2,20,21,22)/t3-,4-,5-,6-,7+,8+,9-,10-,11-,12-/m1/s1	Trehalose-6-phosphate		103:247 109:163 129:283 299:246 315:593 387:221	Trehalose-6-phosphate (9TMS)		3157.7	NCBITAXON:http://purl.bioontology.org/ontology/NCBITAXON/4530	Oryza sativa	Golm		MSI:2		tagfinder; manual supervised	984					RM0136063	not found	2026-06-18 20:17:03	first assignment	2026-06-18 20:17:03	splitless
CHEBI:15902	C5H11O8P	O[C@@H]1CO[C@H](OP(O)(O)=O)[C@H](O)[C@H]1O	InChI=1S/C5H11O8P/c6-2-1-12-5(4(8)3(2)7)13-14(9,10)11/h2-8H,1H2,(H2,9,10,11)/t2-,3+,4-,5-/m1/s1	Xylose-1-phosphoric acid		115:286 116:256 132:270 135:226 157:224 189:242 211:263 300:309 301:215 316:393 317:264 387:406 388:224	Xylose-1-phosphoric acid (5TMS)		2152.8	NCBITAXON:http://purl.bioontology.org/ontology/NCBITAXON/4530	Oryza sativa	Golm		MSI:2		tagfinder; manual supervised	829						failed	2026-06-18 20:17:03	not found	2026-06-18 20:17:03	splitless
CHEBI:33509	C5H10O6			Arabinonic acid		277:268 294:315 305:347 307:319 333:290	Arabinonic acid (5TMS)		1766.25	NCBITAXON:http://purl.bioontology.org/ontology/NCBITAXON/4530	Oryza sativa	Golm		MSI:2		tagfinder; manual supervised	995					RM0135974	failed	2026-06-18 20:17:03	first assignment	2026-06-18 20:17:03	splitless
CHEBI:22652	C6H8O6			Ascorbic acid		304:219 345:207 359:223 374:228	Ascorbic acid (4TMS)		1939.26	NCBITAXON:http://purl.bioontology.org/ontology/NCBITAXON/4530	Oryza sativa	Golm		MSI:2		tagfinder; manual supervised	984					RM0118068	not found	2026-06-18 20:17:03	first assignment	2026-06-18 20:17:03	splitless
CHEBI:132138	C12H12O12	C123C(OC4(C5(O1)C(C(CO5)O)OC4=O)O)(C(OC2C(CO3)O)=O)O	InChI=1S/C12H12O12/c13-3-1-19-11-5(3)21-7(15)9(11,17)23-10(18)8(16)22-6-4(14)2-20-12(6,10)24-11/h3-6,13-14,17-18H,1-2H2	Dehydroascorbic acid dimer		168:446 198:337 200:513 226:328 228:697 234:502 242:336 245:6888 248:474 264:651 272:517 288:594 290:323 304:316 317:2233 318:1140 332:352 378:238	Dehydroascorbic acid dimer (2MEOX) MP		1841.22	NCBITAXON:http://purl.bioontology.org/ontology/NCBITAXON/4530	Oryza sativa	Golm		MSI:2		tagfinder; manual supervised	987						failed	2026-06-18 20:17:03	not found	2026-06-18 20:17:03	splitless
CHEBI:37654	C4H8O5			Erythronic acid		205:2099 206:528 220:2113 292:2622 293:839 294:490 319:331	Erythronic acid (4TMS)		1530.32	NCBITAXON:http://purl.bioontology.org/ontology/NCBITAXON/4530	Oryza sativa	Golm		MSI:2		tagfinder; manual supervised	990					RM0041611	failed	2026-06-18 20:17:03	first assignment	2026-06-18 20:17:03	splitless
CHEBI:30852	C6H10O8	O[C@@H]([C@@H](O)[C@H](O)C(O)=O)[C@@H](O)C(O)=O	InChI=1S/C6H10O8/c7-1(3(9)5(11)12)2(8)4(10)6(13)14/h1-4,7-10H,(H,11,12)(H,13,14)/t1-,2+,3+,4-	Galactaric acid		219:285 221:449 277:276 292:888 293:296 305:421 335:310	Galactaric acid (6TMS)		2030.87	NCBITAXON:http://purl.bioontology.org/ontology/NCBITAXON/4530	Oryza sativa	Golm		MSI:2		tagfinder; manual supervised	993					RM0153163	not found	2026-06-18 20:17:03	first assignment	2026-06-18 20:17:03	splitless
CHEBI:24149	C6H12O7			Galactonic acid		117:1588 129:1474 205:1707	Galactonic acid (6TMS)		1982.11	NCBITAXON:http://purl.bioontology.org/ontology/NCBITAXON/4530	Oryza sativa	Golm		MSI:2		tagfinder; manual supervised	997					RM0013490	failed	2026-06-18 20:17:03	first assignment	2026-06-18 20:17:03	splitless
CHEBI:24266	C6H12O7			Gluconic acid		153:293 197:294 208:243 209:193 222:320 223:256 227:206 245:344 270:186 277:562 280:179 293:728 296:176 304:198 306:462 318:202 321:363 334:766 335:474 394:208 433:359	Gluconic acid (6TMS)		1986.85	NCBITAXON:http://purl.bioontology.org/ontology/NCBITAXON/4530	Oryza sativa	Golm		MSI:2		tagfinder; manual supervised	886					RM0155944	not found	2026-06-18 20:17:03	first assignment	2026-06-18 20:17:03	splitless
CHEBI:33508	C3H6O4	OCC(O)C(O)=O	InChI=1S/C3H6O4/c4-1-2(5)3(6)7/h2,4-5H,1H2,(H,6,7)	Glyceric acid		163:1209 175:3562 176:856 189:44458 190:9528 191:4859 192:1026 193:420 205:10115 206:2240 207:1525 208:378 219:1451 220:404 221:1674 222:549 223:340 265:415 279:394 292:16404 293:4781 294:2599 295:738 307:3461 308:1240 309:746	Glyceric acid (3TMS)		1320.59	NCBITAXON:http://purl.bioontology.org/ontology/NCBITAXON/4530	Oryza sativa	Golm		MSI:2		tagfinder; manual supervised	996					RM0135902	not found	2026-06-18 20:17:03	first assignment	2026-06-18 20:17:03	splitless
CHEBI:33511	C5H10O6			Ribonic acid		103:9426 104:979 143:1149 189:1948	Ribonic acid (5TMS)		1750.17	NCBITAXON:http://purl.bioontology.org/ontology/NCBITAXON/4530	Oryza sativa	Golm		MSI:2		tagfinder; manual supervised	996					RM0138937	failed	2026-06-18 20:17:03	first assignment	2026-06-18 20:17:03	splitless
CHEBI:26984	C4H8O5	OC[C@@H](O)[C@H](O)C(O)=O	InChI=1S/C4H8O5/c5-1-2(6)3(7)4(8)9/h2-3,5-7H,1H2,(H,8,9)/t2-,3+/m1/s1	Threonic acid		103:8620 104:1180 117:11021 118:1173 119:1091 129:2778 130:5748 132:767 133:5001 134:803 135:576 143:1596 150:438 163:462 175:395 177:1141 189:1699 190:448 191:750 203:599 204:1070 205:5602 206:1181 207:918 217:5341 218:1189 219:831 220:5711 221:2299 222:873 245:1056 277:404 291:1003 292:7229 293:2141 294:1093 319:852	Threonic acid (4TMS)		1547.79	NCBITAXON:http://purl.bioontology.org/ontology/NCBITAXON/4530	Oryza sativa	Golm		MSI:2		tagfinder; manual supervised	978					RM0049431	not found	2026-06-18 20:17:03	first assignment	2026-06-18 20:17:03	splitless
CHEBI:71176	C4H6O4	O[C@H]1COC(=O)[C@@H]1O	InChI=1S/C4H6O4/c5-2-1-8-4(7)3(2)6/h2-3,5-6H,1H2/t2-,3+/m0/s1	Threonic acid-1,4-lactone		116:1181 129:301 132:331 189:397 262:191	Threonic acid-1,4-lactone (2TMS)		1373.77	NCBITAXON:http://purl.bioontology.org/ontology/NCBITAXON/4530	Oryza sativa	Golm		MSI:2		tagfinder; manual supervised	991						failed	2026-06-18 20:17:03	not found	2026-06-18 20:17:03	splitless
CHEBI:22605	C5H12O5			Arabitol		175:660 177:517 189:3720 190:932 192:566 204:3888 205:8667 206:1876 217:22821 218:5509 229:531 243:1576 291:530 306:476 307:3673 308:1156 309:655 317:601 319:3037 320:1008 332:566	Arabitol (5TMS)		1707.77	NCBITAXON:http://purl.bioontology.org/ontology/NCBITAXON/4530	Oryza sativa	Golm		MSI:2		tagfinder; manual supervised	996					RM0135975	not found	2026-06-18 20:17:03	first assignment	2026-06-18 20:17:03	splitless
CHEBI:17113	C4H10O4	OC[C@H](O)[C@H](O)CO	InChI=1S/C4H10O4/c5-1-3(7)4(8)2-6/h3-8H,1-2H2/t3-,4+	Erythritol		117:12885 134:931 143:1094 145:322 150:366 163:386 175:570 189:4739 190:1005 191:3436 192:700 203:440 204:4257 205:7663 206:1705 207:970 215:437 217:13475 218:2779 219:1303 220:279 221:862 231:536 277:507 293:848 294:318 305:312 307:1340 308:464 309:289 320:490	Erythritol (4TMS)		1493.13	NCBITAXON:http://purl.bioontology.org/ontology/NCBITAXON/4530	Oryza sativa	Golm		MSI:2		tagfinder; manual supervised	988				CHEBI:17113	RM0136218	first assignment	2026-06-18 20:17:03	first assignment	2026-06-18 20:17:03	splitless
CHEBI:17505	C12H22O11	OC[C@H]1O[C@H](O[C@H]2[C@@H](O)[C@@H](O)[C@H](O)[C@@H](O)[C@@H]2O)[C@H](O)[C@@H](O)[C@H]1O	InChI=1S/C12H22O11/c13-1-2-3(14)4(15)10(21)12(22-2)23-11-8(19)6(17)5(16)7(18)9(11)20/h2-21H,1H2/t2-,3+,4+,5-,6-,7+,8+,9+,10-,11-,12-/m1/s1	Galactitol		118:929 129:6517 131:2456 189:2782 205:8701 206:1930 219:1417 231:962 319:4694 320:1472 321:785	Galactitol (6TMS)		1925.5	NCBITAXON:http://purl.bioontology.org/ontology/NCBITAXON/4530	Oryza sativa	Golm		MSI:2		tagfinder; manual supervised	951				CHEBI:16813	RM0108986	first assignment	2026-06-18 20:17:03	first assignment	2026-06-18 20:17:03	splitless
CHEBI:17754	C3H8O3	OCC(O)CO	InChI=1S/C3H8O3/c4-1-3(6)2-5/h3-6H,1-2H2	Glycerol		203:1735 205:14706 206:3148	Glycerol (3TMS)		1261.55	NCBITAXON:http://purl.bioontology.org/ontology/NCBITAXON/4530	Oryza sativa	Golm		MSI:2		tagfinder; manual supervised	999				CHEBI:17754	RM0135887	first assignment	2026-06-18 20:17:03	first assignment	2026-06-18 20:17:03	splitless
CHEBI:17594	C6H6O2	Oc1ccc(O)cc1	InChI=1S/C6H6O2/c7-5-1-2-6(8)4-3-5/h1-4,7-8H	Hydroquinone		90:272 96:255 109:260 111:259 120:190 124:145 134:279 137:237 138:271 139:221 150:215 151:185 161:158 163:274 164:179 165:263 166:292 179:259 181:255 193:172 195:259 209:240 211:279 223:540 224:274 225:197 237:237 242:224 256:359	Hydroquinone (2TMS)		1400.57	NCBITAXON:http://purl.bioontology.org/ontology/NCBITAXON/4530	Oryza sativa	Golm		MSI:2		tagfinder; manual supervised	904				CHEBI:17594	RM0162616	first assignment	2026-06-18 20:17:03	first assignment	2026-06-18 20:17:03	splitless
CHEBI:29864	C6H14O6			Mannitol		204:6640 205:30509 206:6232 207:3504 217:26949 218:6144 319:23320 320:7146 321:3492	Mannitol (6TMS)		1913.09	NCBITAXON:http://purl.bioontology.org/ontology/NCBITAXON/4530	Oryza sativa	Golm		MSI:2		tagfinder; manual supervised	989				CHEBI:29864	RM0155938	first assignment	2026-06-18 20:17:03	first assignment	2026-06-18 20:17:03	splitless
CHEBI:15963	C5H12O5	OC[C@H](O)[C@H](O)[C@H](O)CO	InChI=1S/C5H12O5/c6-1-3(8)5(10)4(9)2-7/h3-10H,1-2H2/t3-,4+,5-	Ribitol		144:527 145:1290 146:311 150:1195 153:453 158:1046 159:1010 161:788 163:1531 170:1018 175:2233 176:478 177:1383 178:293 179:270 189:11318 190:3660 191:4800 192:1525 193:651 201:502 202:310 203:3465 204:9045 205:20375 206:5509 207:2721 208:713 212:165 215:417 217:43201 218:11300 219:5370 220:1559 221:1914 222:665 229:2368 230:783 231:694 244:1366 245:886 291:1706	Ribitol (5TMS)		1713.31	NCBITAXON:http://purl.bioontology.org/ontology/NCBITAXON/4530	Oryza sativa	Golm		MSI:2		tagfinder; manual supervised	996				CHEBI:15963	RM0155896	first assignment	2026-06-18 20:17:03	first assignment	2026-06-18 20:17:03	splitless
CHEBI:30911	C6H14O6			Sorbitol		205:10535 217:9436 319:7055 320:2189 321:1163 332:167	Sorbitol (6TMS)		1919.89	NCBITAXON:http://purl.bioontology.org/ontology/NCBITAXON/4530	Oryza sativa	Golm		MSI:2		tagfinder; manual supervised	991					RM0155940	not found	2026-06-18 20:17:03	first assignment	2026-06-18 20:17:03	splitless
CHEBI:26981	C4H10O4			Threitol		189:886 191:654 192:181 205:1202 206:307 217:2291 219:272 293:191 307:308	Threitol (4TMS)		1484.95	NCBITAXON:http://purl.bioontology.org/ontology/NCBITAXON/4530	Oryza sativa	Golm		MSI:2		tagfinder; manual supervised	993				CHEBI:26981	RM0162751	first assignment	2026-06-18 20:17:03	first assignment	2026-06-18 20:17:03	splitless
CHEBI:17151	C5H12O5	OC[C@H](O)[C@@H](O)[C@H](O)CO	InChI=1S/C5H12O5/c6-1-3(8)5(10)4(9)2-7/h3-10H,1-2H2/t3-,4+,5+	Xylitol		104:270 125:128 175:120 204:282 205:489 217:1066 218:406 307:274 319:229 320:137	Xylitol (5TMS)		1693.54	NCBITAXON:http://purl.bioontology.org/ontology/NCBITAXON/4530	Oryza sativa	Golm		MSI:2		tagfinder; manual supervised	971				CHEBI:17151	RM0034160	first assignment	2026-06-18 20:17:03	first assignment	2026-06-18 20:17:03	splitless
unknown				A104001-101_Siloxane		163:508 165:326 177:756 189:731 191:3241 192:715 193:877 207:23054 208:4928 209:2875 210:446 247:448 279:406 295:2918 296:932 297:553	Siloxane		1015.56	NCBITAXON:http://purl.bioontology.org/ontology/NCBITAXON/4530	Oryza sativa	Golm		MSI:2		tagfinder; manual supervised	995						failed	2026-06-18 20:17:03	not found	2026-06-18 20:17:03	splitless
unknown				A114002-101_NA114002 (classified unknown)		89:28317 90:2850 91:1482 99:1567 100:39909 102:8005 103:27845 104:3649 105:3594 106:439 113:1170 114:1304 115:5631 116:4228 117:8969 118:3642 119:7062 121:601 130:3719 134:14011 135:7125 136:701 144:1621 145:650 146:28862 150:2077 189:501 205:9583 206:2215 220:35536 221:6768 222:3217	NA114002 (classified unknown)		1128.05	NCBITAXON:http://purl.bioontology.org/ontology/NCBITAXON/4530	Oryza sativa	Golm		MSI:2		tagfinder; manual supervised	992						failed	2026-06-18 20:17:03	not found	2026-06-18 20:17:03	splitless
unknown				A123002-101_similar to Pentasiloxane, dodecamethyl		249:202 265:202 282:260 283:202 369:186	similar to Pentasiloxane, dodecamethyl		1207.9	NCBITAXON:http://purl.bioontology.org/ontology/NCBITAXON/4530	Oryza sativa	Golm		MSI:2		tagfinder; manual supervised	932						failed	2026-06-18 20:17:03	not found	2026-06-18 20:17:03	splitless
unknown				A143002-101_A143002-101		86:855 100:455 174:1279	A143002-101		1408.39	NCBITAXON:http://purl.bioontology.org/ontology/NCBITAXON/4530	Oryza sativa	Golm		MSI:2		tagfinder; manual supervised	996						failed	2026-06-18 20:17:03	not found	2026-06-18 20:17:03	splitless
unknown				A183010-101_Siloxane		222:148 223:116 281:175 295:167	Siloxane		1828.33	NCBITAXON:http://purl.bioontology.org/ontology/NCBITAXON/4530	Oryza sativa	Golm		MSI:2		tagfinder; manual supervised	994						failed	2026-06-18 20:17:03	not found	2026-06-18 20:17:03	splitless
unknown				A197008-101_Siloxane		222:160 281:165 295:170	Siloxane		1973.88	NCBITAXON:http://purl.bioontology.org/ontology/NCBITAXON/4530	Oryza sativa	Golm		MSI:2		tagfinder; manual supervised	984						failed	2026-06-18 20:17:03	not found	2026-06-18 20:17:03	splitless
unknown				A211012-101_Siloxane		223:158 281:158 295:168 369:155	Siloxane		2114.76	NCBITAXON:http://purl.bioontology.org/ontology/NCBITAXON/4530	Oryza sativa	Golm		MSI:2		tagfinder; manual supervised	944						failed	2026-06-18 20:17:03	not found	2026-06-18 20:17:03	splitless
unknown				A225011-101_Siloxane		223:145 281:157 369:140	Siloxane		2254.03	NCBITAXON:http://purl.bioontology.org/ontology/NCBITAXON/4530	Oryza sativa	Golm		MSI:2		tagfinder; manual supervised	976						failed	2026-06-18 20:17:03	not found	2026-06-18 20:17:03	splitless
unknown				A240010-101_Siloxane		222:152 281:159 295:165	Siloxane		2398.04	NCBITAXON:http://purl.bioontology.org/ontology/NCBITAXON/4530	Oryza sativa	Golm		MSI:2		tagfinder; manual supervised	976						failed	2026-06-18 20:17:03	not found	2026-06-18 20:17:03	splitless
unknown				A271010-101_Siloxane		267:1106 355:2050 356:871	Siloxane		2722.4	NCBITAXON:http://purl.bioontology.org/ontology/NCBITAXON/4530	Oryza sativa	Golm		MSI:2		tagfinder; manual supervised	973						failed	2026-06-18 20:17:03	not found	2026-06-18 20:17:03	splitless
CHEBI:46807	C4H10O3	OCCOCCO	InChI=1S/C4H10O3/c5-1-3-7-4-2-6/h5-6H,1-4H2	Diethylenglycol		85:974 87:10653 88:15787 89:7790 90:930 99:1102 101:42368 102:5960 103:55046 104:5364 105:3209 115:4459 116:85081 117:187336 118:23145 119:11984 120:990 131:3136 133:14778 134:2100 135:1309 145:7468 146:971	Diethylenglycol (2TMS)		1234.73	NCBITAXON:http://purl.bioontology.org/ontology/NCBITAXON/4530	Oryza sativa	Golm		MSI:2		tagfinder; manual supervised	997						failed	2026-06-18 20:17:03	not found	2026-06-18 20:17:03	splitless
CHEBI:18305	C12H16O7	OC[C@H]1O[C@@H](Oc2ccc(O)cc2)[C@H](O)[C@@H](O)[C@@H]1O	InChI=1S/C12H16O7/c13-5-8-9(15)10(16)11(17)12(19-8)18-7-3-1-6(14)2-4-7/h1-4,8-17H,5H2/t8-,9-,10+,11-,12-/m1/s1	4-Hydroxyphenyl-beta-glucopyranoside		191:1372 217:5833 218:1395	4-Hydroxyphenyl-beta-glucopyranoside (5TMS)		2580.9	NCBITAXON:http://purl.bioontology.org/ontology/NCBITAXON/4530	Oryza sativa	Golm		MSI:2		tagfinder; manual supervised	999						failed	2026-06-18 20:17:03	not found	2026-06-18 20:17:03	splitless
CHEBI:143543	C14H17NO6	O1C(C(O)C(O)C(O)C1OC=2C=3C(NC2)=CC=CC3)CO	InChI=1S/C14H17NO6/c16-6-10-11(17)12(18)13(19)14(21-10)20-9-5-15-8-4-2-1-3-7(8)9/h1-5,10-19H,6H2	beta-indol-3-yl-glucoside		192:534 231:658 319:586 361:4486 362:1600 363:883	Indol-3-yl-glucoside, beta- (5TMS)		2790.1	NCBITAXON:http://purl.bioontology.org/ontology/NCBITAXON/4530	Oryza sativa	Golm		MSI:2		tagfinder; manual supervised	997						not found	2026-06-18 20:17:03	not found	2026-06-18 20:17:03	splitless
CHEBI:73235	C13H16O7	[H]C(=O)c1ccccc1O[C@@H]1O[C@H](CO)[C@@H](O)[C@H](O)[C@H]1O	InChI=1S/C13H16O7/c14-5-7-3-1-2-4-8(7)19-13-12(18)11(17)10(16)9(6-15)20-13/h1-5,9-13,15-18H,6H2/t9-,10-,11+,12-,13-/m1/s1	Salicylaldehyde-beta-D-glucopyranoside		104:482 113:255 115:540 116:518 119:349 130:544 131:1096 132:245 143:566 189:533 191:808	Salicylaldehyde-beta-D-glucopyranoside (1MEOX) (4TMS) MP		2542.08	NCBITAXON:http://purl.bioontology.org/ontology/NCBITAXON/4530	Oryza sativa	Golm		MSI:2		tagfinder; manual supervised	891						failed	2026-06-18 20:17:03	not found	2026-06-18 20:17:03	splitless
CHEBI:87766	C13H16O8	O1[C@@H]([C@@H](O)[C@H](O)[C@@H](O)C1OC=2C(=CC=CC2)C(O)=O)CO	InChI=1S/C13H16O8/c14-5-8-9(15)10(16)11(17)13(21-8)20-7-4-2-1-3-6(7)12(18)19/h1-4,8-11,13-17H,5H2,(H,18,19)/t8-,9-,10+,11-,13?/m1/s1	Salicylic acid-glucopyranoside		120:543 121:782 129:3962 130:844 131:1418 133:1899 135:1472 136:292 143:1252 151:674 155:929 169:3128 170:749 175:375 177:566 179:726 189:971 191:1683 193:1205 194:528 195:738 206:498 209:509 218:1115 221:482 229:536 243:1613 244:590 245:610 267:3097 268:1027 269:543 271:1478 272:505 273:430 333:256 361:3126 362:1310	Salicylic acid-glucopyranoside (5TMS)		2571.32	NCBITAXON:http://purl.bioontology.org/ontology/NCBITAXON/4530	Oryza sativa	Golm		MSI:2		tagfinder; manual supervised	886						failed	2026-06-18 20:17:03	not found	2026-06-18 20:17:03	splitless
CHEBI:22599	C5H10O5			Arabinose		103:12828 104:1303 105:1022 160:1040 217:5013 218:1113 219:522 233:342 277:394 307:1478 308:446	Arabinose (1MEOX) (4TMS) MP		1651.89	NCBITAXON:http://purl.bioontology.org/ontology/NCBITAXON/4530	Oryza sativa	Golm		MSI:2		tagfinder; manual supervised	981				CHEBI:22599	RM0136634	first assignment	2026-06-18 20:17:03	first assignment	2026-06-18 20:17:03	splitless
CHEBI:30997	C6H10O5	O[C@@H]1[C@H]2CO[C@H](O2)[C@H](O)[C@H]1O	InChI=1S/C6H10O5/c7-3-2-1-10-6(11-2)5(9)4(3)8/h2-9H,1H2/t2-,3-,4+,5-,6-/m1/s1	Glucose, 1,6-anhydro-, beta-		129:933 189:588 204:1926 217:1375 218:323	Glucose, 1,6-anhydro-, beta- (3TMS)		1701.27	NCBITAXON:http://purl.bioontology.org/ontology/NCBITAXON/4530	Oryza sativa	Golm		MSI:2		tagfinder; manual supervised	991						failed	2026-06-18 20:17:03	not found	2026-06-18 20:17:03	splitless
CHEBI:16885	C18H32O16	OC[C@H]1O[C@H](O[C@]2(CO[C@]3(CO)O[C@H](CO)[C@@H](O)[C@@H]3O)O[C@H](CO)[C@@H](O)[C@@H]2O)[C@H](O)[C@@H](O)[C@@H]1O	InChI=1S/C18H32O16/c19-1-6-9(23)12(26)13(27)16(31-6)34-18(15(29)11(25)8(3-21)33-18)5-30-17(4-22)14(28)10(24)7(2-20)32-17/h6-16,19-29H,1-5H2/t6-,7-,8-,9-,10-,11-,12+,13-,14+,15+,16-,17-,18+/m1/s1	1-kestose		103:8051 104:830 105:459 109:541 113:445 127:388 129:6448 130:1001 131:1038 139:272 142:534 143:1228 144:267 145:474 153:302 155:918 156:275 157:1212 158:269 163:294 169:4955 170:808 171:558 173:445 177:328 181:238 183:541 185:282 189:1104 190:320 191:1849 192:429 199:357 201:248 203:480 215:548 217:12141 218:2718 219:1307 220:311 229:507 230:1209 231:746 232:326 233:359 243:1531 244:490 245:525 257:674 258:260 271:1844 272:568 273:470 291:264 305:306 319:517 320:312 331:389 361:6279 362:2253 363:1110 364:359 437:901 438:474 451:756	Kestose, 1- (11TMS)		3360.75	NCBITAXON:http://purl.bioontology.org/ontology/NCBITAXON/4530	Oryza sativa	Golm		MSI:2		tagfinder; manual supervised	993					RM0157389	not found	2026-06-18 20:17:03	first assignment	2026-06-18 20:17:03	splitless
CHEBI:17306	C12H22O11	OC[C@H]1O[C@H](O[C@@H]2[C@@H](CO)OC(O)[C@H](O)[C@H]2O)[C@H](O)[C@@H](O)[C@@H]1O	InChI=1S/C12H22O11/c13-1-3-5(15)6(16)9(19)12(22-3)23-10-4(2-14)21-11(20)8(18)7(10)17/h3-20H,1-2H2/t3-,4-,5-,6+,7-,8-,9-,10-,11?,12-/m1/s1	Maltose		162:199 168:184 186:191 256:179 262:189 481:195	Maltose (1MEOX) (8TMS) MP		2721.47	NCBITAXON:http://purl.bioontology.org/ontology/NCBITAXON/4530	Oryza sativa	Golm		MSI:2		tagfinder; manual supervised	960				CHEBI:17306	RM0139031	first assignment	2026-06-18 20:17:03	first assignment	2026-06-18 20:17:03	splitless
CHEBI:33951	C6H12O6			Psicose		192:206 201:554 277:648 307:1512 308:716 309:387	Psicose (1MEOX) (5TMS) BP		1839.71	NCBITAXON:http://purl.bioontology.org/ontology/NCBITAXON/4530	Oryza sativa	Golm		MSI:2		tagfinder; manual supervised	956					RM0049926	not found	2026-06-18 20:17:03	first assignment	2026-06-18 20:17:03	splitless
CHEBI:16634	C18H32O16	OC[C@H]1O[C@H](OC[C@H]2O[C@H](O[C@]3(CO)O[C@H](CO)[C@@H](O)[C@@H]3O)[C@H](O)[C@@H](O)[C@@H]2O)[C@H](O)[C@@H](O)[C@H]1O	InChI=1S/C18H32O16/c19-1-5-8(22)11(25)13(27)16(31-5)30-3-7-9(23)12(26)14(28)17(32-7)34-18(4-21)15(29)10(24)6(2-20)33-18/h5-17,19-29H,1-4H2/t5-,6-,7-,8+,9-,10-,11+,12+,13-,14-,15+,16+,17-,18+/m1/s1	Raffinose		129:19523 130:2581 139:587 142:796 143:2929 144:557 145:910 150:455 153:649 154:349 155:2729 156:625 157:3131 158:601 161:709 163:646 167:386 169:13223 170:2059 171:1632 172:371 173:663 175:587 177:733 181:458 183:1018 184:323 185:377 187:403 189:3142 190:873 191:5555 192:1082 199:786 200:296 201:495 202:327 203:1445 204:17694 205:4934 206:1852 215:931 216:431 217:22576 218:5406 219:2530 220:587 227:498 229:1186 230:1558 231:1475 232:614 233:581 241:482 243:5102 244:1388 245:1508 246:562 247:556 257:1502 258:543 259:830 265:393 271:5431 272:1429 273:1181 291:868 319:1826 331:908	Raffinose (11TMS)		3352.86	NCBITAXON:http://purl.bioontology.org/ontology/NCBITAXON/4530	Oryza sativa	Golm		MSI:2		tagfinder; manual supervised	996				CHEBI:16634	RM0155913	first assignment	2026-06-18 20:17:03	first assignment	2026-06-18 20:17:03	splitless
CHEBI:26546	C6H14O6			Rhamnose		278:531 279:342 321:580	Rhamnose (1MEOX) (4TMS) MP		1707.59	NCBITAXON:http://purl.bioontology.org/ontology/NCBITAXON/4530	Oryza sativa	Golm		MSI:2		tagfinder; manual supervised	993					RM0155892	not found	2026-06-18 20:17:03	first assignment	2026-06-18 20:17:03	splitless
CHEBI:33942	C5H10O5			Ribose		277:313 307:1095 308:347	Ribose (1MEOX) (4TMS) MP		1666.92	NCBITAXON:http://purl.bioontology.org/ontology/NCBITAXON/4530	Oryza sativa	Golm		MSI:2		tagfinder; manual supervised	999				CHEBI:33942	RM0006551	first assignment	2026-06-18 20:17:03	first assignment	2026-06-18 20:17:03	splitless
CHEBI:28721	C5H10O5			Ribulose		173:3002 263:1488 264:441 265:269 288:215 364:227	Ribulose (1MEOX) (4TMS) MP		1666.41	NCBITAXON:http://purl.bioontology.org/ontology/NCBITAXON/4530	Oryza sativa	Golm		MSI:2		tagfinder; manual supervised	997				CHEBI:28721	RM0155939	first assignment	2026-06-18 20:17:03	first assignment	2026-06-18 20:17:03	splitless
CHEBI:16551	C12H22O11	OC[C@H]1O[C@H](O[C@H]2O[C@H](CO)[C@@H](O)[C@H](O)[C@H]2O)[C@H](O)[C@@H](O)[C@@H]1O	InChI=1S/C12H22O11/c13-1-3-5(15)7(17)9(19)11(21-3)23-12-10(20)8(18)6(16)4(2-14)22-12/h3-20H,1-2H2/t3-,4-,5-,6-,7+,8+,9-,10-,11-,12-/m1/s1	alpha,alpha'-trehalose		155:1933 169:7993 170:1359 229:819 243:3365 244:852 245:866 271:3226 319:1007 361:14336 362:4761 363:2315	Trehalose, alpha,alpha' (8TMS)		2726.53	NCBITAXON:http://purl.bioontology.org/ontology/NCBITAXON/4530	Oryza sativa	Golm		MSI:2		tagfinder; manual supervised	981						not found	2026-06-18 20:17:03	not found	2026-06-18 20:17:03	splitless
CHEBI:18222	C5H10O5			Xylose		103:5031 104:535 160:561 189:584 217:1997 218:489 307:623	Xylose (1MEOX) (4TMS) MP		1644.63	NCBITAXON:http://purl.bioontology.org/ontology/NCBITAXON/4530	Oryza sativa	Golm		MSI:2		tagfinder; manual supervised	986				CHEBI:18222	RM0155911	first assignment	2026-06-18 20:17:03	first assignment	2026-06-18 20:17:03	splitless
CHEBI:30769	C6H8O7	OC(=O)CC(O)(CC(O)=O)C(O)=O	InChI=1S/C6H8O7/c7-3(8)1-6(13,5(11)12)2-4(9)10/h13H,1-2H2,(H,7,8)(H,9,10)(H,11,12)	Citric acid		232:1419 233:938 258:2730	Citric acid (4TMS)		1806.26	NCBITAXON:http://purl.bioontology.org/ontology/NCBITAXON/4530	Oryza sativa	Golm		MSI:2		tagfinder; manual supervised	997					RM0135884	not found	2026-06-18 20:17:03	first assignment	2026-06-18 20:17:03	splitless
CHEBI:6650	C4H6O5	OC(CC(O)=O)C(O)=O	InChI=1S/C4H6O5/c5-2(4(8)9)1-3(6)7/h2,5H,1H2,(H,6,7)(H,8,9)	Malic acid		161:970 163:1011 171:13213 172:1893 173:2335 175:26921 176:4745 189:34869 190:29632 191:24673 192:5614 193:2037 194:372 201:388 203:3967 204:2073 207:1488 208:428 215:472 216:402 217:14264 218:3124 219:2077 220:450 221:6762 222:1740 223:982 231:588 232:483 233:68328 234:13938 235:6279 236:967 237:427 245:39019 246:8111 247:5487 248:980 249:429 260:1331 261:402 263:9564 264:2968 265:12356 266:3433 267:1691	Malic acid (3TMS)		1479.52	NCBITAXON:http://purl.bioontology.org/ontology/NCBITAXON/4530	Oryza sativa	Golm		MSI:2		tagfinder; manual supervised	998					RM0135894	not found	2026-06-18 20:17:03	first assignment	2026-06-18 20:17:03	splitless
CHEBI:16449	C3H7NO2	CC(N)C(O)=O	InChI=1S/C3H7NO2/c1-2(4)3(5)6/h2H,4H2,1H3,(H,5,6)	Alanine		116:51728 117:6514 190:2207 191:553 218:652	Alanine (2TMS)		1088.68	NCBITAXON:http://purl.bioontology.org/ontology/NCBITAXON/4530	Oryza sativa	Golm		MSI:2		tagfinder; manual supervised	999				CHEBI:16449	RM0135898	first assignment	2026-06-18 20:17:03	first assignment	2026-06-18 20:17:03	splitless
CHEBI:22653	C4H8N2O3	NC(CC(N)=O)C(O)=O	InChI=1S/C4H8N2O3/c5-2(4(8)9)1-3(6)7/h2H,1,5H2,(H2,6,7)(H,8,9)	Asparagine		125:208 142:1071 173:162 188:1838 189:533 190:942 192:160 200:256 201:154 206:424 207:161 213:319 214:449 215:622 216:1339 232:152 241:184 242:144 278:173 290:147 303:148 304:149 305:247 306:150 315:136 405:144 419:150 420:187 421:144	Asparagine (4TMS) MP		1596.22	NCBITAXON:http://purl.bioontology.org/ontology/NCBITAXON/4530	Oryza sativa	Golm		MSI:2		tagfinder; manual supervised	979				CHEBI:22653	RM0135724	first assignment	2026-06-18 20:17:03	first assignment	2026-06-18 20:17:03	splitless
CHEBI:22653	C4H8N2O3	NC(CC(N)=O)C(O)=O	InChI=1S/C4H8N2O3/c5-2(4(8)9)1-3(6)7/h2H,1,5H2,(H2,6,7)(H,8,9)	Asparagine		163:244 173:207 188:2669 190:490 214:253 215:280 303:353	Asparagine (4TMS) BP1		1622.26	NCBITAXON:http://purl.bioontology.org/ontology/NCBITAXON/4530	Oryza sativa	Golm		MSI:2		tagfinder; manual supervised	991				CHEBI:22653	RM0135724	first assignment	2026-06-18 20:17:03	first assignment	2026-06-18 20:17:03	splitless
CHEBI:22653	C4H8N2O3	NC(CC(N)=O)C(O)=O	InChI=1S/C4H8N2O3/c5-2(4(8)9)1-3(6)7/h2H,1,5H2,(H2,6,7)(H,8,9)	Asparagine		90:469 118:1065 141:682 144:723 159:6105 160:1264 161:692	Asparagine (2TMS)		1602.01	NCBITAXON:http://purl.bioontology.org/ontology/NCBITAXON/4530	Oryza sativa	Golm		MSI:2		tagfinder; manual supervised	992				CHEBI:22653	RM0135724	first assignment	2026-06-18 20:17:03	first assignment	2026-06-18 20:17:03	splitless
CHEBI:22653	C4H8N2O3	NC(CC(N)=O)C(O)=O	InChI=1S/C4H8N2O3/c5-2(4(8)9)1-3(6)7/h2H,1,5H2,(H2,6,7)(H,8,9)	Asparagine		153:847 173:903 199:455 201:6323 202:1562 214:342 215:2275 216:927 229:353 243:32192 244:8297 245:3991 246:719 257:409 258:634	Asparagine [-H2O] (2TMS)		1504.04	NCBITAXON:http://purl.bioontology.org/ontology/NCBITAXON/4530	Oryza sativa	Golm		MSI:2		tagfinder; manual supervised	993				CHEBI:22653	RM0135724	first assignment	2026-06-18 20:17:03	first assignment	2026-06-18 20:17:03	splitless
CHEBI:22653	C4H8N2O3	NC(CC(N)=O)C(O)=O	InChI=1S/C4H8N2O3/c5-2(4(8)9)1-3(6)7/h2H,1,5H2,(H2,6,7)(H,8,9)	Asparagine		347:354 348:262 359:227 449:540	Asparagine [+CO2] (4TMS)		1942.21	NCBITAXON:http://purl.bioontology.org/ontology/NCBITAXON/4530	Oryza sativa	Golm		MSI:2		tagfinder; manual supervised	969				CHEBI:22653	RM0135724	first assignment	2026-06-18 20:17:03	first assignment	2026-06-18 20:17:03	splitless
CHEBI:22660	C4H7NO4	NC(CC(O)=O)C(O)=O	InChI=1S/C4H7NO4/c5-2(4(8)9)1-3(6)7/h2H,1,5H2,(H,6,7)(H,8,9)	Aspartic acid		100:5105 102:2052 116:13891 117:15803 118:2291 128:1238 130:17902 131:3054 132:1225 144:2756 146:1629 159:1360 160:27486 161:3475 162:1274 202:1129 220:916 234:1809 235:421 245:2374	Aspartic acid (2TMS)		1421.73	NCBITAXON:http://purl.bioontology.org/ontology/NCBITAXON/4530	Oryza sativa	Golm		MSI:2		tagfinder; manual supervised	995					RM0135905	not found	2026-06-18 20:17:03	first assignment	2026-06-18 20:17:03	splitless
CHEBI:18237	C5H9NO4	NC(CCC(O)=O)C(O)=O	InChI=1S/C5H9NO4/c6-3(5(9)10)1-2-4(7)8/h3H,1-2,6H2,(H,7,8)(H,9,10)	Glutamic acid		158:19447 186:6194 187:971 276:2834	Glutamic acid (2TMS)		1529.28	NCBITAXON:http://purl.bioontology.org/ontology/NCBITAXON/4530	Oryza sativa	Golm		MSI:2		tagfinder; manual supervised	995					RM0135893	not found	2026-06-18 20:17:03	first assignment	2026-06-18 20:17:03	splitless
CHEBI:28300	C5H10N2O3	NC(CCC(N)=O)C(O)=O	InChI=1S/C5H10N2O3/c6-3(5(9)10)1-2-4(7)8/h3H,1-2,6H2,(H2,7,8)(H,9,10)	Glutamine		126:254 153:162 211:166 301:221 344:209	Glutamine [-H2O] (3TMS) MP		1586.58	NCBITAXON:http://purl.bioontology.org/ontology/NCBITAXON/4530	Oryza sativa	Golm		MSI:2		tagfinder; manual supervised	962				CHEBI:28300	RM0012560	first assignment	2026-06-18 20:17:03	first assignment	2026-06-18 20:17:03	splitless
CHEBI:28300	C5H10N2O3	NC(CCC(N)=O)C(O)=O	InChI=1S/C5H10N2O3/c6-3(5(9)10)1-2-4(7)8/h3H,1-2,6H2,(H2,7,8)(H,9,10)	Glutamine		98:594 103:954 112:831 113:413 114:617 132:638 134:253 139:3395 140:798 141:480 157:1031 229:1630	Glutamine [-H2O] (2TMS) BP		1471.76	NCBITAXON:http://purl.bioontology.org/ontology/NCBITAXON/4530	Oryza sativa	Golm		MSI:2		tagfinder; manual supervised	964				CHEBI:28300	RM0012560	first assignment	2026-06-18 20:17:03	first assignment	2026-06-18 20:17:03	splitless
CHEBI:15428	C2H5NO2	NCC(O)=O	InChI=1S/C2H5NO2/c3-1-2(4)5/h1,3H2,(H,4,5)	Glycine		86:408 102:4672 132:173	Glycine (2TMS)		1107.07	NCBITAXON:http://purl.bioontology.org/ontology/NCBITAXON/4530	Oryza sativa	Golm		MSI:2		tagfinder; manual supervised	998				CHEBI:15428	RM0135888	first assignment	2026-06-18 20:17:03	first assignment	2026-06-18 20:17:03	splitless
CHEBI:28044	C9H11NO2	NC(Cc1ccccc1)C(O)=O	InChI=1S/C9H11NO2/c10-8(9(11)12)6-7-4-2-1-3-5-7/h1-5,8H,6,10H2,(H,11,12)	Phenylalanine		120:6902 130:1600 146:2771	Phenylalanine (1TMS)		1556.62	NCBITAXON:http://purl.bioontology.org/ontology/NCBITAXON/4530	Oryza sativa	Golm		MSI:2		tagfinder; manual supervised	998				CHEBI:28044	RM0135897	first assignment	2026-06-18 20:17:03	first assignment	2026-06-18 20:17:03	splitless
CHEBI:26271	C5H9NO2	OC(=O)C1CCCN1	InChI=1S/C5H9NO2/c7-5(8)4-2-1-3-6-4/h4,6H,1-3H2,(H,7,8)	Proline		105:177 126:190 173:230 187:163	Proline (1TMS)		1173.62	NCBITAXON:http://purl.bioontology.org/ontology/NCBITAXON/4530	Oryza sativa	Golm		MSI:2		tagfinder; manual supervised	991				CHEBI:26271	RM0135899	first assignment	2026-06-18 20:17:03	first assignment	2026-06-18 20:17:03	splitless
CHEBI:26271	C5H9NO2	OC(=O)C1CCCN1	InChI=1S/C5H9NO2/c7-5(8)4-2-1-3-6-4/h4,6H,1-3H2,(H,7,8)	Proline		124:134 142:4570 143:1012 144:526 170:324 186:3393 187:844 188:387 216:1309 288:602	Proline [+CO2] (2TMS)		1583.4	NCBITAXON:http://purl.bioontology.org/ontology/NCBITAXON/4530	Oryza sativa	Golm		MSI:2		tagfinder; manual supervised	987				CHEBI:26271	RM0135899	first assignment	2026-06-18 20:17:03	first assignment	2026-06-18 20:17:03	splitless
CHEBI:17822	C3H7NO3	NC(CO)C(O)=O	InChI=1S/C3H7NO3/c4-2(1-5)3(6)7/h2,5H,1,4H2,(H,6,7)	Serine		88:678 117:1255 118:571 133:1052 144:1144 146:742	Serine (2TMS)		1251.44	NCBITAXON:http://purl.bioontology.org/ontology/NCBITAXON/4530	Oryza sativa	Golm		MSI:2		tagfinder; manual supervised	985				CHEBI:17822	RM0032433	first assignment	2026-06-18 20:17:03	first assignment	2026-06-18 20:17:03	splitless
CHEBI:27266	C5H11NO2	CC(C)C(N)C(O)=O	InChI=1S/C5H11NO2/c1-3(2)4(6)5(7)8/h3-4H,6H2,1-2H3,(H,7,8)	Valine		98:595 100:7882 101:1353 112:623 114:1308 115:659 117:851 128:1394 129:905 130:1101 131:1120 132:1598 133:1935 134:448 143:370 144:50040 145:6902 146:2620 156:1260 159:379 203:472 218:7632 219:1903 220:833	Valine (2TMS)		1206.84	NCBITAXON:http://purl.bioontology.org/ontology/NCBITAXON/4530	Oryza sativa	Golm		MSI:2		tagfinder; manual supervised	998				CHEBI:27266	RM0136018	first assignment	2026-06-18 20:17:03	first assignment	2026-06-18 20:17:03	splitless
CHEBI:27266	C5H11NO2	CC(C)C(N)C(O)=O	InChI=1S/C5H11NO2/c1-3(2)4(6)5(7)8/h3-4H,6H2,1-2H3,(H,7,8)	Valine		129:316 146:1426 156:1109 157:346	Valine (1TMS)		1079.34	NCBITAXON:http://purl.bioontology.org/ontology/NCBITAXON/4530	Oryza sativa	Golm		MSI:2		tagfinder; manual supervised	994				CHEBI:27266	RM0136018	first assignment	2026-06-18 20:17:03	first assignment	2026-06-18 20:17:03	splitless
CHEBI:143534	C3H3D4NO2	C(C(C([2H])([2H])[2H])(N([H])[H])[2H])(=O)O[H]	InChI=1S/C3H7NO2/c1-2(4)3(5)6/h2H,4H2,1H3,(H,5,6)/i1D3,2D	Alanine, d4-		96:2156 103:6972 104:4001 119:6325 120:117627 121:13336 122:4886 123:521 131:2726 132:2583 134:1931 194:5833 195:1408 196:571 222:1451	Alanine, d4- (2TMS)		1087.34	NCBITAXON:http://purl.bioontology.org/ontology/NCBITAXON/4530	Oryza sativa	Golm		MSI:2		tagfinder; manual supervised	998						not found	2026-06-18 20:17:03	not found	2026-06-18 20:17:03	splitless
unknown				A112003-101		114:4050 117:7296 118:931 130:65003 131:11174 132:3168 142:828 144:18993 145:2736 146:3624 159:1776 174:36188 175:4964 176:1707 188:32807 189:4837 203:7201 204:1190	A112003-101		1120.84	NCBITAXON:http://purl.bioontology.org/ontology/NCBITAXON/4530	Oryza sativa	Golm		MSI:2		tagfinder; manual supervised	999						failed	2026-06-18 20:17:03	not found	2026-06-18 20:17:03	splitless
CHEBI:29016	C6H14N4O2	NC(CCCNC(N)=N)C(O)=O	InChI=1S/C6H14N4O2/c7-4(5(11)12)2-1-3-10-6(8)9/h4H,1-3,7H2,(H,11,12)(H4,8,9,10)	Arginine		110:196 124:169 152:169 153:161 186:152 198:180 202:177 240:205 241:148 242:166 246:186 268:183 330:150 373:187	Arginine [-NH3] (3TMS)		1816.83	NCBITAXON:http://purl.bioontology.org/ontology/NCBITAXON/4530	Oryza sativa	Golm		MSI:2		tagfinder; manual supervised	920				CHEBI:29016	RM0135963	first assignment	2026-06-18 20:17:03	first assignment	2026-06-18 20:17:03	splitless
CHEBI:18211	C6H13N3O3	NC(CCCNC(N)=O)C(O)=O	InChI=1S/C6H13N3O3/c7-4(5(10)11)2-1-3-9-6(8)12/h4H,1-3,7H2,(H,10,11)(H3,8,9,12)	Citruline		110:196 124:169 152:169 153:161 186:152 198:180 202:177 240:205 241:148 242:166 246:186 268:183 330:150 373:187	Arginine [-NH3] (3TMS)		1816.83	NCBITAXON:http://purl.bioontology.org/ontology/NCBITAXON/4530	Oryza sativa	Golm		MSI:2		tagfinder; manual supervised	920					RM0136022	failed	2026-06-18 20:17:03	first assignment	2026-06-18 20:17:03	splitless
CHEBI:18257	C5H12N2O2	NCCCC(N)C(O)=O	InChI=1S/C5H12N2O2/c6-3-1-2-4(7)5(8)9/h4H,1-3,6-7H2,(H,8,9)	Ornithine		110:196 124:169 152:169 153:161 186:152 198:180 202:177 240:205 241:148 242:166 246:186 268:183 330:150 373:187	Arginine [-NH3] (3TMS)		1816.83	NCBITAXON:http://purl.bioontology.org/ontology/NCBITAXON/4530	Oryza sativa	Golm		MSI:2		tagfinder; manual supervised	920				CHEBI:18257	RM0135912	first assignment	2026-06-18 20:17:03	first assignment	2026-06-18 20:17:03	splitless
CHEBI:29016	C6H14N4O2	NC(CCCNC(N)=N)C(O)=O	InChI=1S/C6H14N4O2/c7-4(5(11)12)2-1-3-10-6(8)9/h4H,1-3,7H2,(H,11,12)(H4,8,9,10)	Arginine		103:174 125:196 140:158 159:156 168:198 186:212 187:158	Arginine [-NH3] (2TMS)		1743.25	NCBITAXON:http://purl.bioontology.org/ontology/NCBITAXON/4530	Oryza sativa	Golm		MSI:2		tagfinder; manual supervised	915				CHEBI:29016	RM0135963	first assignment	2026-06-18 20:17:03	first assignment	2026-06-18 20:17:03	splitless
CHEBI:18211	C6H13N3O3	NC(CCCNC(N)=O)C(O)=O	InChI=1S/C6H13N3O3/c7-4(5(10)11)2-1-3-9-6(8)12/h4H,1-3,7H2,(H,10,11)(H3,8,9,12)	Citruline		103:174 125:196 140:158 159:156 168:198 186:212 187:158	Arginine [-NH3] (2TMS)		1743.25	NCBITAXON:http://purl.bioontology.org/ontology/NCBITAXON/4530	Oryza sativa	Golm		MSI:2		tagfinder; manual supervised	915					RM0136022	failed	2026-06-18 20:17:03	first assignment	2026-06-18 20:17:03	splitless
CHEBI:18257	C5H12N2O2	NCCCC(N)C(O)=O	InChI=1S/C5H12N2O2/c6-3-1-2-4(7)5(8)9/h4H,1-3,6-7H2,(H,8,9)	Ornithine		103:174 125:196 140:158 159:156 168:198 186:212 187:158	Arginine [-NH3] (2TMS)		1743.25	NCBITAXON:http://purl.bioontology.org/ontology/NCBITAXON/4530	Oryza sativa	Golm		MSI:2		tagfinder; manual supervised	915				CHEBI:18257	RM0135912	first assignment	2026-06-18 20:17:03	first assignment	2026-06-18 20:17:03	splitless
CHEBI:14314	C6H13O9P			Glucose-6-phosphate		211:272 225:167 299:547 300:245 301:179 315:317 316:162 357:265 387:564 388:276 389:218	Glucose-6-phosphate (1MEOX) (6TMS) BP		2329.95	NCBITAXON:http://purl.bioontology.org/ontology/NCBITAXON/4530	Oryza sativa	Golm		MSI:2		tagfinder; manual supervised	956					RM0136106	not found	2026-06-18 20:17:03	first assignment	2026-06-18 20:17:03	splitless
CHEBI:14314	C6H13O9P			Glucose-6-phosphate		189:156 205:146 211:136 218:125 315:268	Glucose-6-phosphate (6TMS)		2374.73	NCBITAXON:http://purl.bioontology.org/ontology/NCBITAXON/4530	Oryza sativa	Golm		MSI:2		tagfinder; manual supervised	957					RM0136106	not found	2026-06-18 20:17:03	first assignment	2026-06-18 20:17:03	splitless
CHEBI:62383	C6H13O9P	O[C@H]1[C@H](O)[C@@H](O)[C@@H](OP(O)(O)=O)[C@@H](O)[C@@H]1O	InChI=1S/C6H13O9P/c7-1-2(8)4(10)6(5(11)3(1)9)15-16(12,13)14/h1-11H,(H2,12,13,14)/t1-,2-,3+,4+,5-,6+	myo-Inositol-2-phosphate		85:182 101:374 102:151 111:213 115:209 116:229 119:237 127:433 131:804 133:413 134:359 135:305 142:237 151:304 153:233 155:258 161:149 169:174 181:275 189:217 190:166 191:337 192:469 193:369 195:169 204:822 207:685 211:897 212:148 218:309 219:191 221:459 225:370 227:292 230:398 243:514 246:714 255:356 265:195 285:219 298:166 299:4713 300:1296 301:713 305:168 314:171 315:3706 316:962 317:795 318:3166 319:825 320:660 343:392 345:297 386:200 387:2291 388:875 389:880 390:272 433:224	Inositol-2-phosphate, myo- (7TMS)		2452.18	NCBITAXON:http://purl.bioontology.org/ontology/NCBITAXON/4530	Oryza sativa	Golm		MSI:2		tagfinder; manual supervised	941					RM0002548	failed	2026-06-18 20:17:03	first assignment	2026-06-18 20:17:03	splitless
CHEBI:62383	C6H13O9P	O[C@H]1[C@H](O)[C@@H](O)[C@@H](OP(O)(O)=O)[C@@H](O)[C@@H]1O	InChI=1S/C6H13O9P/c7-1-2(8)4(10)6(5(11)3(1)9)15-16(12,13)14/h1-11H,(H2,12,13,14)/t1-,2-,3+,4+,5-,6+	myo-Inositol-2-phosphate		89:195 101:218 135:315 137:138 143:387 153:251 157:178 181:211 190:375 191:368 204:895 218:230 219:260 225:297 227:327 243:537 245:340 247:169 285:246 300:1133 306:171 316:983 318:4226 319:1230 470:248	Inositol-2-phosphate, myo- (7TMS)		2456.11	NCBITAXON:http://purl.bioontology.org/ontology/NCBITAXON/4530	Oryza sativa	Golm		MSI:2		tagfinder; manual supervised	955					RM0002548	failed	2026-06-18 20:17:03	first assignment	2026-06-18 20:17:03	splitless
CHEBI:616988	C6H13O9P			Mannose-6-phosphate		160:148 211:149 315:165	Mannose-6-phosphate (1MEOX) (6TMS) BP		2314.15	NCBITAXON:http://purl.bioontology.org/ontology/NCBITAXON/4530	Oryza sativa	Golm		MSI:2		tagfinder; manual supervised	980					RM0157550	not found	2026-06-18 20:17:03	first assignment	2026-06-18 20:17:03	splitless
CHEBI:26078	H3O4P	[H]OP(=O)(O[H])O[H]	InChI=1S/H3O4P/c1-5(2,3)4/h(H3,1,2,3,4)	Phosphoric acid		179:2541 180:778 182:1383 189:4190 191:14526 192:3324 193:16908 194:3458 195:4355 197:1281 212:4267 221:2287 225:10163 226:1958 227:3199 267:1037	Phosphoric acid (3TMS)		1263.45	NCBITAXON:http://purl.bioontology.org/ontology/NCBITAXON/4530	Oryza sativa	Golm		MSI:2		tagfinder; manual supervised	999					RM0032341	not found	2026-06-18 20:17:03	first assignment	2026-06-18 20:17:03	splitless
CHEBI:17268	C6H12O6	O[C@H]1[C@H](O)[C@@H](O)[C@H](O)[C@H](O)[C@@H]1O	InChI=1S/C6H12O6/c7-1-2(8)4(10)6(12)5(11)3(1)9/h1-12H/t1-,2-,3-,4+,5-,6-	Inositol, myo-		162:543 176:345 178:585 179:402 181:552 191:57569 192:10724 193:5227 194:757 204:23910 205:6552 206:2523 208:774 209:453 216:647 217:98278 218:20094 219:8877 220:1348 231:1553 232:539 239:500 243:2605 244:745 245:910 255:623 257:411 271:750	Inositol, myo- (6TMS)		2083.62	NCBITAXON:http://purl.bioontology.org/ontology/NCBITAXON/4530	Oryza sativa	Golm		MSI:2		tagfinder; manual supervised	999					RM0136735	failed	2026-06-18 20:17:03	first assignment	2026-06-18 20:17:03	splitless
CHEBI:28757	C6H12O6			Fructose		205:28492 206:6381 207:6679 208:1338 230:3287 231:7290 232:2361 235:2450 270:1551 275:1560 277:25273 342:419	Fructose (1MEOX) (5TMS) MP		1866.09	NCBITAXON:http://purl.bioontology.org/ontology/NCBITAXON/4530	Oryza sativa	Golm		MSI:2		tagfinder; manual supervised	986				CHEBI:28757	RM0136734	first assignment	2026-06-18 20:17:03	first assignment	2026-06-18 20:17:03	splitless
CHEBI:37661	C6H12O6			Glucopyranose		127:633 129:4710 131:2531 133:6622 134:973 135:817 141:471 142:743 143:2512 145:588 150:507 151:439 153:364 157:698 159:581 163:881 169:2465 170:500 177:528 191:3537 192:727 193:477 203:1447 215:465 217:54651 218:13100 219:5464 220:933 231:566 233:1365 234:608 243:816 255:335 257:1605 258:448 305:1616	Glucopyranose [-H20] (4TMS)		1757.08	NCBITAXON:http://purl.bioontology.org/ontology/NCBITAXON/4530	Oryza sativa	Golm		MSI:2		tagfinder; manual supervised	999				CHEBI:37661	RM0135901	first assignment	2026-06-18 20:17:03	first assignment	2026-06-18 20:17:03	splitless
CHEBI:17234	C6H12O6			Glucose		160:66201 161:12871 162:3710 191:6629 204:13620 205:116967 207:12150 221:3606 229:14188 230:4589 231:3862 233:7340 234:2571 235:4879 236:1216 273:1465 291:5236	Glucose (1MEOX) (5TMS) BP		1906.1	NCBITAXON:http://purl.bioontology.org/ontology/NCBITAXON/4530	Oryza sativa	Golm		MSI:2		tagfinder; manual supervised	997				CHEBI:17234	RM0135901	first assignment	2026-06-18 20:17:03	first assignment	2026-06-18 20:17:03	splitless
CHEBI:17234	C6H12O6			Glucose		178:1542 181:975 205:233985 206:48238 207:24080 208:3758 209:1347 211:1091 212:946 223:1496 232:4493 234:4859 235:1788 237:794 241:988 246:4014 247:2314 248:1215 249:794 253:583 270:2100 271:981 274:7510 275:2719 277:7943 292:3715 294:600 342:672	Glucose (1MEOX) (5TMS) MP		1893.91	NCBITAXON:http://purl.bioontology.org/ontology/NCBITAXON/4530	Oryza sativa	Golm		MSI:2		tagfinder; manual supervised	999				CHEBI:17234	RM0135901	first assignment	2026-06-18 20:17:03	first assignment	2026-06-18 20:17:03	splitless
CHEBI:33951	C6H12O6			Psicose		202:508 262:547 276:262 277:509 278:496 279:256 291:194 307:1453 308:487 309:569 310:184 336:173 364:598 365:245	Psicose (1MEOX) (5TMS) MP		1850.59	NCBITAXON:http://purl.bioontology.org/ontology/NCBITAXON/4530	Oryza sativa	Golm		MSI:2		tagfinder; manual supervised	909					RM0049926	not found	2026-06-18 20:17:03	first assignment	2026-06-18 20:17:03	splitless
CHEBI:17597	C7H6O2	[H]C(=O)c1ccc(O)cc1	InChI=1S/C7H6O2/c8-5-6-1-3-7(9)4-2-6/h1-5,9H	4-Hydroxybenzaldehyde		177:255 208:252 223:273	4-Hydroxybenzaldehyde (1MeOX) (1TMS)		1504.88	NCBITAXON:http://purl.bioontology.org/ontology/NCBITAXON/4530	Oryza sativa	Golm		MSI:2		tagfinder; manual supervised	957					RM0042689	not found	2026-06-18 20:17:03	first assignment	2026-06-18 20:17:03	splitless
CHEBI:32805	C6H6O6	OC(=O)C\C(=C\C(O)=O)C(O)=O	InChI=1S/C6H6O6/c7-4(8)1-3(6(11)12)2-5(9)10/h1H,2H2,(H,7,8)(H,9,10)(H,11,12)/b3-1-	Aconitic acid, cis-		192:216 230:207 375:211	Aconitic acid, cis- (3TMS)		1740.08	NCBITAXON:http://purl.bioontology.org/ontology/NCBITAXON/4530	Oryza sativa	Golm		MSI:2		tagfinder; manual supervised	786						failed	2026-06-18 20:17:03	not found	2026-06-18 20:17:03	splitless
CHEBI:48131	C9H16O4	OC(=O)CCCCCCCC(O)=O	InChI=1S/C9H16O4/c10-8(11)6-4-2-1-3-5-7-9(12)13/h1-7H2,(H,10,11)(H,12,13)	Azelaic acid		80:736 82:315 92:215 93:4234 96:1045 98:398 107:4635 108:417 110:587 111:914 123:2241 124:3116 125:1481 137:406 152:8024 183:669 185:496 186:266 199:1280 202:1084 204:925 209:421 214:867 225:574	Azelaic acid (2TMS)		1790.53	NCBITAXON:http://purl.bioontology.org/ontology/NCBITAXON/4530	Oryza sativa	Golm		MSI:2		tagfinder; manual supervised	891					RM0153048	not found	2026-06-18 20:17:03	first assignment	2026-06-18 20:17:03	splitless
CHEBI:30763	C7H6O3	OC(=O)c1ccc(O)cc1	InChI=1S/C7H6O3/c8-6-3-1-5(2-4-6)7(9)10/h1-4,8H,(H,9,10)	Benzoic acid, 4-hydroxy-		224:315 268:333 282:295	Benzoic acid, 4-hydroxy- (2TMS)		1631.34	NCBITAXON:http://purl.bioontology.org/ontology/NCBITAXON/4530	Oryza sativa	Golm		MSI:2		tagfinder; manual supervised	998						failed	2026-06-18 20:17:03	not found	2026-06-18 20:17:03	splitless
CHEBI:30769	C6H8O7	OC(=O)CC(O)(CC(O)=O)C(O)=O	InChI=1S/C6H8O7/c7-3(8)1-6(13,5(11)12)2-4(9)10/h13H,1-2H2,(H,7,8)(H,9,10)(H,11,12)	Citric acid		350:1086 365:3915 366:657	Citric acid (4TMS)		1806.15	NCBITAXON:http://purl.bioontology.org/ontology/NCBITAXON/4530	Oryza sativa	Golm		MSI:2		tagfinder; manual supervised	996					RM0135884	not found	2026-06-18 20:17:03	first assignment	2026-06-18 20:17:03	splitless
CHEBI:30915	C5H6O5	OC(=O)CCC(=O)C(O)=O	InChI=1S/C5H6O5/c6-3(5(9)10)1-2-4(7)8/h1-2H2,(H,7,8)(H,9,10)	Glutaric acid, 2-oxo-		80:863 89:18083 90:1377 91:1426 101:531 103:412 113:1202 117:426 119:728 126:4829 134:1739 145:1728 170:6305 171:1004 173:850 182:657 183:631 184:487 186:6051	Glutaric acid, 2-oxo- (1MEOX) (2TMS) MP		1571.14	NCBITAXON:http://purl.bioontology.org/ontology/NCBITAXON/4530	Oryza sativa	Golm		MSI:2		tagfinder; manual supervised	989						failed	2026-06-18 20:17:03	not found	2026-06-18 20:17:03	splitless
CHEBI:17497	C2H4O3	OCC(O)=O	InChI=1S/C2H4O3/c3-1-2(4)5/h3H,1H2,(H,4,5)	Glycolic acid		135:208 150:210 162:209 179:235 207:202	Glycolic acid (2TMS)		1064.65	NCBITAXON:http://purl.bioontology.org/ontology/NCBITAXON/4530	Oryza sativa	Golm		MSI:2		tagfinder; manual supervised	991					RM0136958	not found	2026-06-18 20:17:03	first assignment	2026-06-18 20:17:03	splitless
CHEBI:30887	C6H8O7	OC(C(CC(O)=O)C(O)=O)C(O)=O	InChI=1S/C6H8O7/c7-3(8)1-2(5(10)11)4(9)6(12)13/h2,4,9H,1H2,(H,7,8)(H,10,11)(H,12,13)	Isocitric acid		266:533 310:208 314:197 318:773 322:1938 324:221 325:203 326:194 336:251 337:218 338:236 348:11405 349:6160 363:26519 364:8527 367:254 375:27973 376:8865 377:4226 391:896 392:299 393:230 481:264 482:234	Isocitric acid (4TMS)		1807.8	NCBITAXON:http://purl.bioontology.org/ontology/NCBITAXON/4530	Oryza sativa	Golm		MSI:2		tagfinder; manual supervised	965					RM0050098	not found	2026-06-18 20:17:03	first assignment	2026-06-18 20:17:03	splitless
CHEBI:30838	C5H6O4	C(C(CC(O)=O)=C)(O)=O	InChI=1S/C5H6O4/c1-3(5(8)9)2-4(6)7/h1-2H2,(H,6,7)(H,8,9)	Itaconic acid		83:224 97:242 215:249 259:208	Itaconic acid (2TMS)		1337.12	NCBITAXON:http://purl.bioontology.org/ontology/NCBITAXON/4530	Oryza sativa	Golm		MSI:2		tagfinder; manual supervised	942					RM0152814	not found	2026-06-18 20:17:03	first assignment	2026-06-18 20:17:03	splitless
CHEBI:6650	C4H6O5	OC(CC(O)=O)C(O)=O	InChI=1S/C4H6O5/c5-2(4(8)9)1-3(6)7/h2,5H,1H2,(H,6,7)(H,8,9)	Malic acid		99:6384 101:71087 116:10930 117:49751 118:5571 119:7912 131:27718 132:4370 133:90575 134:12952 135:8964 171:27792 175:52013 176:9110 189:66971 208:451 215:495 216:400 217:26669 220:474 221:12021 224:254 234:27517 237:419 247:9271 259:574 261:476 262:260 268:444 293:513	Malic acid (3TMS)		1479.93	NCBITAXON:http://purl.bioontology.org/ontology/NCBITAXON/4530	Oryza sativa	Golm		MSI:2		tagfinder; manual supervised	993					RM0135894	not found	2026-06-18 20:17:03	first assignment	2026-06-18 20:17:03	splitless
CHEBI:15584	C5H8O5	CC(O)(CC(O)=O)C(O)=O	InChI=1S/C5H8O5/c1-5(10,4(8)9)2-3(6)7/h10H,2H2,1H3,(H,6,7)(H,8,9)	Malic acid, 2-methyl-		143:246 157:234 185:240	Malic acid, 2-methyl- (3TMS)		1462.71	NCBITAXON:http://purl.bioontology.org/ontology/NCBITAXON/4530	Oryza sativa	Golm		MSI:2		tagfinder; manual supervised	985						failed	2026-06-18 20:17:03	not found	2026-06-18 20:17:03	splitless
CHEBI:143541	C5H8O5	OC(CC(O)=O)C(OC)=O	InChI=1S/C5H8O5/c1-10-5(9)3(6)2-4(7)8/h3,6H,2H2,1H3,(H,7,8)	1-methylester malic acid		145:236 159:277 163:341 187:329 207:320 233:356 249:272	Malic acid, 1-methylester (2TMS)		1381.91	NCBITAXON:http://purl.bioontology.org/ontology/NCBITAXON/4530	Oryza sativa	Golm		MSI:2		tagfinder; manual supervised	893						failed	2026-06-18 20:17:03	not found	2026-06-18 20:17:03	splitless
CHEBI:32816	C3H4O3	CC(=O)C(O)=O	InChI=1S/C3H4O3/c1-2(4)3(5)6/h1H3,(H,5,6)	Pyruvic acid		90:361 115:1760 159:258	Pyruvic acid (1MEOX) (1TMS)		1042.34	NCBITAXON:http://purl.bioontology.org/ontology/NCBITAXON/4530	Oryza sativa	Golm		MSI:2		tagfinder; manual supervised	995					RM0134967	not found	2026-06-18 20:17:03	first assignment	2026-06-18 20:17:03	splitless
CHEBI:17521	C7H12O6	O[C@@H]1C[C@@](O)(C[C@@H](O)[C@H]1O)C(O)=O	InChI=1S/C7H12O6/c8-3-1-7(13,6(11)12)2-4(9)5(3)10/h3-5,8-10,13H,1-2H2,(H,11,12)/t3-,4-,5-,7+/m1/s1	Quinic acid		372:472 419:414 435:423	Quinic acid (5TMS)		1842.22	NCBITAXON:http://purl.bioontology.org/ontology/NCBITAXON/4530	Oryza sativa	Golm		MSI:2		tagfinder; manual supervised	999					RM0071875	not found	2026-06-18 20:17:03	first assignment	2026-06-18 20:17:03	splitless
CHEBI:16914	C7H6O3	OC(=O)c1ccccc1O	InChI=1S/C7H6O3/c8-6-4-2-1-3-5(6)7(9)10/h1-4,8H,(H,9,10)	Salicylic acid		81:259 97:376 109:264 120:418 123:368 137:659 153:415 180:288 181:638 193:1094 195:406 209:1421 211:480 225:298 249:830 251:347 265:341 267:3157 268:1416 270:357	Salicylic acid (2TMS)		1508.55	NCBITAXON:http://purl.bioontology.org/ontology/NCBITAXON/4530	Oryza sativa	Golm		MSI:2		tagfinder; manual supervised	891					RM0136132	not found	2026-06-18 20:17:03	first assignment	2026-06-18 20:17:03	splitless
CHEBI:15741	C4H6O4	OC(=O)CCC(O)=O	InChI=1S/C4H6O4/c5-3(6)1-2-4(7)8/h1-2H2,(H,5,6)(H,7,8)	Succinic acid		172:9670 173:4725 174:713 193:226 247:15295 248:2765 249:1059 250:223 263:205	Succinic acid (2TMS)		1308.48	NCBITAXON:http://purl.bioontology.org/ontology/NCBITAXON/4530	Oryza sativa	Golm		MSI:2		tagfinder; manual supervised	991					RM0134982	not found	2026-06-18 20:17:03	first assignment	2026-06-18 20:17:03	splitless
CHEBI:16265	C4H6O3	[H]C(=O)CCC(O)=O	InChI=1S/C4H6O3/c5-3-1-2-4(6)7/h3H,1-2H2,(H,6,7)	Succinic semialdehyde		82:217 85:222 156:190	Succinic semialdehyde (1MEOX) (1TMS) MP		1180.99	NCBITAXON:http://purl.bioontology.org/ontology/NCBITAXON/4530	Oryza sativa	Golm		MSI:2		tagfinder; manual supervised	958					RM0150633	failed	2026-06-18 20:17:03	first assignment	2026-06-18 20:17:03	splitless
CHEBI:33033	C5H8O3	CCCC(=O)C(O)=O	InChI=1S/C5H8O3/c1-2-3-4(6)5(7)8/h2-3H2,1H3,(H,7,8)	Valeric acid, 2-oxo-		82:276 83:246 112:297 158:1635 172:244 177:292 191:498	Valeric acid, 2-oxo- (1MEOX) (1TMS) BP		1125.45	NCBITAXON:http://purl.bioontology.org/ontology/NCBITAXON/4530	Oryza sativa	Golm		MSI:2		tagfinder; manual supervised	961						failed	2026-06-18 20:17:03	not found	2026-06-18 20:17:03	splitless
CHEBI:30816	C8H8O4	COc1cc(ccc1O)C(O)=O	InChI=1S/C8H8O4/c1-12-7-4-5(8(10)11)2-3-6(7)9/h2-4,9H,1H3,(H,10,11)	Vanillic acid		253:288 267:373 297:385	Vanillic acid (2TMS)		1763.68	NCBITAXON:http://purl.bioontology.org/ontology/NCBITAXON/4530	Oryza sativa	Golm		MSI:2		tagfinder; manual supervised	995					RM0040767	not found	2026-06-18 20:17:03	first assignment	2026-06-18 20:17:03	splitless
CHEBI:17745	C10H12O3	COc1cc(\C=C\CO)ccc1O	InChI=1S/C10H12O3/c1-13-10-7-8(3-2-6-11)4-5-9(10)12/h2-5,7,11-12H,6H2,1H3/b3-2+	Coniferylalcohol, trans-		295:212 309:205 325:211	Coniferylalcohol, trans- (2TMS)		1940.82	NCBITAXON:http://purl.bioontology.org/ontology/NCBITAXON/4530	Oryza sativa	Golm		MSI:2		tagfinder; manual supervised	991						failed	2026-06-18 20:17:03	not found	2026-06-18 20:17:03	splitless
CHEBI:132546	C4H6N2O2	C(C#N)C(C(=O)O)N	InChI=1S/C4H6N2O2/c5-2-1-3(6)4(7)8/h3H,1,6H2,(H,7,8)	Alanine, 3-cyano-		140:382 141:38742 142:7900	Alanine, 3-cyano- (2TMS)		1369.08	NCBITAXON:http://purl.bioontology.org/ontology/NCBITAXON/4530	Oryza sativa	Golm		MSI:2		tagfinder; manual supervised	996						failed	2026-06-18 20:17:03	not found	2026-06-18 20:17:03	splitless
CHEBI:22653	C4H8N2O3	NC(CC(N)=O)C(O)=O	InChI=1S/C4H8N2O3/c5-2(4(8)9)1-3(6)7/h2H,1,5H2,(H2,6,7)(H,8,9)	Asparagine		189:511 190:1134 215:699 216:1764	Asparagine (4TMS) MP		1594.62	NCBITAXON:http://purl.bioontology.org/ontology/NCBITAXON/4530	Oryza sativa	Golm		MSI:2		tagfinder; manual supervised	997				CHEBI:22653	RM0135724	first assignment	2026-06-18 20:17:03	first assignment	2026-06-18 20:17:03	splitless
CHEBI:22660	C4H7NO4	NC(CC(O)=O)C(O)=O	InChI=1S/C4H7NO4/c5-2(4(8)9)1-3(6)7/h2H,1,5H2,(H,6,7)(H,8,9)	Aspartic acid		90:282 92:213 93:234 118:3524 123:187 134:3523 143:2850 144:2625 146:1567 150:1297 151:496 162:370 163:8330 173:1288 175:1294 191:1596	Aspartic acid (3TMS)		1512.12	NCBITAXON:http://purl.bioontology.org/ontology/NCBITAXON/4530	Oryza sativa	Golm		MSI:2		tagfinder; manual supervised	986					RM0135905	not found	2026-06-18 20:17:03	first assignment	2026-06-18 20:17:03	splitless
CHEBI:35621	C4H9NO2	CCC(N)C(O)=O	InChI=1S/C4H9NO2/c1-2-3(5)4(6)7/h3H,2,5H2,1H3,(H,6,7)	Butanoic acid, 2-amino-		130:3534 131:526 132:282 133:259 142:323	Butanoic acid, 2-amino- (2TMS)		1160.77	NCBITAXON:http://purl.bioontology.org/ontology/NCBITAXON/4530	Oryza sativa	Golm		MSI:2		tagfinder; manual supervised	996						failed	2026-06-18 20:17:03	not found	2026-06-18 20:17:03	splitless
CHEBI:36592	C4H7NO	O=C1CCCN1	InChI=1S/C4H7NO/c6-4-2-1-3-5-4/h1-3H2,(H,5,6)	Butyro-1,4-lactam		82:206 84:222 85:220 98:219 115:211 140:212 144:268 158:211	Butyro-1,4-lactam (1TMS)		1144.58	NCBITAXON:http://purl.bioontology.org/ontology/NCBITAXON/4530	Oryza sativa	Golm		MSI:2		tagfinder; manual supervised	888						failed	2026-06-18 20:17:03	not found	2026-06-18 20:17:03	splitless
CHEBI:16586	C6H13NO2	NCCCCCC(O)=O	InChI=1S/C6H13NO2/c7-5-3-1-2-4-6(8)9/h1-5,7H2,(H,8,9)	Caproic acid, 6-amino-		76:499 77:557 85:473 86:12476 87:1003 88:477 94:231 99:340 101:602 102:927 103:2578 112:265 114:228 115:269 117:391 131:792 132:321 140:574 146:630 158:261 168:633 170:430 171:305 172:399 174:42076 175:7878 176:3142 177:275	Caproic acid, 6-amino- (3TMS)		1722.55	NCBITAXON:http://purl.bioontology.org/ontology/NCBITAXON/4530	Oryza sativa	Golm		MSI:2		tagfinder; manual supervised	997						failed	2026-06-18 20:17:03	not found	2026-06-18 20:17:03	splitless
CHEBI:18237	C5H9NO4	NC(CCC(O)=O)C(O)=O	InChI=1S/C5H9NO4/c6-3(5(9)10)1-2-4(7)8/h3H,1-2,6H2,(H,7,8)(H,9,10)	Glutamic acid		246:190284 247:43065 248:17750	Glutamic acid (3TMS)		1616.02	NCBITAXON:http://purl.bioontology.org/ontology/NCBITAXON/4530	Oryza sativa	Golm		MSI:2		tagfinder; manual supervised	999					RM0135893	not found	2026-06-18 20:17:03	first assignment	2026-06-18 20:17:03	splitless
CHEBI:28300	C5H10N2O3	NC(CCC(N)=O)C(O)=O	InChI=1S/C5H10N2O3/c6-3(5(9)10)1-2-4(7)8/h3H,1-2,6H2,(H2,7,8)(H,9,10)	Glutamine		93:248 138:250 178:196 184:448 186:526 195:201 196:200 208:206 210:201 215:688 218:3820 249:235 255:261 256:223 257:1611 259:554 260:226 285:207 294:186 330:221 332:202	Glutamine (3TMS)		1771.16	NCBITAXON:http://purl.bioontology.org/ontology/NCBITAXON/4530	Oryza sativa	Golm		MSI:2		tagfinder; manual supervised	957				CHEBI:28300	RM0012560	first assignment	2026-06-18 20:17:03	first assignment	2026-06-18 20:17:03	splitless
CHEBI:15428	C2H5NO2	NCC(O)=O	InChI=1S/C2H5NO2/c3-1-2(4)5/h1,3H2,(H,4,5)	Glycine		174:129490 175:25404 176:11414	Glycine (3TMS)		1303.89	NCBITAXON:http://purl.bioontology.org/ontology/NCBITAXON/4530	Oryza sativa	Golm		MSI:2		tagfinder; manual supervised	999				CHEBI:15428	RM0135888	first assignment	2026-06-18 20:17:03	first assignment	2026-06-18 20:17:03	splitless
CHEBI:24898	C6H13NO2			Isoleucine		156:328 158:42052 161:331	Isoleucine (2TMS)		1288.92	NCBITAXON:http://purl.bioontology.org/ontology/NCBITAXON/4530	Oryza sativa	Golm		MSI:2		tagfinder; manual supervised	999				CHEBI:24898	RM0134975	first assignment	2026-06-18 20:17:03	first assignment	2026-06-18 20:17:03	splitless
CHEBI:25017	C6H13NO2	CC(C)CC(N)C(O)=O	InChI=1S/C6H13NO2/c1-4(2)3-5(7)6(8)9/h4-5H,3,7H2,1-2H3,(H,8,9)	Leucine		86:2137 146:291 188:257	Leucine (1TMS)		1149.88	NCBITAXON:http://purl.bioontology.org/ontology/NCBITAXON/4530	Oryza sativa	Golm		MSI:2		tagfinder; manual supervised	993				CHEBI:25017	RM0136379	first assignment	2026-06-18 20:17:03	first assignment	2026-06-18 20:17:03	splitless
CHEBI:25094	C6H14N2O2	NCCCCC(N)C(O)=O	InChI=1S/C6H14N2O2/c7-4-2-1-3-5(8)6(9)10/h5H,1-4,7-8H2,(H,9,10)	Lysine		239:229 248:213 258:309 276:217 285:210 391:272 435:304 436:254	Lysine (4TMS)		1914.2	NCBITAXON:http://purl.bioontology.org/ontology/NCBITAXON/4530	Oryza sativa	Golm		MSI:2		tagfinder; manual supervised	755				CHEBI:25094	RM0135903	first assignment	2026-06-18 20:17:03	first assignment	2026-06-18 20:17:03	splitless
CHEBI:87757	C3H5NO4	OC(=O)CNC(O)=O	InChI=1S/C3H5NO4/c5-2(6)1-4-3(7)8/h4H,1H2,(H,5,6)(H,7,8)	N-Carboxyglycine		101:514 102:366 118:282 130:423 158:256 204:275 250:227	N-Carboxyglycine (3TMS)		1461.94	NCBITAXON:http://purl.bioontology.org/ontology/NCBITAXON/4530	Oryza sativa	Golm		MSI:2		tagfinder; manual supervised	916						not found	2026-06-18 20:17:03	not found	2026-06-18 20:17:03	splitless
CHEBI:29016	C6H14N4O2	NC(CCCNC(N)=N)C(O)=O	InChI=1S/C6H14N4O2/c7-4(5(11)12)2-1-3-10-6(8)9/h4H,1-3,7H2,(H,11,12)(H4,8,9,10)	Arginine		191:248 200:233 204:674 216:559 232:302	Ornithine (3TMS) (Derivate not found)		1607.65	NCBITAXON:http://purl.bioontology.org/ontology/NCBITAXON/4530	Oryza sativa	Golm		MSI:2		tagfinder; manual supervised	955				CHEBI:29016	RM0135963	first assignment	2026-06-18 20:17:03	first assignment	2026-06-18 20:17:03	splitless
CHEBI:18211	C6H13N3O3	NC(CCCNC(N)=O)C(O)=O	InChI=1S/C6H13N3O3/c7-4(5(10)11)2-1-3-9-6(8)12/h4H,1-3,7H2,(H,10,11)(H3,8,9,12)	Citruline		191:248 200:233 204:674 216:559 232:302	Ornithine (3TMS) (Derivate not found)		1607.65	NCBITAXON:http://purl.bioontology.org/ontology/NCBITAXON/4530	Oryza sativa	Golm		MSI:2		tagfinder; manual supervised	955					RM0136022	failed	2026-06-18 20:17:03	first assignment	2026-06-18 20:17:03	splitless
CHEBI:18257	C5H12N2O2	NCCCC(N)C(O)=O	InChI=1S/C5H12N2O2/c6-3-1-2-4(7)5(8)9/h4H,1-3,6-7H2,(H,8,9)	Ornithine		191:248 200:233 204:674 216:559 232:302	Ornithine (3TMS) (Derivate not found)		1607.65	NCBITAXON:http://purl.bioontology.org/ontology/NCBITAXON/4530	Oryza sativa	Golm		MSI:2		tagfinder; manual supervised	955				CHEBI:18257	RM0135912	first assignment	2026-06-18 20:17:03	first assignment	2026-06-18 20:17:03	splitless
CHEBI:28044	C9H11NO2	NC(Cc1ccccc1)C(O)=O	InChI=1S/C9H11NO2/c10-8(9(11)12)6-7-4-2-1-3-5-7/h1-5,8H,6,10H2,(H,11,12)	Phenylalanine		150:228 161:277 178:222 192:9039 218:12482 221:270 294:279	Phenylalanine (2TMS)		1629.16	NCBITAXON:http://purl.bioontology.org/ontology/NCBITAXON/4530	Oryza sativa	Golm		MSI:2		tagfinder; manual supervised	999				CHEBI:28044	RM0135897	first assignment	2026-06-18 20:17:03	first assignment	2026-06-18 20:17:03	splitless
CHEBI:17822	C3H7NO3	NC(CO)C(O)=O	InChI=1S/C3H7NO3/c4-2(1-5)3(6)7/h2,5H,1,4H2,(H,6,7)	Serine		205:31109 218:96457 219:16217	Serine (3TMS)		1351.28	NCBITAXON:http://purl.bioontology.org/ontology/NCBITAXON/4530	Oryza sativa	Golm		MSI:2		tagfinder; manual supervised	999				CHEBI:17822	RM0032433	first assignment	2026-06-18 20:17:03	first assignment	2026-06-18 20:17:03	splitless
CHEBI:17981	C5H9NO4	CC(=O)OC[C@H](N)C(O)=O	InChI=1S/C5H9NO4/c1-3(7)10-2-4(6)5(8)9/h4H,2,6H2,1H3,(H,8,9)/t4-/m0/s1	Serine, O-acetyl-		117:280 133:280 144:208 175:226 216:220 218:258	Serine, O-acetyl- (2TMS)		1388.33	NCBITAXON:http://purl.bioontology.org/ontology/NCBITAXON/4530	Oryza sativa	Golm		MSI:2		tagfinder; manual supervised	984						failed	2026-06-18 20:17:03	not found	2026-06-18 20:17:03	splitless
CHEBI:26986	C4H9NO3	CC(O)C(N)C(O)=O	InChI=1S/C4H9NO3/c1-2(6)3(5)4(7)8/h2-3,6H,5H2,1H3,(H,7,8)	Threonine		218:51549 219:50993 220:12368 222:697	Threonine (3TMS)		1376.52	NCBITAXON:http://purl.bioontology.org/ontology/NCBITAXON/4530	Oryza sativa	Golm		MSI:2		tagfinder; manual supervised	999				CHEBI:26986	RM0135900	first assignment	2026-06-18 20:17:03	first assignment	2026-06-18 20:17:03	splitless
CHEBI:18186	C9H11NO3	NC(Cc1ccc(O)cc1)C(O)=O	InChI=1S/C9H11NO3/c10-8(9(12)13)5-6-1-3-7(11)4-2-6/h1-4,8,11H,5,10H2,(H,12,13)	Tyrosine		165:633 180:835 281:805 354:692	Tyrosine (3TMS)		1934.45	NCBITAXON:http://purl.bioontology.org/ontology/NCBITAXON/4530	Oryza sativa	Golm		MSI:2		tagfinder; manual supervised	984				CHEBI:18186	RM0135896	first assignment	2026-06-18 20:17:03	first assignment	2026-06-18 20:17:03	splitless
CHEBI:27266	C5H11NO2	CC(C)C(N)C(O)=O	InChI=1S/C5H11NO2/c1-3(2)4(6)5(7)8/h3-4H,6H2,1-2H3,(H,7,8)	Valine		101:4432 128:4346 129:2838 130:2944 131:3204	Valine (2TMS)		1206.57	NCBITAXON:http://purl.bioontology.org/ontology/NCBITAXON/4530	Oryza sativa	Golm		MSI:2		tagfinder; manual supervised	973				CHEBI:27266	RM0136018	first assignment	2026-06-18 20:17:03	first assignment	2026-06-18 20:17:03	splitless
CHEBI:15756	C16H32O2	CCCCCCCCCCCCCCCC(O)=O	InChI=1S/C16H32O2/c1-2-3-4-5-6-7-8-9-10-11-12-13-14-15-16(17)18/h2-15H2,1H3,(H,17,18)	Hexadecanoic acid		117:79176 118:7438 129:33092 132:30597 145:17649	Hexadecanoic acid (1TMS)		2045.94	NCBITAXON:http://purl.bioontology.org/ontology/NCBITAXON/4530	Oryza sativa	Golm		MSI:2		tagfinder; manual supervised	998					RM0153571	failed	2026-06-18 20:17:03	first assignment	2026-06-18 20:17:03	splitless
CHEBI:28842	C18H36O2	C(CCCCCCCCCC)CCCCCCC(=O)O	InChI=1S/C18H36O2/c1-2-3-4-5-6-7-8-9-10-11-12-13-14-15-16-17-18(19)20/h2-17H2,1H3,(H,19,20)	Octadecanoic acid		117:56556 129:24461 131:8657 132:23383 145:13720	Octadecanoic acid (1TMS)		2242.36	NCBITAXON:http://purl.bioontology.org/ontology/NCBITAXON/4530	Oryza sativa	Golm		MSI:2		tagfinder; manual supervised	997					RM0153574	failed	2026-06-18 20:17:03	first assignment	2026-06-18 20:17:03	splitless
CHEBI:138264	[13C]6H14O6	[13CH2]([13C@H]([13C@H]([13C@H]([13C@H]([13CH2]O)O)O)O)O)O	InChI=1S/C6H14O6/c7-1-3(9)5(11)6(12)4(10)2-8/h3-12H,1-2H2/t3-,4+,5-,6+/i1+1,2+1,3+1,4+1,5+1,6+1	Sorbitol, U-13C-		161:28040 164:945 178:902 192:14737 193:3153 207:65979 208:11711 220:62562 221:15205 222:5984 235:6151 236:755 323:49121 324:12912 325:6289	Sorbitol, U-13C- (6TMS)		1918.75	NCBITAXON:http://purl.bioontology.org/ontology/NCBITAXON/4530	Oryza sativa	Golm		MSI:2		tagfinder; manual supervised	995						failed	2026-06-18 20:17:03	not found	2026-06-18 20:17:03	splitless
CHEBI:41808	C10H22	CCCCCCCCCC	InChI=1S/C10H22/c1-3-5-7-9-10-8-6-4-2/h3-10H2,1-2H3	Decane, n-		98:3551 99:4234 112:829 113:1818	Decane, n-		1000	NCBITAXON:http://purl.bioontology.org/ontology/NCBITAXON/4530	Oryza sativa	Golm		MSI:2		tagfinder; manual supervised	995						not found	2026-06-18 20:17:03	not found	2026-06-18 20:17:03	splitless
CHEBI:46050	C22H46	CCCCCCCCCCCCCCCCCCCCCC	InChI=1S/C22H46/c1-3-5-7-9-11-13-15-17-19-21-22-20-18-16-14-12-10-8-6-4-2/h3-22H2,1-2H3	Docosane, n-		83:9748 84:5880 97:7141 99:16301 113:9191 124:349 128:395 168:486 182:368 197:458	Docosane, n-		2200	NCBITAXON:http://purl.bioontology.org/ontology/NCBITAXON/4530	Oryza sativa	Golm		MSI:2		tagfinder; manual supervised	998						failed	2026-06-18 20:17:03	not found	2026-06-18 20:17:03	splitless
CHEBI:28817	C12H26	CCCCCCCCCCCC	InChI=1S/C12H26/c1-3-5-7-9-11-12-10-8-6-4-2/h3-12H2,1-2H3	Dodecane, n-		97:744 98:4140 99:4208 112:2135 113:2211	Dodecane, n-		1200	NCBITAXON:http://purl.bioontology.org/ontology/NCBITAXON/4530	Oryza sativa	Golm		MSI:2		tagfinder; manual supervised	997						not found	2026-06-18 20:17:03	not found	2026-06-18 20:17:03	splitless
CHEBI:36020	C32H66	CCCCCCCCCCCCCCCCCCCCCCCCCCCCCCCC	InChI=1S/C32H66/c1-3-5-7-9-11-13-15-17-19-21-23-25-27-29-31-32-30-28-26-24-22-20-18-16-14-12-10-8-6-4-2/h3-32H2,1-2H3	Dotriacontane, n-		83:7170 95:355 97:5812 99:8497 124:347 153:292 154:353 168:294 197:375 211:308	Dotriacontane, n-		3200	NCBITAXON:http://purl.bioontology.org/ontology/NCBITAXON/4530	Oryza sativa	Golm		MSI:2		tagfinder; manual supervised	994						failed	2026-06-18 20:17:03	not found	2026-06-18 20:17:03	splitless
CHEBI:72688	C36H74	CCCCCCCCCCCCCCCCCCCCCCCCCCCCCCCCCCCC	InChI=1S/C36H74/c1-3-5-7-9-11-13-15-17-19-21-23-25-27-29-31-33-35-36-34-32-30-28-26-24-22-20-18-16-14-12-10-8-6-4-2/h3-36H2,1-2H3	Hexatriacontane, n-		84:1695 86:771 95:363 96:938 98:1037 100:402 110:435 111:1937 112:709 113:3102 114:314 124:357 125:901 126:523 127:1849 128:262 138:270 139:447 140:398 152:212 153:314 154:338 156:201 167:245 168:290 170:200 181:201 182:248 183:442 196:217 197:365 210:203 211:309 225:265 267:198 281:196	Hexatriacontane, n-		3599.99	NCBITAXON:http://purl.bioontology.org/ontology/NCBITAXON/4530	Oryza sativa	Golm		MSI:2		tagfinder; manual supervised	993						failed	2026-06-18 20:17:03	not found	2026-06-18 20:17:03	splitless
CHEBI:32943	C28H58	CCCCCCCCCCCCCCCCCCCCCCCCCCCC	InChI=1S/C28H58/c1-3-5-7-9-11-13-15-17-19-21-23-25-27-28-26-24-22-20-18-16-14-12-10-8-6-4-2/h3-28H2,1-2H3	Octacosane, n-		84:4885 86:2258 95:499 96:1919 97:8938 99:15158 113:8921 124:481	Octacosane, n-		2800	NCBITAXON:http://purl.bioontology.org/ontology/NCBITAXON/4530	Oryza sativa	Golm		MSI:2		tagfinder; manual supervised	999						failed	2026-06-18 20:17:03	not found	2026-06-18 20:17:03	splitless
CHEBI:32926	C18H38	CCCCCCCCCCCCCCCCCC	InChI=1S/C18H38/c1-3-5-7-9-11-13-15-17-18-16-14-12-10-8-6-4-2/h3-18H2,1-2H3	Octadecane, n-		83:9506 84:7815 85:57802 86:3488 97:6482 98:4995 99:19001 112:3375 113:10174	Octadecane, n-		1800	NCBITAXON:http://purl.bioontology.org/ontology/NCBITAXON/4530	Oryza sativa	Golm		MSI:2		tagfinder; manual supervised	997						not found	2026-06-18 20:17:03	not found	2026-06-18 20:17:03	splitless
CHEBI:28897	C15H32	CCCCCCCCCCCCCCC	InChI=1S/C15H32/c1-3-5-7-9-11-13-15-14-12-10-8-6-4-2/h3-15H2,1-2H3	Pentadecane, n-		112:3686 113:6116 126:2346 127:3088 140:1274 141:1981 154:680 155:1191	Pentadecane, n-		1500	NCBITAXON:http://purl.bioontology.org/ontology/NCBITAXON/4530	Oryza sativa	Golm		MSI:2		tagfinder; manual supervised	992						not found	2026-06-18 20:17:03	not found	2026-06-18 20:17:03	splitless
unknown				A106004-101_D106098		128:174578 129:21209 140:615 142:11534 143:617 154:8721 155:1014 156:35224 157:4613 158:865 170:1491 172:2920	D106098		1059.77	NCBITAXON:http://purl.bioontology.org/ontology/NCBITAXON/4530	Oryza sativa	Golm		MSI:2		tagfinder; manual supervised	998						failed	2026-06-18 20:17:03	not found	2026-06-18 20:17:03	splitless
unknown				A112003-101		161:503 172:303 177:431 188:32287 189:4459	A112003-101		1126.16	NCBITAXON:http://purl.bioontology.org/ontology/NCBITAXON/4530	Oryza sativa	Golm		MSI:2		tagfinder; manual supervised	999						failed	2026-06-18 20:17:03	not found	2026-06-18 20:17:03	splitless
unknown				A116014-101_Unknown#bth-pae-013		207:2041 282:3559 283:2018 369:2144	Unknown#bth-pae-013		1148.35	NCBITAXON:http://purl.bioontology.org/ontology/NCBITAXON/4530	Oryza sativa	Golm		MSI:2		tagfinder; manual supervised	975						failed	2026-06-18 20:17:03	not found	2026-06-18 20:17:03	splitless
unknown				A124002-101		118:290 119:247 163:240 235:234 249:286	A124002-101		1221.84	NCBITAXON:http://purl.bioontology.org/ontology/NCBITAXON/4530	Oryza sativa	Golm		MSI:2		tagfinder; manual supervised	901						failed	2026-06-18 20:17:03	not found	2026-06-18 20:17:03	splitless
unknown				A137012-101_NA137012		109:375 110:459 116:6159 124:438 125:352 126:374 131:5775 132:1731 134:456 139:268 142:25836 150:247 152:214 154:392 158:3493 160:483 166:220 167:1750 168:392 170:472 172:579 173:287 182:389 183:2459 190:326 196:229 197:359 199:538 200:325 201:238 214:372 215:272 216:255 225:223 226:209 227:408 228:237 242:2357 244:387 245:213 253:205 256:1713 257:25097 258:6480 259:2666 260:467 261:221 265:204 269:296 271:2404 272:19186 273:4939 275:355	NA137012		1378.93	NCBITAXON:http://purl.bioontology.org/ontology/NCBITAXON/4530	Oryza sativa	Golm		MSI:2		tagfinder; manual supervised	986						failed	2026-06-18 20:17:03	not found	2026-06-18 20:17:03	splitless
unknown				A139005-101		233:363 234:416 306:424	A139005-101		1364.41	NCBITAXON:http://purl.bioontology.org/ontology/NCBITAXON/4530	Oryza sativa	Golm		MSI:2		tagfinder; manual supervised	999						failed	2026-06-18 20:17:03	not found	2026-06-18 20:17:03	splitless
unknown				A140006-101		222:267 267:265 281:290	A140006-101		1371.34	NCBITAXON:http://purl.bioontology.org/ontology/NCBITAXON/4530	Oryza sativa	Golm		MSI:2		tagfinder; manual supervised	692						failed	2026-06-18 20:17:03	not found	2026-06-18 20:17:03	splitless
unknown				A142016-101_Unknown#bth-pae-028		87:255 175:239 190:241	Unknown#bth-pae-028		1413.6	NCBITAXON:http://purl.bioontology.org/ontology/NCBITAXON/4530	Oryza sativa	Golm		MSI:2		tagfinder; manual supervised	924						failed	2026-06-18 20:17:03	not found	2026-06-18 20:17:03	splitless
unknown				A143003-101		84:353 85:438 90:203 98:206 99:351 101:467 113:545 114:358 127:218 128:424 142:196 153:198 154:5811 155:1129 156:1618 160:224 174:8793 175:1164 176:449 186:341 201:193 228:194 243:210	A143003-101		1417.97	NCBITAXON:http://purl.bioontology.org/ontology/NCBITAXON/4530	Oryza sativa	Golm		MSI:2		tagfinder; manual supervised	996						failed	2026-06-18 20:17:03	not found	2026-06-18 20:17:03	splitless
unknown				A145008-101		132:213 188:204 221:218 351:216	A145008-101		1443.91	NCBITAXON:http://purl.bioontology.org/ontology/NCBITAXON/4530	Oryza sativa	Golm		MSI:2		tagfinder; manual supervised	827						failed	2026-06-18 20:17:03	not found	2026-06-18 20:17:03	splitless
unknown				A145016-101_NA145016		189:815 192:870 201:1892 202:1520 216:969	NA145016		1455.24	NCBITAXON:http://purl.bioontology.org/ontology/NCBITAXON/4530	Oryza sativa	Golm		MSI:2		tagfinder; manual supervised	999						failed	2026-06-18 20:17:03	not found	2026-06-18 20:17:03	splitless
unknown				A147005-101		164:282 238:288 310:234 338:279	A147005-101		1460.26	NCBITAXON:http://purl.bioontology.org/ontology/NCBITAXON/4530	Oryza sativa	Golm		MSI:2		tagfinder; manual supervised	968						failed	2026-06-18 20:17:03	not found	2026-06-18 20:17:03	splitless
unknown				A147011-101_NA147011		120:248 126:365 127:243 150:247 154:199 156:329 174:1959 176:210 188:318 189:1891 191:3197 193:310 201:1426 202:1353 231:218 263:981 288:773 289:279 366:258	NA147011		1463.65	NCBITAXON:http://purl.bioontology.org/ontology/NCBITAXON/4530	Oryza sativa	Golm		MSI:2		tagfinder; manual supervised	957						failed	2026-06-18 20:17:03	not found	2026-06-18 20:17:03	splitless
unknown				A148006-101		162:1067 187:1066 235:855	A148006-101		1466.68	NCBITAXON:http://purl.bioontology.org/ontology/NCBITAXON/4530	Oryza sativa	Golm		MSI:2		tagfinder; manual supervised	998						failed	2026-06-18 20:17:03	not found	2026-06-18 20:17:03	splitless
unknown				A155004-101		117:16611 120:238 129:11061 161:232 164:313 165:243 192:307 193:259 219:13071 278:344 279:276 293:349 294:189 319:303 323:281	A155004-101		1540.29	NCBITAXON:http://purl.bioontology.org/ontology/NCBITAXON/4530	Oryza sativa	Golm		MSI:2		tagfinder; manual supervised	993						failed	2026-06-18 20:17:03	not found	2026-06-18 20:17:03	splitless
unknown				A157012-101_similar to Asparagine Derivate		163:364 188:254 202:262 213:221 215:264 218:3280 220:326 232:216 262:352 263:218	similar to Asparagine Derivate		1580.21	NCBITAXON:http://purl.bioontology.org/ontology/NCBITAXON/4530	Oryza sativa	Golm		MSI:2		tagfinder; manual supervised	995						failed	2026-06-18 20:17:03	not found	2026-06-18 20:17:03	splitless
unknown				A159002-101		104:242 175:235 177:205 188:224	A159002-101		1576.48	NCBITAXON:http://purl.bioontology.org/ontology/NCBITAXON/4530	Oryza sativa	Golm		MSI:2		tagfinder; manual supervised	909						failed	2026-06-18 20:17:03	not found	2026-06-18 20:17:03	splitless
unknown				A159003-101		190:659 191:7612 193:715 206:4902 215:569 219:631 222:717 231:5932 234:13761 292:362 306:16260 307:5295 309:566 323:200 425:206	A159003-101		1572.89	NCBITAXON:http://purl.bioontology.org/ontology/NCBITAXON/4530	Oryza sativa	Golm		MSI:2		tagfinder; manual supervised	994						failed	2026-06-18 20:17:03	not found	2026-06-18 20:17:03	splitless
unknown				A160018-101_Unknown#sst-cgl-037		153:406 166:253 271:245	Unknown#sst-cgl-037		1595.8	NCBITAXON:http://purl.bioontology.org/ontology/NCBITAXON/4530	Oryza sativa	Golm		MSI:2		tagfinder; manual supervised	980						failed	2026-06-18 20:17:03	not found	2026-06-18 20:17:03	splitless
unknown				A170001-101_NA170001		205:1769 307:2692 319:2314	NA170001		1684.44	NCBITAXON:http://purl.bioontology.org/ontology/NCBITAXON/4530	Oryza sativa	Golm		MSI:2		tagfinder; manual supervised	992						failed	2026-06-18 20:17:03	not found	2026-06-18 20:17:03	splitless
unknown				A171003-101		90:300 91:257 112:290 126:258 144:678 145:658 158:240 174:495 183:226 185:273 186:287 187:251 188:320 228:245 244:421 245:266 271:275 272:534 273:232 276:488 277:248	A171003-101		1691.58	NCBITAXON:http://purl.bioontology.org/ontology/NCBITAXON/4530	Oryza sativa	Golm		MSI:2		tagfinder; manual supervised	871						failed	2026-06-18 20:17:03	not found	2026-06-18 20:17:03	splitless
unknown				A174001-101_NA174001		319:9670 333:10181 334:5719 380:457 395:5606 396:3105 397:816	NA174001		1728.76	NCBITAXON:http://purl.bioontology.org/ontology/NCBITAXON/4530	Oryza sativa	Golm		MSI:2		tagfinder; manual supervised	977						failed	2026-06-18 20:17:03	not found	2026-06-18 20:17:03	splitless
unknown				A175008-101		276:2359 302:3318 392:2791	A175008-101		1748.7	NCBITAXON:http://purl.bioontology.org/ontology/NCBITAXON/4530	Oryza sativa	Golm		MSI:2		tagfinder; manual supervised	980						failed	2026-06-18 20:17:03	not found	2026-06-18 20:17:03	splitless
unknown				A176001-101_NA176001		115:300 219:532 277:286 293:578 294:342 307:693 308:293 319:334 334:490 335:304	NA176001		1739.74	NCBITAXON:http://purl.bioontology.org/ontology/NCBITAXON/4530	Oryza sativa	Golm		MSI:2		tagfinder; manual supervised	964						failed	2026-06-18 20:17:03	not found	2026-06-18 20:17:03	splitless
unknown				A180002-101_similar to Fructose Derivate		192:786 292:342 295:202 303:1566 319:1549 347:1231 348:403 435:419 437:4872 439:1203 440:380	similar to Fructose Derivate		1787.8	NCBITAXON:http://purl.bioontology.org/ontology/NCBITAXON/4530	Oryza sativa	Golm		MSI:2		tagfinder; manual supervised	974						failed	2026-06-18 20:17:03	not found	2026-06-18 20:17:03	splitless
unknown				A181004-101_similar to Fructose Derivate		304:231 346:244 348:237 435:221 440:238 441:217	similar to Fructose Derivate		1792.9	NCBITAXON:http://purl.bioontology.org/ontology/NCBITAXON/4530	Oryza sativa	Golm		MSI:2		tagfinder; manual supervised	902						failed	2026-06-18 20:17:03	not found	2026-06-18 20:17:03	splitless
unknown				A192014-101		298:1160 316:1521 389:1326	A192014-101		1913.62	NCBITAXON:http://purl.bioontology.org/ontology/NCBITAXON/4530	Oryza sativa	Golm		MSI:2		tagfinder; manual supervised	993						failed	2026-06-18 20:17:03	not found	2026-06-18 20:17:03	splitless
unknown				A196004-101		138:261 140:296 169:3619 181:259 204:3429 218:3239	A196004-101		1945.17	NCBITAXON:http://purl.bioontology.org/ontology/NCBITAXON/4530	Oryza sativa	Golm		MSI:2		tagfinder; manual supervised	997						failed	2026-06-18 20:17:03	not found	2026-06-18 20:17:03	splitless
unknown				A197003-101_similar to Glucopyranose		257:712 273:579 293:704	similar to Glucopyranose (5TMS)		1961.77	NCBITAXON:http://purl.bioontology.org/ontology/NCBITAXON/4530	Oryza sativa	Golm		MSI:2		tagfinder; manual supervised	983						failed	2026-06-18 20:17:03	not found	2026-06-18 20:17:03	splitless
unknown				A201002-101_NA201002		292:6338 305:3428 319:3684 333:5607	NA201002		1999.27	NCBITAXON:http://purl.bioontology.org/ontology/NCBITAXON/4530	Oryza sativa	Golm		MSI:2		tagfinder; manual supervised	999						failed	2026-06-18 20:17:03	not found	2026-06-18 20:17:03	splitless
unknown				A203003-101		114:278 126:207 128:313 141:244 146:227 150:290 153:247 159:297 170:265 174:247 177:280 187:218 188:195 192:302 204:17392 220:11916 229:326 230:317 234:255 242:198 244:269 246:192 260:208 270:222 274:209 322:217	A203003-101		2011.35	NCBITAXON:http://purl.bioontology.org/ontology/NCBITAXON/4530	Oryza sativa	Golm		MSI:2		tagfinder; manual supervised	920						failed	2026-06-18 20:17:03	not found	2026-06-18 20:17:03	splitless
unknown				A203004-101		211:219 258:225 299:218	A203004-101		2011.35	NCBITAXON:http://purl.bioontology.org/ontology/NCBITAXON/4530	Oryza sativa	Golm		MSI:2		tagfinder; manual supervised	973						failed	2026-06-18 20:17:03	not found	2026-06-18 20:17:03	splitless
unknown				A211001-101_NA211001		201:712 202:732 206:3693 262:2747 321:2648 322:604	NA211001		2096.56	NCBITAXON:http://purl.bioontology.org/ontology/NCBITAXON/4530	Oryza sativa	Golm		MSI:2		tagfinder; manual supervised	997						failed	2026-06-18 20:17:03	not found	2026-06-18 20:17:03	splitless
unknown				A213001-101_NA213001		88:282 98:195 111:217 118:403 132:242 134:355 135:263 145:222 159:281 163:338 172:288 174:257 175:270 188:233 190:333 203:245 205:5089 208:212 216:226 230:291 231:274 244:183 247:216 277:228 319:4161 322:234	NA213001		2125.48	NCBITAXON:http://purl.bioontology.org/ontology/NCBITAXON/4530	Oryza sativa	Golm		MSI:2		tagfinder; manual supervised	967						failed	2026-06-18 20:17:03	not found	2026-06-18 20:17:03	splitless
unknown				A214003-101		158:480 173:462 206:1138 207:605 229:784 320:1335 321:670	A214003-101		2125.73	NCBITAXON:http://purl.bioontology.org/ontology/NCBITAXON/4530	Oryza sativa	Golm		MSI:2		tagfinder; manual supervised	975						failed	2026-06-18 20:17:03	not found	2026-06-18 20:17:03	splitless
unknown				A214004-101		172:679 229:554 321:461	A214004-101		2132.09	NCBITAXON:http://purl.bioontology.org/ontology/NCBITAXON/4530	Oryza sativa	Golm		MSI:2		tagfinder; manual supervised	992						failed	2026-06-18 20:17:03	not found	2026-06-18 20:17:03	splitless
unknown				A217004-101		90:267 91:354 100:265 104:1439 105:581 109:552 111:530 113:1301 114:288 115:779 118:981 119:1429 120:221 127:553 128:277 130:2062 134:1092 141:363 142:470 150:455 151:344 153:292 154:218 155:978 156:488 157:1690 159:932 160:212 161:438 162:219 163:872 164:225 165:218 167:222 169:1906 170:720 171:488 173:451 175:625 176:236 177:561 178:217 181:273 183:383 185:230 189:2535 190:1263 193:713 206:3142 207:635 215:367 218:3917 229:601 230:999 232:555 233:342 244:462 245:435 248:363 255:280 257:269 265:657 266:326 271:1674 273:293 291:535 293:262 303:226 306:347 317:852 334:240 345:435 348:221 362:1572	A217004-101		2164.33	NCBITAXON:http://purl.bioontology.org/ontology/NCBITAXON/4530	Oryza sativa	Golm		MSI:2		tagfinder; manual supervised	850						failed	2026-06-18 20:17:03	not found	2026-06-18 20:17:03	splitless
unknown				A221004-101		109:259 116:203 156:220 207:187 227:548 228:208 243:332 255:207 299:468 300:199 315:267 342:304	A221004-101		2196.4	NCBITAXON:http://purl.bioontology.org/ontology/NCBITAXON/4530	Oryza sativa	Golm		MSI:2		tagfinder; manual supervised	918						failed	2026-06-18 20:17:03	not found	2026-06-18 20:17:03	splitless
unknown				A228001-101		105:523 172:566 200:549 207:463 219:443 234:467 320:543 357:189 392:459 404:379	A228001-101		2262.13	NCBITAXON:http://purl.bioontology.org/ontology/NCBITAXON/4530	Oryza sativa	Golm		MSI:2		tagfinder; manual supervised	971						failed	2026-06-18 20:17:03	not found	2026-06-18 20:17:03	splitless
unknown				A230002-101		159:3924 199:424 204:3874 293:373	A230002-101		2289	NCBITAXON:http://purl.bioontology.org/ontology/NCBITAXON/4530	Oryza sativa	Golm		MSI:2		tagfinder; manual supervised	999						failed	2026-06-18 20:17:03	not found	2026-06-18 20:17:03	splitless
unknown				A237001-101		101:4991 131:4410 143:4863 219:4535 233:1371 292:3479 293:822 305:2354 375:1372	A237001-101		2360.25	NCBITAXON:http://purl.bioontology.org/ontology/NCBITAXON/4530	Oryza sativa	Golm		MSI:2		tagfinder; manual supervised	892						failed	2026-06-18 20:17:03	not found	2026-06-18 20:17:03	splitless
unknown				A237002-101		100:240 134:219 170:204 190:211 193:226 221:205 260:205 305:231 332:223 333:203	A237002-101		2351.96	NCBITAXON:http://purl.bioontology.org/ontology/NCBITAXON/4530	Oryza sativa	Golm		MSI:2		tagfinder; manual supervised	800						failed	2026-06-18 20:17:03	not found	2026-06-18 20:17:03	splitless
unknown				A250001-101		164:192 191:4243 206:5182 207:1292 219:1067 231:1682 243:993 271:606 305:895 321:5955 322:1938 323:847 359:194 362:670 364:202	A250001-101		2484.88	NCBITAXON:http://purl.bioontology.org/ontology/NCBITAXON/4530	Oryza sativa	Golm		MSI:2		tagfinder; manual supervised	996						failed	2026-06-18 20:17:03	not found	2026-06-18 20:17:03	splitless
unknown				A278005-101_NA278005		259:1594 348:1638 355:1180	NA278005		2756.05	NCBITAXON:http://purl.bioontology.org/ontology/NCBITAXON/4530	Oryza sativa	Golm		MSI:2		tagfinder; manual supervised	997						failed	2026-06-18 20:17:03	not found	2026-06-18 20:17:03	splitless
unknown				A303004-101_D310830		305:195 333:321 334:190	D310830		3047.61	NCBITAXON:http://purl.bioontology.org/ontology/NCBITAXON/4530	Oryza sativa	Golm		MSI:2		tagfinder; manual supervised	948						failed	2026-06-18 20:17:03	not found	2026-06-18 20:17:03	splitless
unknown				A311002-101		101:776 130:576 131:828	A311002-101		3086.08	NCBITAXON:http://purl.bioontology.org/ontology/NCBITAXON/4530	Oryza sativa	Golm		MSI:2		tagfinder; manual supervised	995						failed	2026-06-18 20:17:03	not found	2026-06-18 20:17:03	splitless
CHEBI:16040	C4H5N3O	Nc1cc[nH]c(=O)n1	InChI=1S/C4H5N3O/c5-3-1-2-6-4(8)7-3/h1-2H,(H3,5,6,7,8)	Cytosine		184:265 224:392 241:1709	Cytosine (2TMS)		1524.21	NCBITAXON:http://purl.bioontology.org/ontology/NCBITAXON/4530	Oryza sativa	Golm		MSI:2		tagfinder; manual supervised	995				CHEBI:16040	RM0050550	first assignment	2026-06-18 20:17:03	first assignment	2026-06-18 20:17:03	splitless
CHEBI:16000	C2H7NO	NCCO	InChI=1S/C2H7NO/c3-1-2-4/h4H,1-3H2	Ethanolamine		86:70202 87:7658 100:68446 127:196	Ethanolamine (3TMS)		1259.24	NCBITAXON:http://purl.bioontology.org/ontology/NCBITAXON/4530	Oryza sativa	Golm		MSI:2		tagfinder; manual supervised	999				CHEBI:16000	RM0040238	first assignment	2026-06-18 20:17:03	first assignment	2026-06-18 20:17:03	splitless
CHEBI:17148	C4H12N2	NCCCCN	InChI=1S/C4H12N2/c5-3-1-2-4-6/h1-6H2	Putrescine		139:213 162:233 175:7749 176:3256 200:2185 214:2857 228:352 337:257 363:366 377:226 398:255	Putrescine (4TMS)		1732.98	NCBITAXON:http://purl.bioontology.org/ontology/NCBITAXON/4530	Oryza sativa	Golm		MSI:2		tagfinder; manual supervised	992				CHEBI:17148	RM0139715	first assignment	2026-06-18 20:17:03	first assignment	2026-06-18 20:17:03	splitless
CHEBI:16540	C5H5NO	Oc1ccccn1	InChI=1S/C5H5NO/c7-5-3-1-2-4-6-5/h1-4H,(H,6,7)	Pyridine, 2-hydroxy-		153:2366 166:2009 167:1488	Pyridine, 2-hydroxy- (1TMS)		1031.82	NCBITAXON:http://purl.bioontology.org/ontology/NCBITAXON/4530	Oryza sativa	Golm		MSI:2		tagfinder; manual supervised	997						failed	2026-06-18 20:17:03	not found	2026-06-18 20:17:03	splitless
CHEBI:87440	C5H5NO	Oc1cccnc1	InChI=1S/C5H5NO/c7-5-2-1-3-6-4-5/h1-4,7H	Pyridine, 3-hydroxy-		122:388 150:1296 152:1281 154:288 167:422 168:284	Pyridine, 3-hydroxy- (1TMS)		1136.27	NCBITAXON:http://purl.bioontology.org/ontology/NCBITAXON/4530	Oryza sativa	Golm		MSI:2		tagfinder; manual supervised	778						failed	2026-06-18 20:17:03	not found	2026-06-18 20:17:03	splitless
CHEBI:87614	C5H5NO	Oc1ccncc1	InChI=1S/C5H5NO/c7-5-1-3-6-4-2-5/h1-4H,(H,6,7)	Pyridine, 4-hydroxy-		99:240 153:210 167:271	Pyridine, 4-hydroxy- (1TMS)		1155	NCBITAXON:http://purl.bioontology.org/ontology/NCBITAXON/4530	Oryza sativa	Golm		MSI:2		tagfinder; manual supervised	978						failed	2026-06-18 20:17:03	not found	2026-06-18 20:17:03	splitless
CHEBI:16610	C7H19N3	NCCCCNCCCN	InChI=1S/C7H19N3/c8-4-1-2-6-10-7-3-5-9/h10H,1-9H2	Spermidine		100:364 102:233 126:201 170:262 172:297 175:265 201:211	Spermidine (5TMS)		2247.3	NCBITAXON:http://purl.bioontology.org/ontology/NCBITAXON/4530	Oryza sativa	Golm		MSI:2		tagfinder; manual supervised	952				CHEBI:16610	RM0041813	first assignment	2026-06-18 20:17:03	first assignment	2026-06-18 20:17:03	splitless
CHEBI:17568	C4H4N2O2	O=c1cc[nH]c(=O)[nH]1	InChI=1S/C4H4N2O2/c7-3-1-2-5-4(8)6-3/h1-2H,(H2,5,6,7,8)	Uracil		243:221 255:489 256:460	Uracil (2TMS)		1334.24	NCBITAXON:http://purl.bioontology.org/ontology/NCBITAXON/4530	Oryza sativa	Golm		MSI:2		tagfinder; manual supervised	984				CHEBI:17568	RM0135934	first assignment	2026-06-18 20:17:03	first assignment	2026-06-18 20:17:03	splitless
CHEBI:32374	C9H8O3	OC(=O)\C=C\c1ccc(O)cc1	InChI=1S/C9H8O3/c10-8-4-1-7(2-5-8)3-6-9(11)12/h1-6,10H,(H,11,12)/b6-3+	Cinnamic acid, 4-hydroxy-, trans-		223:303 250:450 251:236 295:284	Cinnamic acid, 4-hydroxy-, trans- (2TMS)		1944.94	NCBITAXON:http://purl.bioontology.org/ontology/NCBITAXON/4530	Oryza sativa	Golm		MSI:2		tagfinder; manual supervised	989						failed	2026-06-18 20:17:03	not found	2026-06-18 20:17:03	splitless
CHEBI:75491	C16H18O9	O[C@@H]1C[C@@](O)(C[C@@H](O)[C@H]1OC(=O)C=Cc1ccc(O)c(O)c1)C(O)=O	InChI=1S/C16H18O9/c17-9-3-1-8(5-10(9)18)2-4-13(21)25-14-11(19)6-16(24,15(22)23)7-12(14)20/h1-5,11-12,14,17-20,24H,6-7H2,(H,22,23)/b4-2+/t11-,12-,14-,16+/m1/s1	Quinic acid, 4-caffeoyl-, trans-		105:276 116:247 119:251 131:375 133:755 134:236 135:331 161:223 163:244 175:238 203:225 233:235 292:285 293:229 306:211	Quinic acid, 4-caffeoyl-, trans- (6TMS)		3175.69	NCBITAXON:http://purl.bioontology.org/ontology/NCBITAXON/4530	Oryza sativa	Golm		MSI:2		tagfinder; manual supervised	966						failed	2026-06-18 20:17:03	not found	2026-06-18 20:17:03	splitless
CHEBI:16384	C16H18O9	[H][C@]1(O)[C@H](O)C[C@@](O)(C[C@H]1OC(=O)C=Cc1ccc(O)c(O)c1)C(O)=O	InChI=1S/C16H18O9/c17-9-3-1-8(5-10(9)18)2-4-13(20)25-12-7-16(24,15(22)23)6-11(19)14(12)21/h1-5,11-12,14,17-19,21,24H,6-7H2,(H,22,23)/b4-2+/t11-,12-,14+,16-/m1/s1	Quinic acid, 5-caffeoyl-, trans-		91:310 93:230 115:334 151:351 183:304 191:738 192:321 193:406 219:830 257:364 324:295 447:297	Quinic acid, 5-caffeoyl-, trans- (6TMS)		3175.5	NCBITAXON:http://purl.bioontology.org/ontology/NCBITAXON/4530	Oryza sativa	Golm		MSI:2		tagfinder; manual supervised	935						failed	2026-06-18 20:17:03	not found	2026-06-18 20:17:03	splitless
CHEBI:15714	C11H12O5	COc1cc(cc(OC)c1O)\C=C\C(O)=O	InChI=1S/C11H12O5/c1-15-8-5-7(3-4-10(12)13)6-9(16-2)11(8)14/h3-6,14H,1-2H3,(H,12,13)/b4-3+	Sinapic acid, trans-		119:264 155:220 177:268 219:250 249:305 279:324 323:315 339:315 353:352	Sinapic acid, trans- (2TMS)		2246.08	NCBITAXON:http://purl.bioontology.org/ontology/NCBITAXON/4530	Oryza sativa	Golm		MSI:2		tagfinder; manual supervised	929						failed	2026-06-18 20:17:03	not found	2026-06-18 20:17:03	splitless
CHEBI:17553	C2H8NO4P	NCCOP(O)(O)=O	InChI=1S/C2H8NO4P/c3-1-2-7-8(4,5)6/h1-3H2,(H2,4,5,6)	Ethanolaminephosphate		165:248 167:205 179:224 194:263 208:257 209:247 284:224 316:346 329:270 414:326 415:208	Ethanolaminephosphate (4TMS)		1775.55	NCBITAXON:http://purl.bioontology.org/ontology/NCBITAXON/4530	Oryza sativa	Golm		MSI:2		tagfinder; manual supervised	906					RM0060581	failed	2026-06-18 20:17:03	first assignment	2026-06-18 20:17:03	splitless
CHEBI:14314	C6H13O9P			Glucose-6-phosphate		300:2286 315:3079 357:2343	Glucose-6-phosphate (1MEOX) (6TMS) MP		2305.49	NCBITAXON:http://purl.bioontology.org/ontology/NCBITAXON/4530	Oryza sativa	Golm		MSI:2		tagfinder; manual supervised	990					RM0136106	not found	2026-06-18 20:17:03	first assignment	2026-06-18 20:17:03	splitless
CHEBI:24344	C3H7O7P	C(C(CO)OP(=O)(O)O)(O)=O	InChI=1S/C3H7O7P/c4-1-2(3(5)6)10-11(7,8)9/h2,4H,1H2,(H,5,6)(H2,7,8,9)	Glyceric acid-2-phosphate		300:294 387:240 459:238	Glyceric acid-2-phosphate (4TMS)		1766.32	NCBITAXON:http://purl.bioontology.org/ontology/NCBITAXON/4530	Oryza sativa	Golm		MSI:2		tagfinder; manual supervised	976					RM0136217	failed	2026-06-18 20:17:03	first assignment	2026-06-18 20:17:03	splitless
CHEBI:17050	C3H7O7P	OC(COP(O)(O)=O)C(O)=O	InChI=1S/C3H7O7P/c4-2(3(5)6)1-10-11(7,8)9/h2,4H,1H2,(H,5,6)(H2,7,8,9)	Glyceric acid-3-phosphate		211:9480 227:9534 299:13328	Glyceric acid-3-phosphate (4TMS)		1793.24	NCBITAXON:http://purl.bioontology.org/ontology/NCBITAXON/4530	Oryza sativa	Golm		MSI:2		tagfinder; manual supervised	998						failed	2026-06-18 20:17:03	not found	2026-06-18 20:17:03	splitless
CHEBI:14336	C3H9O6P	OCC(O)COP(O)(O)=O	InChI=1S/C3H9O6P/c4-1-3(5)2-9-10(6,7)8/h3-5H,1-2H2,(H2,6,7,8)	Glycerol-3-phosphate		137:208 195:234 225:253 241:251 285:232 314:195 328:193 359:240 387:206 445:235	Glycerol-3-phosphate (4TMS)		1749.91	NCBITAXON:http://purl.bioontology.org/ontology/NCBITAXON/4530	Oryza sativa	Golm		MSI:2		tagfinder; manual supervised	940					RM0160118	not found	2026-06-18 20:17:03	first assignment	2026-06-18 20:17:03	splitless
CHEBI:5457	C6H15O8P	OCC(O)COP(O)(=O)OCC(O)CO	InChI=1S/C6H15O8P/c7-1-5(9)3-13-15(11,12)14-4-6(10)2-8/h5-10H,1-4H2,(H,11,12)	Glycerophosphoglycerol		212:575 243:854 257:871 300:962 357:2361 359:654 373:844 503:605	Glycerophosphoglycerol (5TMS)		2172.83	NCBITAXON:http://purl.bioontology.org/ontology/NCBITAXON/4530	Oryza sativa	Golm		MSI:2		tagfinder; manual supervised	945				CHEBI:5457	RM0114528	first assignment	2026-06-18 20:17:03	first assignment	2026-06-18 20:17:03	splitless
CHEBI:18297	C6H13O9P	O[C@H]1[C@H](O)[C@@H](O)[C@H](OP(O)(O)=O)[C@H](O)[C@@H]1O	InChI=1S/C6H13O9P/c7-1-2(8)4(10)6(5(11)3(1)9)15-16(12,13)14/h1-11H,(H2,12,13,14)/t1-,2-,3+,4-,5-,6-/m1/s1	myo-Inositol-1-phosphate		299:750 315:650 318:795	myo-Inositol-1-phosphate (7TMS)		2408.78	NCBITAXON:http://purl.bioontology.org/ontology/NCBITAXON/4530	Oryza sativa	Golm		MSI:2		tagfinder; manual supervised	998					RM0136305	not found	2026-06-18 20:17:03	first assignment	2026-06-18 20:17:03	splitless
CHEBI:44897	C3H5O6P	OC(=O)C(=C)OP(O)(O)=O	InChI=1S/C3H5O6P/c1-2(3(4)5)9-10(6,7)8/h1H2,(H,4,5)(H2,6,7,8)	Phosphoenolpyruvic acid		137:344 181:341 212:350 370:359	Phosphoenolpyruvic acid (3TMS)		1593.08	NCBITAXON:http://purl.bioontology.org/ontology/NCBITAXON/4530	Oryza sativa	Golm		MSI:2		tagfinder; manual supervised	929					RM0060576	not found	2026-06-18 20:17:03	first assignment	2026-06-18 20:17:03	splitless
CHEBI:26078	H3O4P	[H]OP(=O)(O[H])O[H]	InChI=1S/H3O4P/c1-5(2,3)4/h(H3,1,2,3,4)	Phosphoric acid		189:6659 191:23094 192:4887 193:26262 194:4759 195:5603 207:29136 208:5964 209:4446 227:4200	Phosphoric acid (3TMS)		1264.14	NCBITAXON:http://purl.bioontology.org/ontology/NCBITAXON/4530	Oryza sativa	Golm		MSI:2		tagfinder; manual supervised	999					RM0032341	not found	2026-06-18 20:17:03	first assignment	2026-06-18 20:17:03	splitless
CHEBI:340824	CH5O4P	COP(O)(O)=O	InChI=1S/CH5O4P/c1-5-6(2,3)4/h1H3,(H2,2,3,4)	Phosphoric acid monomethyl ester		133:4258 135:1758 211:1698 242:1681	Phosphoric acid monomethyl ester (2TMS)		1166.47	NCBITAXON:http://purl.bioontology.org/ontology/NCBITAXON/4530	Oryza sativa	Golm		MSI:2		tagfinder; manual supervised	954					RM0136733	failed	2026-06-18 20:17:03	first assignment	2026-06-18 20:17:03	splitless
CHEBI:33509	C5H10O6			Arabinonic acid		277:261 294:293 333:282	Arabinonic acid (5TMS)		1764.68	NCBITAXON:http://purl.bioontology.org/ontology/NCBITAXON/4530	Oryza sativa	Golm		MSI:2		tagfinder; manual supervised	999					RM0135974	failed	2026-06-18 20:17:03	first assignment	2026-06-18 20:17:03	splitless
CHEBI:22652	C6H8O6			Ascorbic acid		153:231 155:254 199:286 222:283 332:2144 335:310 346:276 360:296 375:338 449:355	Ascorbic acid (4TMS)		1938.07	NCBITAXON:http://purl.bioontology.org/ontology/NCBITAXON/4530	Oryza sativa	Golm		MSI:2		tagfinder; manual supervised	957					RM0118068	not found	2026-06-18 20:17:03	first assignment	2026-06-18 20:17:03	splitless
CHEBI:37654	C4H8O5			Erythronic acid		178:274 205:5931 220:6142 223:274 292:7433 295:277 320:253 409:276	Erythronic acid (4TMS)		1529.38	NCBITAXON:http://purl.bioontology.org/ontology/NCBITAXON/4530	Oryza sativa	Golm		MSI:2		tagfinder; manual supervised	991					RM0041611	failed	2026-06-18 20:17:03	first assignment	2026-06-18 20:17:03	splitless
CHEBI:30852	C6H10O8	O[C@@H]([C@@H](O)[C@H](O)C(O)=O)[C@@H](O)C(O)=O	InChI=1S/C6H10O8/c7-1(3(9)5(11)12)2(8)4(10)6(13)14/h1-4,7-10H,(H,11,12)(H,13,14)/t1-,2+,3+,4-	Galactaric acid		219:372 221:588 277:362 293:404 305:539 335:420	Galactaric acid (6TMS)		2028.99	NCBITAXON:http://purl.bioontology.org/ontology/NCBITAXON/4530	Oryza sativa	Golm		MSI:2		tagfinder; manual supervised	991					RM0153163	not found	2026-06-18 20:17:03	first assignment	2026-06-18 20:17:03	splitless
CHEBI:24149	C6H12O7			Galactonic acid		293:418 305:551 333:448	Galactonic acid (6TMS)		1980.28	NCBITAXON:http://purl.bioontology.org/ontology/NCBITAXON/4530	Oryza sativa	Golm		MSI:2		tagfinder; manual supervised	999					RM0013490	failed	2026-06-18 20:17:03	first assignment	2026-06-18 20:17:03	splitless
CHEBI:24266	C6H12O7			Gluconic acid		217:3428 220:361 278:380 331:350 425:215 433:373 435:376	Gluconic acid (6TMS)		1985.39	NCBITAXON:http://purl.bioontology.org/ontology/NCBITAXON/4530	Oryza sativa	Golm		MSI:2		tagfinder; manual supervised	998					RM0155944	not found	2026-06-18 20:17:03	first assignment	2026-06-18 20:17:03	splitless
CHEBI:33508	C3H6O4	OCC(O)C(O)=O	InChI=1S/C3H6O4/c4-1-2(5)3(6)7/h2,4-5H,1H2,(H,6,7)	Glyceric acid		295:1314 308:2675 309:1362	Glyceric acid (3TMS)		1320.3	NCBITAXON:http://purl.bioontology.org/ontology/NCBITAXON/4530	Oryza sativa	Golm		MSI:2		tagfinder; manual supervised	999					RM0135902	not found	2026-06-18 20:17:03	first assignment	2026-06-18 20:17:03	splitless
CHEBI:17301	C6H10O8			Saccharic acid		176:212 187:193 227:209 233:205 241:219 244:216 257:217 295:255 309:211 315:233 317:208 322:249 336:245 346:205 347:201 379:218 405:221 424:240 425:205 436:259 437:213	Saccharic acid (6TMS)		1998.92	NCBITAXON:http://purl.bioontology.org/ontology/NCBITAXON/4530	Oryza sativa	Golm		MSI:2		tagfinder; manual supervised	635					RM0153927	not found	2026-06-18 20:17:03	first assignment	2026-06-18 20:17:03	splitless
CHEBI:26984	C4H8O5	OC[C@@H](O)[C@H](O)C(O)=O	InChI=1S/C4H8O5/c5-1-2(6)3(7)4(8)9/h2-3,5-7H,1H2,(H,8,9)/t2-,3+/m1/s1	Threonic acid		150:732 161:404 163:836 178:445 190:790 203:1064 205:16131 208:330 217:15192 220:16768 223:462 246:539 277:675 292:21033 295:492 320:542 321:423	Threonic acid (4TMS)		1546.68	NCBITAXON:http://purl.bioontology.org/ontology/NCBITAXON/4530	Oryza sativa	Golm		MSI:2		tagfinder; manual supervised	989					RM0049431	not found	2026-06-18 20:17:03	first assignment	2026-06-18 20:17:03	splitless
CHEBI:62064	C4H10O2	CC(O)C(C)O	InChI=1S/C4H10O2/c1-3(5)4(2)6/h3-6H,1-2H3	2,3-Butanediol		88:2134 94:806 101:2708 129:1698 132:1331 145:450 150:1075	2,3-Butanediol (2TMS)		1026.2	NCBITAXON:http://purl.bioontology.org/ontology/NCBITAXON/4530	Oryza sativa	Golm		MSI:2		tagfinder; manual supervised	941					RM0118136	not found	2026-06-18 20:17:03	first assignment	2026-06-18 20:17:03	splitless
CHEBI:22605	C5H12O5			Arabitol		151:283 153:311 159:408 171:438 176:308 177:582 178:271 189:4500 191:3063 192:657 244:617 281:218 309:770 310:350 317:718 332:651	Arabitol (5TMS)		1706.28	NCBITAXON:http://purl.bioontology.org/ontology/NCBITAXON/4530	Oryza sativa	Golm		MSI:2		tagfinder; manual supervised	987					RM0135975	not found	2026-06-18 20:17:03	first assignment	2026-06-18 20:17:03	splitless
CHEBI:17113	C4H10O4	OC[C@H](O)[C@H](O)CO	InChI=1S/C4H10O4/c5-1-3(7)4(8)2-6/h3-8H,1-2H2/t3-,4+	Erythritol		103:33004 117:25256 145:443 150:495 161:346 173:243 177:440 189:9374 191:6720 193:583 203:647 204:8082 205:14985 208:341 215:623 217:26820 218:5296 220:392 230:264 278:379 294:484 295:344 305:475 309:457 321:369	Erythritol (4TMS)		1492.13	NCBITAXON:http://purl.bioontology.org/ontology/NCBITAXON/4530	Oryza sativa	Golm		MSI:2		tagfinder; manual supervised	986				CHEBI:17113	RM0136218	first assignment	2026-06-18 20:17:03	first assignment	2026-06-18 20:17:03	splitless
CHEBI:17754	C3H8O3	OCC(O)CO	InChI=1S/C3H8O3/c4-1-3(6)2-5/h3-6H,1-2H2	Glycerol		150:690 206:3222 217:756 218:5381 263:220	Glycerol (3TMS)		1262.32	NCBITAXON:http://purl.bioontology.org/ontology/NCBITAXON/4530	Oryza sativa	Golm		MSI:2		tagfinder; manual supervised	998				CHEBI:17754	RM0135887	first assignment	2026-06-18 20:17:03	first assignment	2026-06-18 20:17:03	splitless
CHEBI:17594	C6H6O2	Oc1ccc(O)cc1	InChI=1S/C6H6O2/c7-5-1-2-6(8)4-3-5/h1-4,7-8H	Hydroquinone		143:321 242:229 254:2477	Hydroquinone (2TMS)		1400.86	NCBITAXON:http://purl.bioontology.org/ontology/NCBITAXON/4530	Oryza sativa	Golm		MSI:2		tagfinder; manual supervised	991				CHEBI:17594	RM0162616	first assignment	2026-06-18 20:17:03	first assignment	2026-06-18 20:17:03	splitless
CHEBI:17268	C6H12O6	O[C@H]1[C@H](O)[C@@H](O)[C@H](O)[C@H](O)[C@@H]1O	InChI=1S/C6H12O6/c7-1-2(8)4(10)6(12)5(11)3(1)9/h1-12H/t1-,2-,3-,4+,5-,6-	Inositol, myo-		168:212 195:263 198:188 210:189 212:183 227:263 228:286 233:262 268:704 276:168 313:185 316:270 324:182 334:182 344:698 345:731 365:228 367:10360 370:365 380:257 391:234 396:278 406:358 407:334 408:228 417:495 418:319 420:471 421:284 432:13173 433:10670	Inositol, myo- (6TMS)		2081.9	NCBITAXON:http://purl.bioontology.org/ontology/NCBITAXON/4530	Oryza sativa	Golm		MSI:2		tagfinder; manual supervised	994					RM0136735	failed	2026-06-18 20:17:03	first assignment	2026-06-18 20:17:03	splitless
CHEBI:15963	C5H12O5	OC[C@H](O)[C@H](O)[C@H](O)CO	InChI=1S/C5H12O5/c6-1-3(8)5(10)4(9)2-7/h3-10H,1-2H2/t3-,4+,5-	Ribitol		158:1391 159:1239 161:1389 163:1915 168:222 170:996 177:2061 183:188 186:197 188:220 192:2557 205:42097 206:12797 207:6969 208:830 230:921 232:240 237:211 241:203 242:570 247:298 250:185 254:181 255:188 261:204 262:183 263:232 264:189 266:212 281:222 320:11210 321:5431 322:801 332:6957 335:245	Ribitol (5TMS)		1712.03	NCBITAXON:http://purl.bioontology.org/ontology/NCBITAXON/4530	Oryza sativa	Golm		MSI:2		tagfinder; manual supervised	990				CHEBI:15963	RM0155896	first assignment	2026-06-18 20:17:03	first assignment	2026-06-18 20:17:03	splitless
unknown				A104001-101_Siloxane		207:7006 208:1045 209:557	Siloxane		1016.22	NCBITAXON:http://purl.bioontology.org/ontology/NCBITAXON/4530	Oryza sativa	Golm		MSI:2		tagfinder; manual supervised	998						failed	2026-06-18 20:17:03	not found	2026-06-18 20:17:03	splitless
unknown				A114002-101_NA114002		220:72518 221:13731 222:6169 223:593 235:58251 236:11449 238:424	NA114002		1129.08	NCBITAXON:http://purl.bioontology.org/ontology/NCBITAXON/4530	Oryza sativa	Golm		MSI:2		tagfinder; manual supervised	999						failed	2026-06-18 20:17:03	not found	2026-06-18 20:17:03	splitless
unknown				A123002-101_similar to Pentasiloxane, dodecamethyl		207:248 249:222 265:244 283:291 369:296	similar to Pentasiloxane, dodecamethyl		1206.5	NCBITAXON:http://purl.bioontology.org/ontology/NCBITAXON/4530	Oryza sativa	Golm		MSI:2		tagfinder; manual supervised	955						failed	2026-06-18 20:17:03	not found	2026-06-18 20:17:03	splitless
unknown				A131003-101_similar to Cyclohexasiloxane, dodecamethyl		342:492 343:367 429:450	similar to Cyclohexasiloxane, dodecamethyl		1291.73	NCBITAXON:http://purl.bioontology.org/ontology/NCBITAXON/4530	Oryza sativa	Golm		MSI:2		tagfinder; manual supervised	983						failed	2026-06-18 20:17:03	not found	2026-06-18 20:17:03	splitless
unknown				A143002-101		86:3030 154:346 155:342 156:730 174:4262 175:540	A143002-101		1408.24	NCBITAXON:http://purl.bioontology.org/ontology/NCBITAXON/4530	Oryza sativa	Golm		MSI:2		tagfinder; manual supervised	992						failed	2026-06-18 20:17:03	not found	2026-06-18 20:17:03	splitless
unknown				A147007-101_Siloxane		283:316 328:241 341:269 415:263	Siloxane		1455.44	NCBITAXON:http://purl.bioontology.org/ontology/NCBITAXON/4530	Oryza sativa	Golm		MSI:2		tagfinder; manual supervised	956						failed	2026-06-18 20:17:03	not found	2026-06-18 20:17:03	splitless
unknown				A271010-101_Siloxane		267:884 282:1335 283:811 295:1533 341:1202 356:1251 430:943	Siloxane		2704.74	NCBITAXON:http://purl.bioontology.org/ontology/NCBITAXON/4530	Oryza sativa	Golm		MSI:2		tagfinder; manual supervised	986						failed	2026-06-18 20:17:03	not found	2026-06-18 20:17:03	splitless
CHEBI:46807	C4H10O3	OCCOCCO	InChI=1S/C4H10O3/c5-1-3-7-4-2-6/h5-6H,1-4H2	Diethylenglycol		87:18655 88:43745 89:14645 101:96117 102:12679 103:126198 104:11713 105:6035 131:6676 132:852 145:19858 150:543 192:4289 193:1605 207:3803 208:511 235:6478 236:880	Diethylenglycol (2TMS)		1235	NCBITAXON:http://purl.bioontology.org/ontology/NCBITAXON/4530	Oryza sativa	Golm		MSI:2		tagfinder; manual supervised	995						failed	2026-06-18 20:17:03	not found	2026-06-18 20:17:03	splitless
CHEBI:18305	C12H16O7	OC[C@H]1O[C@@H](Oc2ccc(O)cc2)[C@H](O)[C@@H](O)[C@@H]1O	InChI=1S/C12H16O7/c13-5-8-9(15)10(16)11(17)12(19-8)18-7-3-1-6(14)2-4-7/h1-4,8-17H,5H2/t8-,9-,10+,11-,12-/m1/s1	4-Hydroxyphenyl-beta-glucopyranoside		319:898 321:1334 331:723 451:1616 452:760	4-Hydroxyphenyl-beta-glucopyranoside (5TMS)		2573.43	NCBITAXON:http://purl.bioontology.org/ontology/NCBITAXON/4530	Oryza sativa	Golm		MSI:2		tagfinder; manual supervised	928						failed	2026-06-18 20:17:03	not found	2026-06-18 20:17:03	splitless
CHEBI:17505	C12H22O11	OC[C@H]1O[C@H](O[C@H]2[C@@H](O)[C@@H](O)[C@H](O)[C@@H](O)[C@@H]2O)[C@H](O)[C@@H](O)[C@H]1O	InChI=1S/C12H22O11/c13-1-2-3(14)4(15)10(21)12(22-2)23-11-8(19)6(17)5(16)7(18)9(11)20/h2-21H,1H2/t2-,3+,4+,5-,6-,7+,8+,9+,10-,11-,12-/m1/s1	Galactinol		232:1085 241:676 242:536 244:2564 246:619 247:563 248:231 254:213 256:315 258:330 259:635 260:268 261:276 268:234 269:243 270:258 274:313 275:249 277:247 279:339 283:202 287:203 289:358 291:5184 295:437 303:331 304:1620 305:8739 306:3322 307:1638 308:469 309:240 313:191 317:1281 318:6180 320:1497 322:258 330:263 332:1256 334:369 335:238 343:8577 344:2509 345:2114 346:518 347:351 364:506 365:233 367:335 407:264 408:195 417:262	Galactinol (9TMS)		2966.36	NCBITAXON:http://purl.bioontology.org/ontology/NCBITAXON/4530	Oryza sativa	Golm		MSI:2		tagfinder; manual supervised	902					RM0155869	not found	2026-06-18 20:17:03	first assignment	2026-06-18 20:17:03	splitless
CHEBI:22599	C5H10O5			Arabinose		191:652 205:741 219:662	Arabinose (1MEOX) (4TMS) MP		1650.56	NCBITAXON:http://purl.bioontology.org/ontology/NCBITAXON/4530	Oryza sativa	Golm		MSI:2		tagfinder; manual supervised	995				CHEBI:22599	RM0136634	first assignment	2026-06-18 20:17:03	first assignment	2026-06-18 20:17:03	splitless
CHEBI:16885	C18H32O16	OC[C@H]1O[C@H](O[C@]2(CO[C@]3(CO)O[C@H](CO)[C@@H](O)[C@@H]3O)O[C@H](CO)[C@@H](O)[C@@H]2O)[C@H](O)[C@@H](O)[C@@H]1O	InChI=1S/C18H32O16/c19-1-6-9(23)12(26)13(27)16(31-6)34-18(15(29)11(25)8(3-21)33-18)5-30-17(4-22)14(28)10(24)7(2-20)32-17/h6-16,19-29H,1-5H2/t6-,7-,8-,9-,10-,11-,12+,13-,14+,15+,16-,17-,18+/m1/s1	1-kestose		218:1218 243:634 271:774	Kestose, 1- (11TMS)		3356.18	NCBITAXON:http://purl.bioontology.org/ontology/NCBITAXON/4530	Oryza sativa	Golm		MSI:2		tagfinder; manual supervised	998					RM0157389	not found	2026-06-18 20:17:03	first assignment	2026-06-18 20:17:03	splitless
CHEBI:16634	C18H32O16	OC[C@H]1O[C@H](OC[C@H]2O[C@H](O[C@]3(CO)O[C@H](CO)[C@@H](O)[C@@H]3O)[C@H](O)[C@@H](O)[C@@H]2O)[C@H](O)[C@@H](O)[C@H]1O	InChI=1S/C18H32O16/c19-1-5-8(22)11(25)13(27)16(31-5)30-3-7-9(23)12(26)14(28)17(32-7)34-18(4-21)15(29)10(24)6(2-20)33-18/h5-17,19-29H,1-4H2/t5-,6-,7-,8+,9-,10-,11+,12+,13-,14-,15+,16+,17-,18+/m1/s1	Raffinose		80:243 86:258 90:244 98:222 100:233 110:219 118:398 125:259 128:270 129:11846 132:345 139:389 140:247 144:377 146:236 150:330 153:418 154:264 156:400 158:396 159:377 163:407 167:307 172:268 173:415 174:228 175:366 184:249 197:220 200:237 201:332 202:238 216:298 217:11883 220:357 227:328 232:375 233:356 241:328 242:288 246:353 247:357 258:341 260:258 265:259 274:279 275:236 289:354 292:276 293:284 304:254 306:346 307:300 317:377 318:299 333:327 334:239 347:243	Raffinose (11TMS)		3348.91	NCBITAXON:http://purl.bioontology.org/ontology/NCBITAXON/4530	Oryza sativa	Golm		MSI:2		tagfinder; manual supervised	984				CHEBI:16634	RM0155913	first assignment	2026-06-18 20:17:03	first assignment	2026-06-18 20:17:03	splitless
CHEBI:17992	C12H22O11	OC[C@H]1O[C@H](O[C@]2(CO)O[C@H](CO)[C@@H](O)[C@@H]2O)[C@H](O)[C@@H](O)[C@@H]1O	InChI=1S/C12H22O11/c13-1-4-6(16)8(18)9(19)11(21-4)23-12(3-15)10(20)7(17)5(2-14)22-12/h4-11,13-20H,1-3H2/t4-,5-,6-,7-,8+,9-,10+,11-,12+/m1/s1	Sucrose		126:657 146:1787 162:1076 164:1229 165:866 166:695 168:819 172:1786 178:1169 180:451 186:624 188:682 194:958 195:681 196:518 198:529 200:875 202:1792 208:1222 209:776 214:516 228:1437 234:2043 235:1108 236:734 237:694 238:637 240:707 242:1801 248:1346 249:831 256:1044 260:1896 261:1016 263:1194 265:1235 274:1892 304:1014 322:1361 333:2460	Sucrose (8TMS)		2640.48	NCBITAXON:http://purl.bioontology.org/ontology/NCBITAXON/4530	Oryza sativa	Golm		MSI:2		tagfinder; manual supervised	810				CHEBI:17992	RM0159895	first assignment	2026-06-18 20:17:03	first assignment	2026-06-18 20:17:03	splitless
CHEBI:16449	C3H7NO2	CC(N)C(O)=O	InChI=1S/C3H7NO2/c1-2(4)3(5)6/h2H,4H2,1H3,(H,5,6)	Alanine		76:218 133:275 161:324 190:335	Alanine [+CO2] (2TMS)		1395.3	NCBITAXON:http://purl.bioontology.org/ontology/NCBITAXON/4530	Oryza sativa	Golm		MSI:2		tagfinder; manual supervised	920				CHEBI:16449	RM0135898	first assignment	2026-06-18 20:17:03	first assignment	2026-06-18 20:17:03	splitless
CHEBI:22653	C4H8N2O3	NC(CC(N)=O)C(O)=O	InChI=1S/C4H8N2O3/c5-2(4(8)9)1-3(6)7/h2H,1,5H2,(H2,6,7)(H,8,9)	Asparagine		175:920 201:914 203:3445 208:280 258:22407 259:9356 260:2332 265:595 288:500 294:209 316:3810 333:7703 334:3818 335:1146 348:9902 349:2156 350:943 364:428	Asparagine (3TMS)		1670.7	NCBITAXON:http://purl.bioontology.org/ontology/NCBITAXON/4530	Oryza sativa	Golm		MSI:2		tagfinder; manual supervised	973				CHEBI:22653	RM0135724	first assignment	2026-06-18 20:17:03	first assignment	2026-06-18 20:17:03	splitless
CHEBI:22660	C4H7NO4	NC(CC(O)=O)C(O)=O	InChI=1S/C4H7NO4/c5-2(4(8)9)1-3(6)7/h2H,1,5H2,(H,6,7)(H,8,9)	Aspartic acid		116:27664 117:33583 130:37331 160:58893	Aspartic acid (2TMS)		1421.66	NCBITAXON:http://purl.bioontology.org/ontology/NCBITAXON/4530	Oryza sativa	Golm		MSI:2		tagfinder; manual supervised	997					RM0135905	not found	2026-06-18 20:17:03	first assignment	2026-06-18 20:17:03	splitless
CHEBI:18237	C5H9NO4	NC(CCC(O)=O)C(O)=O	InChI=1S/C5H9NO4/c6-3(5(9)10)1-2-4(7)8/h3H,1-2,6H2,(H,7,8)(H,9,10)	Glutamic acid		201:3204 248:2681 276:6553	Glutamic acid (2TMS)		1530.39	NCBITAXON:http://purl.bioontology.org/ontology/NCBITAXON/4530	Oryza sativa	Golm		MSI:2		tagfinder; manual supervised	994					RM0135893	not found	2026-06-18 20:17:03	first assignment	2026-06-18 20:17:03	splitless
CHEBI:28300	C5H10N2O3	NC(CCC(N)=O)C(O)=O	InChI=1S/C5H10N2O3/c6-3(5(9)10)1-2-4(7)8/h3H,1-2,6H2,(H2,7,8)(H,9,10)	Glutamine		93:226 113:386 119:518 139:4697 211:240 257:350	Glutamine [-H2O] (2TMS) BP		1472.29	NCBITAXON:http://purl.bioontology.org/ontology/NCBITAXON/4530	Oryza sativa	Golm		MSI:2		tagfinder; manual supervised	989				CHEBI:28300	RM0012560	first assignment	2026-06-18 20:17:03	first assignment	2026-06-18 20:17:03	splitless
CHEBI:28300	C5H10N2O3	NC(CCC(N)=O)C(O)=O	InChI=1S/C5H10N2O3/c6-3(5(9)10)1-2-4(7)8/h3H,1-2,6H2,(H2,7,8)(H,9,10)	Glutamine		110:532 111:377 134:468 135:341 211:429 227:4095 303:663 329:557 343:328 344:1134 346:632	Glutamine [-H2O] (3TMS) MP		1587.13	NCBITAXON:http://purl.bioontology.org/ontology/NCBITAXON/4530	Oryza sativa	Golm		MSI:2		tagfinder; manual supervised	958				CHEBI:28300	RM0012560	first assignment	2026-06-18 20:17:03	first assignment	2026-06-18 20:17:03	splitless
CHEBI:26271	C5H9NO2	OC(=O)C1CCCN1	InChI=1S/C5H9NO2/c7-5(8)4-2-1-3-6-4/h4,6H,1-3H2,(H,7,8)	Proline		84:245 104:478 105:327 126:237 144:484 173:317	Proline (1TMS)		1174.08	NCBITAXON:http://purl.bioontology.org/ontology/NCBITAXON/4530	Oryza sativa	Golm		MSI:2		tagfinder; manual supervised	916				CHEBI:26271	RM0135899	first assignment	2026-06-18 20:17:03	first assignment	2026-06-18 20:17:03	splitless
CHEBI:17822	C3H7NO3	NC(CO)C(O)=O	InChI=1S/C3H7NO3/c4-2(1-5)3(6)7/h2,5H,1,4H2,(H,6,7)	Serine		81:234 104:206 133:557 134:278 144:429 219:254 234:204	Serine (2TMS)		1250.73	NCBITAXON:http://purl.bioontology.org/ontology/NCBITAXON/4530	Oryza sativa	Golm		MSI:2		tagfinder; manual supervised	957				CHEBI:17822	RM0032433	first assignment	2026-06-18 20:17:03	first assignment	2026-06-18 20:17:03	splitless
CHEBI:143534	C3H3D4NO2	C(C(C([2H])([2H])[2H])(N([H])[H])[2H])(=O)O[H]	InChI=1S/C3H7NO2/c1-2(4)3(5)6/h2H,4H2,1H3,(H,5,6)/i1D3,2D	Alanine, 2,3,3,3-d4-		89:288 90:351 104:416 165:384 194:405 238:248 266:430	Alanine, 2,3,3,3-d4- [+CO2] (2TMS)		1392.82	NCBITAXON:http://purl.bioontology.org/ontology/NCBITAXON/4530	Oryza sativa	Golm		MSI:2		tagfinder; manual supervised	895						not found	2026-06-18 20:17:03	not found	2026-06-18 20:17:03	splitless
CHEBI:14314	C6H13O9P			Glucose-6-phosphate		100:253 102:256 104:220 113:216 119:238 134:227 143:275 181:181 189:247 191:305 225:226 227:208 231:193 300:368 301:258 316:241 357:377 358:253 387:1051 388:440 389:310 390:184 471:217	Glucose-6-phosphate (1MEOX) (6TMS) BP		2327.65	NCBITAXON:http://purl.bioontology.org/ontology/NCBITAXON/4530	Oryza sativa	Golm		MSI:2		tagfinder; manual supervised	903					RM0136106	not found	2026-06-18 20:17:03	first assignment	2026-06-18 20:17:03	splitless
CHEBI:62383	C6H13O9P	O[C@H]1[C@H](O)[C@@H](O)[C@@H](OP(O)(O)=O)[C@@H](O)[C@@H]1O	InChI=1S/C6H13O9P/c7-1-2(8)4(10)6(5(11)3(1)9)15-16(12,13)14/h1-11H,(H2,12,13,14)/t1-,2-,3+,4+,5-,6+	myo-Inositol-2-phosphate		127:226 131:279 143:301 192:300 193:267 207:370 211:419 218:293 243:292 246:254 255:224 299:2498 300:638 301:375 316:506 317:410 319:702 320:334 387:535 388:289 389:396	Inositol-2-phosphate, myo- (7TMS)		2443.17	NCBITAXON:http://purl.bioontology.org/ontology/NCBITAXON/4530	Oryza sativa	Golm		MSI:2		tagfinder; manual supervised	953					RM0002548	failed	2026-06-18 20:17:03	first assignment	2026-06-18 20:17:03	splitless
CHEBI:62383	C6H13O9P	O[C@H]1[C@H](O)[C@@H](O)[C@@H](OP(O)(O)=O)[C@@H](O)[C@@H]1O	InChI=1S/C6H13O9P/c7-1-2(8)4(10)6(5(11)3(1)9)15-16(12,13)14/h1-11H,(H2,12,13,14)/t1-,2-,3+,4+,5-,6+	myo-Inositol-2-phosphate		191:1380 299:1571 315:3034	Inositol-2-phosphate, myo- (7TMS)		2455.93	NCBITAXON:http://purl.bioontology.org/ontology/NCBITAXON/4530	Oryza sativa	Golm		MSI:2		tagfinder; manual supervised	961					RM0002548	failed	2026-06-18 20:17:03	first assignment	2026-06-18 20:17:03	splitless
CHEBI:17597	C7H6O2	[H]C(=O)c1ccc(O)cc1	InChI=1S/C7H6O2/c8-5-6-1-3-7(9)4-2-6/h1-5,9H	4-Hydroxybenzaldehyde		120:308 136:252 151:331 165:253 176:684 178:392 193:262 208:654 209:295 210:237 223:780 224:403 225:252	4-Hydroxybenzaldehyde (1MeOX)(1TMS)		1498.98	NCBITAXON:http://purl.bioontology.org/ontology/NCBITAXON/4530	Oryza sativa	Golm		MSI:2		tagfinder; manual supervised	870					RM0042689	not found	2026-06-18 20:17:03	first assignment	2026-06-18 20:17:03	splitless
CHEBI:32805	C6H6O6	OC(=O)C\C(=C\C(O)=O)C(O)=O	InChI=1S/C6H6O6/c7-4(8)1-3(6(11)12)2-5(9)10/h1H,2H2,(H,7,8)(H,9,10)(H,11,12)/b3-1-	Aconitic acid, cis-		183:266 211:906 229:1525 230:378 285:452 286:282 300:271 375:387 376:285 377:227	Aconitic acid, cis- (3TMS)		1740.4	NCBITAXON:http://purl.bioontology.org/ontology/NCBITAXON/4530	Oryza sativa	Golm		MSI:2		tagfinder; manual supervised	978						failed	2026-06-18 20:17:03	not found	2026-06-18 20:17:03	splitless
CHEBI:30746	C7H6O2	OC(=O)c1ccccc1	InChI=1S/C7H6O2/c8-7(9)6-4-2-1-3-5-6/h1-5H,(H,8,9)	Benzoic acid		105:3485 106:374 135:2434 136:454 179:2527 180:461	Benzoic acid (1TMS)		1251.66	NCBITAXON:http://purl.bioontology.org/ontology/NCBITAXON/4530	Oryza sativa	Golm		MSI:2		tagfinder; manual supervised	990					RM0134993	not found	2026-06-18 20:17:03	first assignment	2026-06-18 20:17:03	splitless
CHEBI:30763	C7H6O3	OC(=O)c1ccc(O)cc1	InChI=1S/C7H6O3/c8-6-3-1-5(2-4-6)7(9)10/h1-4,8H,(H,9,10)	Benzoic acid, 4-hydroxy-		165:252 173:394 180:241 195:411 196:313 198:326 208:239 223:2764 224:753 226:225 239:371 267:2319 268:656 270:265 281:247 282:548 283:308 284:247	Benzoic acid, 4-hydroxy- (2TMS)		1632.69	NCBITAXON:http://purl.bioontology.org/ontology/NCBITAXON/4530	Oryza sativa	Golm		MSI:2		tagfinder; manual supervised	965						failed	2026-06-18 20:17:03	not found	2026-06-18 20:17:03	splitless
CHEBI:33118	BH3O3	[H]OB(O[H])O[H]	InChI=1S/BH3O3/c2-1(3)4/h2-4H	Boric acid		205:4219 221:38183 222:9767 223:5016 263:6822 264:1805	Boric acid (3TMS)		972.92	NCBITAXON:http://purl.bioontology.org/ontology/NCBITAXON/4530	Oryza sativa	Golm		MSI:2		tagfinder; manual supervised	993						failed	2026-06-18 20:17:03	not found	2026-06-18 20:17:03	splitless
CHEBI:30769	C6H8O7	OC(=O)CC(O)(CC(O)=O)C(O)=O	InChI=1S/C6H8O7/c7-3(8)1-6(13,5(11)12)2-4(9)10/h13H,1-2H2,(H,7,8)(H,9,10)(H,11,12)	Citric acid		183:51413 184:8128 257:26153 258:6460	Citric acid (4TMS)		1813.04	NCBITAXON:http://purl.bioontology.org/ontology/NCBITAXON/4530	Oryza sativa	Golm		MSI:2		tagfinder; manual supervised	994					RM0135884	not found	2026-06-18 20:17:03	first assignment	2026-06-18 20:17:03	splitless
CHEBI:143542	C3H4O6	OC(O)(C(O)=O)C(O)=O	InChI=1S/C3H4O6/c4-1(5)3(8,9)2(6)7/h8-9H,(H,4,5)(H,6,7)	dihydroxymalonic acid		135:180 207:690 221:1520	Dihydroxymalonic acid (4TMS)		1444.4	NCBITAXON:http://purl.bioontology.org/ontology/NCBITAXON/4530	Oryza sativa	Golm		MSI:2		tagfinder; manual supervised	953						failed	2026-06-18 20:17:03	not found	2026-06-18 20:17:03	splitless
CHEBI:18012	C4H4O4	OC(=O)C=CC(O)=O	InChI=1S/C4H4O4/c5-3(6)1-2-4(7)8/h1-2H,(H,5,6)(H,7,8)/b2-1+	Fumaric acid		155:1282 157:732 245:13208 246:2742 247:1244	Fumaric acid (2TMS)		1346.18	NCBITAXON:http://purl.bioontology.org/ontology/NCBITAXON/4530	Oryza sativa	Golm		MSI:2		tagfinder; manual supervised	999					RM0135891	not found	2026-06-18 20:17:03	first assignment	2026-06-18 20:17:03	splitless
CHEBI:16600	C5H6O4	C\C(=C/C(O)=O)C(O)=O	InChI=1S/C5H6O4/c1-3(5(8)9)2-4(6)7/h2H,1H3,(H,6,7)(H,8,9)/b3-2+	Fumaric acid, 2-methyl-		141:199 185:201 260:193	Fumaric acid, 2-methyl- (2TMS)		1395.39	NCBITAXON:http://purl.bioontology.org/ontology/NCBITAXON/4530	Oryza sativa	Golm		MSI:2		tagfinder; manual supervised	991						failed	2026-06-18 20:17:03	not found	2026-06-18 20:17:03	splitless
CHEBI:30915	C5H6O5	OC(=O)CCC(=O)C(O)=O	InChI=1S/C5H6O5/c6-3(5(9)10)1-2-4(7)8/h1-2H2,(H,7,8)(H,9,10)	Glutaric acid, 2-oxo-		156:14730 170:6332 172:1801 182:720 183:677 184:575 186:5799 198:17555 199:2988 200:1331 201:1368 202:3950 229:3850 230:747 242:251 244:1711 273:370 288:3965 289:1156 290:533 304:3060	Glutaric acid, 2-oxo- (1MEOX) (2TMS) MP		1570.76	NCBITAXON:http://purl.bioontology.org/ontology/NCBITAXON/4530	Oryza sativa	Golm		MSI:2		tagfinder; manual supervised	994						failed	2026-06-18 20:17:03	not found	2026-06-18 20:17:03	splitless
CHEBI:17497	C2H4O3	OCC(O)=O	InChI=1S/C2H4O3/c3-1-2(4)5/h3H,1H2,(H,4,5)	Glycolic acid		134:506 150:375 161:1676 162:378 177:4423 178:937 179:477 205:2218 206:496	Glycolic acid (2TMS)		1062.62	NCBITAXON:http://purl.bioontology.org/ontology/NCBITAXON/4530	Oryza sativa	Golm		MSI:2		tagfinder; manual supervised	985					RM0136958	not found	2026-06-18 20:17:03	first assignment	2026-06-18 20:17:03	splitless
CHEBI:44747	C8H8O4	OC(=O)Cc1cc(O)ccc1O	InChI=1S/C8H8O4/c9-6-1-2-7(10)5(3-6)4-8(11)12/h1-3,9-10H,4H2,(H,11,12)	Homogentisic acid		237:319 252:334 341:345 342:261 384:338 385:238	Homogentisic acid (3TMS)		1826.17	NCBITAXON:http://purl.bioontology.org/ontology/NCBITAXON/4530	Oryza sativa	Golm		MSI:2		tagfinder; manual supervised	954					RM0135890	not found	2026-06-18 20:17:03	first assignment	2026-06-18 20:17:03	splitless
CHEBI:30887	C6H8O7	OC(C(CC(O)=O)C(O)=O)C(O)=O	InChI=1S/C6H8O7/c7-3(8)1-2(5(10)11)4(9)6(12)13/h2,4,9H,1H2,(H,7,8)(H,10,11)(H,12,13)	Isocitric acid		318:1771 321:4991 322:1606	Isocitric acid (4TMS)		1803.99	NCBITAXON:http://purl.bioontology.org/ontology/NCBITAXON/4530	Oryza sativa	Golm		MSI:2		tagfinder; manual supervised	997					RM0050098	not found	2026-06-18 20:17:03	first assignment	2026-06-18 20:17:03	splitless
CHEBI:30838	C5H6O4	C(C(CC(O)=O)=C)(O)=O	InChI=1S/C5H6O4/c1-3(5(8)9)2-4(6)7/h1-2H2,(H,6,7)(H,8,9)	Itaconic acid		215:431 259:336 260:213	Itaconic acid (2TMS)		1338.24	NCBITAXON:http://purl.bioontology.org/ontology/NCBITAXON/4530	Oryza sativa	Golm		MSI:2		tagfinder; manual supervised	965					RM0152814	not found	2026-06-18 20:17:03	first assignment	2026-06-18 20:17:03	splitless
CHEBI:78320	C3H6O3	CC(O)C(O)=O	InChI=1S/C3H6O3/c1-2(4)3(5)6/h2,4H,1H3,(H,5,6)	Lactic acid		150:295 191:3487 192:830 219:810 220:283	Lactic acid (2TMS)		1047.09	NCBITAXON:http://purl.bioontology.org/ontology/NCBITAXON/4530	Oryza sativa	Golm		MSI:2		tagfinder; manual supervised	998					RM0135904	not found	2026-06-18 20:17:03	first assignment	2026-06-18 20:17:03	splitless
CHEBI:15584	C5H8O5	CC(O)(CC(O)=O)C(O)=O	InChI=1S/C5H8O5/c1-5(10,4(8)9)2-3(6)7/h10H,2H2,1H3,(H,6,7)(H,8,9)	Malic acid, 2-methyl-		185:295 231:399 259:385 349:223	Malic acid, 2-methyl- (3TMS)		1463.23	NCBITAXON:http://purl.bioontology.org/ontology/NCBITAXON/4530	Oryza sativa	Golm		MSI:2		tagfinder; manual supervised	980						failed	2026-06-18 20:17:03	not found	2026-06-18 20:17:03	splitless
CHEBI:143541	C5H8O5	OC(CC(O)=O)C(OC)=O	InChI=1S/C5H8O5/c1-10-5(9)3(6)2-4(7)8/h3,6H,2H2,1H3,(H,7,8)	1-methylester malic acid		190:212 233:490 234:261 235:204 249:400 277:274	Malic-acid, 1-methylester (2TMS)		1382.79	NCBITAXON:http://purl.bioontology.org/ontology/NCBITAXON/4530	Oryza sativa	Golm		MSI:2		tagfinder; manual supervised	911						failed	2026-06-18 20:17:03	not found	2026-06-18 20:17:03	splitless
CHEBI:30794	C3H4O4	OC(=O)CC(O)=O	InChI=1S/C3H4O4/c4-2(5)1-3(6)7/h1H2,(H,4,5)(H,6,7)	Malonic acid		88:205 109:253 115:241 150:214 233:359 234:228	Malonic acid (2TMS)		1194.81	NCBITAXON:http://purl.bioontology.org/ontology/NCBITAXON/4530	Oryza sativa	Golm		MSI:2		tagfinder; manual supervised	829					RM0153291	not found	2026-06-18 20:17:03	first assignment	2026-06-18 20:17:03	splitless
CHEBI:30842	C3H2O5	OC(=O)C(=O)C(O)=O	InChI=1S/C3H2O5/c4-1(2(5)6)3(7)8/h(H,5,6)(H,7,8)	Oxomalonic acid		172:879 204:597 276:563	Oxomalonicacid (1MeOX)(2TMS)		1388.22	NCBITAXON:http://purl.bioontology.org/ontology/NCBITAXON/4530	Oryza sativa	Golm		MSI:2		tagfinder; manual supervised	996					RM0140661	failed	2026-06-18 20:17:03	first assignment	2026-06-18 20:17:03	splitless
CHEBI:17964	C6H11NO2	OC(=O)C1CCCCN1	InChI=1S/C6H11NO2/c8-6(9)5-3-1-2-4-7-5/h5,7H,1-4H2,(H,8,9)	Piperidine-2-carboxylic acid		143:1195 156:1860 184:439 186:11384 187:1673 201:1890 202:417	Piperidine-2-carboxylic acid (1TMS)		1275.12	NCBITAXON:http://purl.bioontology.org/ontology/NCBITAXON/4530	Oryza sativa	Golm		MSI:2		tagfinder; manual supervised	983					RM0135981	failed	2026-06-18 20:17:03	first assignment	2026-06-18 20:17:03	splitless
CHEBI:32816	C3H4O3	CC(=O)C(O)=O	InChI=1S/C3H4O3/c1-2(4)3(5)6/h1H3,(H,5,6)	Pyruvic acid		189:1385 215:305 217:4809 218:972	Pyruvic acid (2TMS)		1075.06	NCBITAXON:http://purl.bioontology.org/ontology/NCBITAXON/4530	Oryza sativa	Golm		MSI:2		tagfinder; manual supervised	993					RM0134967	not found	2026-06-18 20:17:03	first assignment	2026-06-18 20:17:03	splitless
CHEBI:16914	C7H6O3	OC(=O)c1ccccc1O	InChI=1S/C7H6O3/c8-6-4-2-1-3-5(6)7(9)10/h1-4,8H,(H,9,10)	Salicylic acid		123:925 153:503 181:1873 182:557 195:1251 196:354 209:4235 210:1951 211:1477 212:410 225:669 226:317 249:2463 250:1136 251:918 252:324 265:930 267:17183 268:4789 269:2874 270:842	Salicylic acid (2TMS)		1508.58	NCBITAXON:http://purl.bioontology.org/ontology/NCBITAXON/4530	Oryza sativa	Golm		MSI:2		tagfinder; manual supervised	980					RM0136132	not found	2026-06-18 20:17:03	first assignment	2026-06-18 20:17:03	splitless
CHEBI:16119	C7H10O5	O[C@@H]1CC(=C[C@@H](O)[C@H]1O)C(O)=O	InChI=1S/C7H10O5/c8-4-1-3(7(11)12)2-5(9)6(4)10/h1,4-6,8-10H,2H2,(H,11,12)/t4-,5-,6-/m1/s1	Shikimic acid		204:22978 240:363 254:1135 255:1612 266:262 282:655 332:285 372:652 448:254 464:247	Shikimic acid (4TMS)		1794.29	NCBITAXON:http://purl.bioontology.org/ontology/NCBITAXON/4530	Oryza sativa	Golm		MSI:2		tagfinder; manual supervised	998					RM0136206	not found	2026-06-18 20:17:03	first assignment	2026-06-18 20:17:03	splitless
CHEBI:30918	C7H8O5	O[C@@H]1CC(=CC(=O)[C@H]1O)C(O)=O	InChI=1S/C7H8O5/c8-4-1-3(7(11)12)2-5(9)6(4)10/h1,5-6,9-10H,2H2,(H,11,12)/t5-,6-/m1/s1	Shikimic acid, 3-dehydro-		152:243 180:253 224:531 268:267 296:463 297:263 386:282 402:266 417:221	Shikimic acid, 3-dehydro- (1MEOX) (3TMS) MP		1778.76	NCBITAXON:http://purl.bioontology.org/ontology/NCBITAXON/4530	Oryza sativa	Golm		MSI:2		tagfinder; manual supervised	916						failed	2026-06-18 20:17:03	not found	2026-06-18 20:17:03	splitless
CHEBI:15741	C4H6O4	OC(=O)CCC(O)=O	InChI=1S/C4H6O4/c5-3(6)1-2-4(7)8/h1-2H2,(H,5,6)(H,7,8)	Succinic acid		150:2478 156:603 172:11786 173:6281 218:2016 247:18380 263:269	Succinic acid (2TMS)		1308.46	NCBITAXON:http://purl.bioontology.org/ontology/NCBITAXON/4530	Oryza sativa	Golm		MSI:2		tagfinder; manual supervised	989					RM0134982	not found	2026-06-18 20:17:03	first assignment	2026-06-18 20:17:03	splitless
CHEBI:68329	C9H10O5	COc1cc(cc(OC)c1O)C(O)=O	InChI=1S/C9H10O5/c1-13-6-3-5(9(11)12)4-7(14-2)8(6)10/h3-4,10H,1-2H3,(H,11,12)	Syringic acid		283:301 297:578 312:590 327:600	Syringic acid (TMS)		1896.14	NCBITAXON:http://purl.bioontology.org/ontology/NCBITAXON/4530	Oryza sativa	Golm		MSI:2		tagfinder; manual supervised	979					RM0013064	not found	2026-06-18 20:17:03	first assignment	2026-06-18 20:17:03	splitless
CHEBI:30816	C8H8O4	COc1cc(ccc1O)C(O)=O	InChI=1S/C8H8O4/c1-12-7-4-5(8(10)11)2-3-6(7)9/h2-4,9H,1H3,(H,10,11)	Vanillic acid		253:1076 254:493 267:1598 268:585 282:802 283:389 297:1649 298:598 312:818 313:366	Vanillic acid (2TMS)		1764.37	NCBITAXON:http://purl.bioontology.org/ontology/NCBITAXON/4530	Oryza sativa	Golm		MSI:2		tagfinder; manual supervised	989					RM0040767	not found	2026-06-18 20:17:03	first assignment	2026-06-18 20:17:03	splitless
CHEBI:143540	C6H10O	OC=1CCCCC1	InChI=1S/C6H10O/c7-6-4-2-1-3-5-6/h4,7H,1-3,5H2	1-cyclohexenol		127:731 155:697 170:648	1-Cyclohexenol (1TMS)		1047.27	NCBITAXON:http://purl.bioontology.org/ontology/NCBITAXON/4530	Oryza sativa	Golm		MSI:2		tagfinder; manual supervised	996						not found	2026-06-18 20:17:03	not found	2026-06-18 20:17:03	splitless
CHEBI:67410	C7H8O2	OCc1ccc(O)cc1	InChI=1S/C7H8O2/c8-5-6-1-3-7(9)4-2-6/h1-4,8-9H,5H2	4-Hydroxybenzyl alcohol		180:263 253:271 267:283 268:359	4-Hydroxybenzyl alcohol (TMS)		1500.34	NCBITAXON:http://purl.bioontology.org/ontology/NCBITAXON/4530	Oryza sativa	Golm		MSI:2		tagfinder; manual supervised	979					RM0041310	not found	2026-06-18 20:17:03	first assignment	2026-06-18 20:17:03	splitless
CHEBI:17987	C7H8O	OCc1ccccc1	InChI=1S/C7H8O/c8-6-7-4-2-1-3-5-7/h1-5,8H,6H2	Benzylalcohol		135:620 136:306 180:282	Benzylalcohol (1TMS)		1153.32	NCBITAXON:http://purl.bioontology.org/ontology/NCBITAXON/4530	Oryza sativa	Golm		MSI:2		tagfinder; manual supervised	915					RM0028158	not found	2026-06-18 20:17:03	first assignment	2026-06-18 20:17:03	splitless
CHEBI:1879	C8H10O2	OCCc1ccc(O)cc1	InChI=1S/C8H10O2/c9-6-5-7-1-3-8(10)4-2-7/h1-4,9-10H,5-6H2	Ethanol, 2-(4-hydroxyphenyl)-		123:228 179:820 180:326 267:250 282:255	Ethanol, 2-(4-hydroxyphenyl)- (2TMS)		1572.35	NCBITAXON:http://purl.bioontology.org/ontology/NCBITAXON/4530	Oryza sativa	Golm		MSI:2		tagfinder; manual supervised	937						failed	2026-06-18 20:17:03	not found	2026-06-18 20:17:03	splitless
CHEBI:37024	C6H11NO4	NC(CCCC(O)=O)C(O)=O	InChI=1S/C6H11NO4/c7-4(6(10)11)2-1-3-5(8)9/h4H,1-3,7H2,(H,8,9)(H,10,11)	Adipic acid, 2-amino-		261:697 262:386 272:384 273:212 288:215 336:189 362:273 363:185 377:228	Adipic acid, 2-amino- (3TMS)		1709.39	NCBITAXON:http://purl.bioontology.org/ontology/NCBITAXON/4530	Oryza sativa	Golm		MSI:2		tagfinder; manual supervised	927						failed	2026-06-18 20:17:03	not found	2026-06-18 20:17:03	splitless
CHEBI:87998	C6H9NO3	O=C(O)C1CCCC(=O)N1	InChI=1S/C6H9NO3/c8-5-3-1-2-4(7-5)6(9)10/h4H,1-3H2,(H,7,8)(H,9,10)	Adipo-2,6-lactam		242:778 244:2702 245:2594 246:1617 272:4019 273:1098 274:473 286:307 287:4032 288:1161 289:487	Adipo-2,6-lactam (2TMS)		1512.75	NCBITAXON:http://purl.bioontology.org/ontology/NCBITAXON/4530	Oryza sativa	Golm		MSI:2		tagfinder; manual supervised	932						not found	2026-06-18 20:17:03	not found	2026-06-18 20:17:03	splitless
CHEBI:16449	C3H7NO2	CC(N)C(O)=O	InChI=1S/C3H7NO2/c1-2(4)3(5)6/h2H,4H2,1H3,(H,5,6)	Alanine		190:12662 191:2976 192:1325 218:3717	Alanine (2TMS)		1089.43	NCBITAXON:http://purl.bioontology.org/ontology/NCBITAXON/4530	Oryza sativa	Golm		MSI:2		tagfinder; manual supervised	992				CHEBI:16449	RM0135898	first assignment	2026-06-18 20:17:03	first assignment	2026-06-18 20:17:03	splitless
CHEBI:132546	C4H6N2O2	C(C#N)C(C(=O)O)N	InChI=1S/C4H6N2O2/c5-2-1-3(6)4(7)8/h3H,1,6H2,(H,7,8)	Alanine, 3-cyano-		103:4995 104:736 114:1550 115:1849 125:1089 131:2104 132:1734 141:36425 142:6450 150:346 153:546 161:187 174:444 190:277 199:266 204:644 215:2930 216:1037 244:538	Alanine, 3-cyano- (2TMS)		1370.34	NCBITAXON:http://purl.bioontology.org/ontology/NCBITAXON/4530	Oryza sativa	Golm		MSI:2		tagfinder; manual supervised	994						failed	2026-06-18 20:17:03	not found	2026-06-18 20:17:03	splitless
CHEBI:16958	C3H7NO2	NCCC(O)=O	InChI=1S/C3H7NO2/c4-2-1-3(5)6/h1-2,4H2,(H,5,6)	Alanine, beta-		248:2815 249:829 250:438 290:577	Alanine, beta- (3TMS)		1423.17	NCBITAXON:http://purl.bioontology.org/ontology/NCBITAXON/4530	Oryza sativa	Golm		MSI:2		tagfinder; manual supervised	998						not found	2026-06-18 20:17:03	not found	2026-06-18 20:17:03	splitless
CHEBI:22653	C4H8N2O3	NC(CC(N)=O)C(O)=O	InChI=1S/C4H8N2O3/c5-2(4(8)9)1-3(6)7/h2H,1,5H2,(H2,6,7)(H,8,9)	Asparagine		124:575 136:557 139:924 140:1385 141:41628 144:5853 150:1631 151:771 153:1571 197:666 211:530 214:2618 225:461 227:717 228:650 287:202 293:534 315:565 316:3646 317:2393 318:762 333:4614 348:5504 349:2275 350:1288 351:424 468:185	Asparagine (3TMS)		1669.28	NCBITAXON:http://purl.bioontology.org/ontology/NCBITAXON/4530	Oryza sativa	Golm		MSI:2		tagfinder; manual supervised	994				CHEBI:22653	RM0135724	first assignment	2026-06-18 20:17:03	first assignment	2026-06-18 20:17:03	splitless
CHEBI:22660	C4H7NO4	NC(CC(O)=O)C(O)=O	InChI=1S/C4H7NO4/c5-2(4(8)9)1-3(6)7/h2H,1,5H2,(H,6,7)(H,8,9)	Aspartic acid		116:32668 130:39773 132:2630 146:3703 159:3011 160:63384 161:7973 162:2837 220:2053 234:4127 235:1011 236:504 262:1283	Aspartic acid (2TMS)		1422.38	NCBITAXON:http://purl.bioontology.org/ontology/NCBITAXON/4530	Oryza sativa	Golm		MSI:2		tagfinder; manual supervised	996					RM0135905	not found	2026-06-18 20:17:03	first assignment	2026-06-18 20:17:03	splitless
CHEBI:16865	C4H9NO2	NCCCC(O)=O	InChI=1S/C4H9NO2/c5-3-1-2-4(6)7/h1-3,5H2,(H,6,7)	Butanoic acid, 4-amino-		246:11431 288:1257 304:49272 305:14829	Butanoic acid, 4-amino- (3TMS)		1525.85	NCBITAXON:http://purl.bioontology.org/ontology/NCBITAXON/4530	Oryza sativa	Golm		MSI:2		tagfinder; manual supervised	998						failed	2026-06-18 20:17:03	not found	2026-06-18 20:17:03	splitless
CHEBI:36592	C4H7NO	O=C1CCCN1	InChI=1S/C4H7NO/c6-4-2-1-3-5-4/h1-3H2,(H,5,6)	Butyro-1,4-lactam		97:231 126:227 128:240 140:325 141:247 143:836 144:394 156:427 157:1074 158:294 159:240	Butyro-1,4-lactam (1TMS)		1144.91	NCBITAXON:http://purl.bioontology.org/ontology/NCBITAXON/4530	Oryza sativa	Golm		MSI:2		tagfinder; manual supervised	936						failed	2026-06-18 20:17:03	not found	2026-06-18 20:17:03	splitless
CHEBI:15356	C3H7NO2S	NC(CS)C(O)=O	InChI=1S/C3H7NO2S/c4-2(1-7)3(5)6/h2,7H,1,4H2,(H,5,6)	Cysteine		220:2114 221:527 222:395	Cysteine (3TMS)		1550.34	NCBITAXON:http://purl.bioontology.org/ontology/NCBITAXON/4530	Oryza sativa	Golm		MSI:2		tagfinder; manual supervised	999				CHEBI:15356	RM0129784	first assignment	2026-06-18 20:17:03	first assignment	2026-06-18 20:17:03	splitless
CHEBI:18237	C5H9NO4	NC(CCC(O)=O)C(O)=O	InChI=1S/C5H9NO4/c6-3(5(9)10)1-2-4(7)8/h3H,1-2,6H2,(H,7,8)(H,9,10)	Glutamic acid		84:140935 95:2005 99:6973 102:7209 104:1508 111:958 113:10375 115:14879 117:11138 119:3857 120:650 124:594 126:2224 127:1265 128:233963 132:12185 134:6268 135:4016 136:524 140:23214 141:3779 145:1692 150:4636 151:2161 152:521 154:2092 155:2042 156:118601 157:20831 158:24229 161:1232 162:909 164:544 168:1188 170:1059 176:1167 184:1169 185:569 190:1474 198:886 203:3700 205:3945 206:1824 214:5410 215:1629 216:2893 218:17155 220:1899 221:5793 222:1486 223:855 230:51983 231:12078 232:6103 233:1090 260:1240	Glutamic acid (3TMS)		1615.05	NCBITAXON:http://purl.bioontology.org/ontology/NCBITAXON/4530	Oryza sativa	Golm		MSI:2		tagfinder; manual supervised	996					RM0135893	not found	2026-06-18 20:17:03	first assignment	2026-06-18 20:17:03	splitless
CHEBI:28300	C5H10N2O3	NC(CCC(N)=O)C(O)=O	InChI=1S/C5H10N2O3/c6-3(5(9)10)1-2-4(7)8/h3H,1-2,6H2,(H2,7,8)(H,9,10)	Glutamine		183:1073 202:1158 216:1778 244:1583 245:14901 247:1947 274:1213 302:1276 303:701 344:926 347:6284 348:1385 349:1069	Glutamine (3TMS)		1771.66	NCBITAXON:http://purl.bioontology.org/ontology/NCBITAXON/4530	Oryza sativa	Golm		MSI:2		tagfinder; manual supervised	966				CHEBI:28300	RM0012560	first assignment	2026-06-18 20:17:03	first assignment	2026-06-18 20:17:03	splitless
CHEBI:24898	C6H13NO2			Isoleucine		160:2102 170:840 171:408 173:237 174:457 176:289 188:261 190:241 218:6298 219:1462 220:756 232:1797 233:769 246:272 260:570 261:326	Isoleucine (2TMS)		1288.83	NCBITAXON:http://purl.bioontology.org/ontology/NCBITAXON/4530	Oryza sativa	Golm		MSI:2		tagfinder; manual supervised	990				CHEBI:24898	RM0134975	first assignment	2026-06-18 20:17:03	first assignment	2026-06-18 20:17:03	splitless
CHEBI:25017	C6H13NO2	CC(C)CC(N)C(O)=O	InChI=1S/C6H13NO2/c1-4(2)3-5(7)6(8)9/h4-5H,3,7H2,1-2H3,(H,8,9)	Leucine		158:76027 232:3037 233:950	Leucine (2TMS)		1267.21	NCBITAXON:http://purl.bioontology.org/ontology/NCBITAXON/4530	Oryza sativa	Golm		MSI:2		tagfinder; manual supervised	999				CHEBI:25017	RM0136379	first assignment	2026-06-18 20:17:03	first assignment	2026-06-18 20:17:03	splitless
CHEBI:16811	C5H11NO2S	CSCCC(N)C(O)=O	InChI=1S/C5H11NO2S/c1-9-3-2-4(6)5(7)8/h4H,2-3,6H2,1H3,(H,7,8)	Methionine		176:11291 250:1105 251:431 252:319	Methionine (2TMS)		1515.64	NCBITAXON:http://purl.bioontology.org/ontology/NCBITAXON/4530	Oryza sativa	Golm		MSI:2		tagfinder; manual supervised	998				CHEBI:16811	RM0161726	first assignment	2026-06-18 20:17:03	first assignment	2026-06-18 20:17:03	splitless
CHEBI:87757	C3H5NO4	OC(=O)CNC(O)=O	InChI=1S/C3H5NO4/c5-2(6)1-4-3(7)8/h4H,1H2,(H,5,6)(H,7,8)	N-Carboxyglycine		218:9251 219:1920 220:977 276:419 292:1831 293:898 294:523 320:2645	N-Carboxyglycine (3TMS)		1462.4	NCBITAXON:http://purl.bioontology.org/ontology/NCBITAXON/4530	Oryza sativa	Golm		MSI:2		tagfinder; manual supervised	993						not found	2026-06-18 20:17:03	not found	2026-06-18 20:17:03	splitless
CHEBI:18257	C5H12N2O2	NCCCC(N)C(O)=O	InChI=1S/C5H12N2O2/c6-3-1-2-4(7)5(8)9/h4H,1-3,6-7H2,(H,8,9)	Ornithine		163:448 164:358 189:378 200:340 204:1153 206:309 216:727 243:627	Ornithine (3TMS) (Derivate not found)		1608.13	NCBITAXON:http://purl.bioontology.org/ontology/NCBITAXON/4530	Oryza sativa	Golm		MSI:2		tagfinder; manual supervised	943				CHEBI:18257	RM0135912	first assignment	2026-06-18 20:17:03	first assignment	2026-06-18 20:17:03	splitless
CHEBI:28044	C9H11NO2	NC(Cc1ccccc1)C(O)=O	InChI=1S/C9H11NO2/c10-8(9(11)12)6-7-4-2-1-3-5-7/h1-5,8H,6,10H2,(H,11,12)	Phenylalanine		192:14330 218:17368 220:1794 266:1338 278:248 294:448 295:277	Phenylalanine (2TMS)		1630.22	NCBITAXON:http://purl.bioontology.org/ontology/NCBITAXON/4530	Oryza sativa	Golm		MSI:2		tagfinder; manual supervised	998				CHEBI:28044	RM0135897	first assignment	2026-06-18 20:17:03	first assignment	2026-06-18 20:17:03	splitless
CHEBI:17822	C3H7NO3	NC(CO)C(O)=O	InChI=1S/C3H7NO3/c4-2(1-5)3(6)7/h2,5H,1,4H2,(H,6,7)	Serine		263:440 278:14688 279:5883 280:3122 281:800 291:480 306:8583 307:2710 308:1609 309:449	Serine (3TMS)		1352.18	NCBITAXON:http://purl.bioontology.org/ontology/NCBITAXON/4530	Oryza sativa	Golm		MSI:2		tagfinder; manual supervised	993				CHEBI:17822	RM0032433	first assignment	2026-06-18 20:17:03	first assignment	2026-06-18 20:17:03	splitless
CHEBI:26986	C4H9NO3	CC(O)C(N)C(O)=O	InChI=1S/C4H9NO3/c1-2(6)3(5)4(7)8/h2-3,6H,5H2,1H3,(H,7,8)	Threonine		117:71023 126:717 128:20673 142:684 156:765 163:1444 172:1636 175:704 176:1084 186:1834 188:1300 201:314 202:7794 203:8346 204:2991 205:1200 216:796 218:48558 219:45829 220:11996 221:5475 222:1071 230:1836 231:835 246:298 276:582 291:13750 292:9808 293:3846 294:1431 295:481 320:2274 321:788 322:504 334:212	Threonine (3TMS)		1377.25	NCBITAXON:http://purl.bioontology.org/ontology/NCBITAXON/4530	Oryza sativa	Golm		MSI:2		tagfinder; manual supervised	986				CHEBI:26986	RM0135900	first assignment	2026-06-18 20:17:03	first assignment	2026-06-18 20:17:03	splitless
CHEBI:27897	C11H12N2O2	NC(Cc1c[nH]c2ccccc12)C(O)=O	InChI=1S/C11H12N2O2/c12-9(11(14)15)5-7-6-13-10-4-2-1-3-8(7)10/h1-4,6,9,13H,5,12H2,(H,14,15)	Tryptophan		152:265 172:755 173:438 184:657 186:973 187:585 198:442 199:658 200:1773 201:674 214:493 216:457 241:359 246:363 248:527 274:214 287:255 288:408 289:250 291:2629 292:1608 293:1020 294:481 295:211 302:558 303:811 304:544 377:572 378:430 379:293 405:589 406:367 407:267 420:245	Tryptophan (3TMS)		2216.3	NCBITAXON:http://purl.bioontology.org/ontology/NCBITAXON/4530	Oryza sativa	Golm		MSI:2		tagfinder; manual supervised	855				CHEBI:27897	RM0136024	first assignment	2026-06-18 20:17:03	first assignment	2026-06-18 20:17:03	splitless
CHEBI:18186	C9H11NO3	NC(Cc1ccc(O)cc1)C(O)=O	InChI=1S/C9H11NO3/c10-8(9(12)13)5-6-1-3-7(11)4-2-6/h1-4,8,11H,5,10H2,(H,12,13)	Tyrosine		250:564 264:470 265:772 266:407 279:518 280:4012 281:1373 282:671 283:243 354:1362 355:763 356:467	Tyrosine (3TMS)		1936.91	NCBITAXON:http://purl.bioontology.org/ontology/NCBITAXON/4530	Oryza sativa	Golm		MSI:2		tagfinder; manual supervised	974				CHEBI:18186	RM0135896	first assignment	2026-06-18 20:17:03	first assignment	2026-06-18 20:17:03	splitless
CHEBI:27266	C5H11NO2	CC(C)C(N)C(O)=O	InChI=1S/C5H11NO2/c1-3(2)4(6)5(7)8/h3-4H,6H2,1-2H3,(H,7,8)	Valine		107:257 108:285 144:152053 145:20994 146:7770 156:3500 157:791 163:852 164:297 200:203 218:24115 219:5854 220:2527 246:1395 247:435 248:293 260:256 261:200	Valine (2TMS)		1206.81	NCBITAXON:http://purl.bioontology.org/ontology/NCBITAXON/4530	Oryza sativa	Golm		MSI:2		tagfinder; manual supervised	999				CHEBI:27266	RM0136018	first assignment	2026-06-18 20:17:03	first assignment	2026-06-18 20:17:03	splitless
CHEBI:15756	C16H32O2	CCCCCCCCCCCCCCCC(O)=O	InChI=1S/C16H32O2/c1-2-3-4-5-6-7-8-9-10-11-12-13-14-15-16(17)18/h2-15H2,1H3,(H,17,18)	Hexadecanoic acid		117:84992 132:32257 313:15854 314:4010 315:1418 328:1273	Hexadecanoic acid (1TMS)		2045.38	NCBITAXON:http://purl.bioontology.org/ontology/NCBITAXON/4530	Oryza sativa	Golm		MSI:2		tagfinder; manual supervised	979					RM0153571	failed	2026-06-18 20:17:03	first assignment	2026-06-18 20:17:03	splitless
CHEBI:28842	C18H36O2	C(CCCCCCCCCC)CCCCCCC(=O)O	InChI=1S/C18H36O2/c1-2-3-4-5-6-7-8-9-10-11-12-13-14-15-16-17-18(19)20/h2-17H2,1H3,(H,19,20)	Octadecanoic acid		76:5262 77:3787 81:5520 82:959 83:6107 84:2553 93:1686 95:4560 97:4434 98:3429 105:2033 107:935 109:1572 111:2216 112:1021 116:4263 117:68218 118:6784 119:2921 123:541 125:607 129:31788 131:11071 132:27782 133:6382 134:1465 145:17196 146:2264 159:1805 171:1452 173:524 185:2168 186:423 187:1404 199:595 213:472 227:586 241:630 255:422	Octadecanoic acid (1TMS)		2242.35	NCBITAXON:http://purl.bioontology.org/ontology/NCBITAXON/4530	Oryza sativa	Golm		MSI:2		tagfinder; manual supervised	996					RM0153574	failed	2026-06-18 20:17:03	first assignment	2026-06-18 20:17:03	splitless
CHEBI:50202	C15H12O5	Oc1ccc(cc1)C1CC(=O)c2c(O)cc(O)cc2O1	InChI=1S/C15H12O5/c16-9-3-1-8(2-4-9)13-7-12(19)15-11(18)5-10(17)6-14(15)20-13/h1-6,13,16-18H,7H2	Naringenin		209:714 210:238 485:224 486:330 487:257 517:262	Naringenin (1MEOX) (3TMS)		2968.89	NCBITAXON:http://purl.bioontology.org/ontology/NCBITAXON/4530	Oryza sativa	Golm		MSI:2		tagfinder; manual supervised	951					RM0128467	not found	2026-06-18 20:17:03	first assignment	2026-06-18 20:17:03	splitless
CHEBI:138264	[13C]6H14O6	[13CH2]([13C@H]([13C@H]([13C@H]([13C@H]([13CH2]O)O)O)O)O)O	InChI=1S/C6H14O6/c7-1-3(9)5(11)6(12)4(10)2-8/h3-12H,1-2H2/t3-,4+,5-,6+/i1+1,2+1,3+1,4+1,5+1,6+1	Sorbitol, U-13C-		311:4524 312:2352 324:18724 325:9501 326:1769 351:3503 352:940 353:584 425:1566 426:2306 427:938	Sorbitol, U-13C- (6TMS)		1918.1	NCBITAXON:http://purl.bioontology.org/ontology/NCBITAXON/4530	Oryza sativa	Golm		MSI:2		tagfinder; manual supervised	996						failed	2026-06-18 20:17:03	not found	2026-06-18 20:17:03	splitless
CHEBI:41808	C10H22	CCCCCCCCCC	InChI=1S/C10H22/c1-3-5-7-9-10-8-6-4-2/h3-10H2,1-2H3	Decane, n-		84:12504 85:29635 99:8411 112:2432	Decane, n-		994.22	NCBITAXON:http://purl.bioontology.org/ontology/NCBITAXON/4530	Oryza sativa	Golm		MSI:2		tagfinder; manual supervised	998						not found	2026-06-18 20:17:03	not found	2026-06-18 20:17:03	splitless
CHEBI:46050	C22H46	CCCCCCCCCCCCCCCCCCCCCC	InChI=1S/C22H46/c1-3-5-7-9-11-13-15-17-19-21-22-20-18-16-14-12-10-8-6-4-2/h3-22H2,1-2H3	Docosane, n-		85:86067 98:7483 99:30659 100:2364 110:2003 111:6967 112:5163 113:18294 114:1597 124:1100 125:3413 126:3838 127:11549 128:1149 138:610 139:1308 140:2868 141:7632 142:847 153:645 154:2183 155:5091 168:1798 169:3569 182:1321 183:2446 196:958 197:1742 210:704 224:539 225:1004 238:427 253:698	Docosane, n-		2200	NCBITAXON:http://purl.bioontology.org/ontology/NCBITAXON/4530	Oryza sativa	Golm		MSI:2		tagfinder; manual supervised	999						failed	2026-06-18 20:17:03	not found	2026-06-18 20:17:03	splitless
CHEBI:28817	C12H26	CCCCCCCCCCCC	InChI=1S/C12H26/c1-3-5-7-9-11-12-10-8-6-4-2/h3-12H2,1-2H3	Dodecane, n-		83:6035 84:12259 85:49209 86:3420 97:2405 98:9469 99:9237 112:5495 113:5515 126:2335 127:3679 140:875 141:1718 170:3426	Dodecane, n-		1200	NCBITAXON:http://purl.bioontology.org/ontology/NCBITAXON/4530	Oryza sativa	Golm		MSI:2		tagfinder; manual supervised	999						not found	2026-06-18 20:17:03	not found	2026-06-18 20:17:03	splitless
CHEBI:36020	C32H66	CCCCCCCCCCCCCCCCCCCCCCCCCCCCCCCC	InChI=1S/C32H66/c1-3-5-7-9-11-13-15-17-19-21-23-25-27-29-31-32-30-28-26-24-22-20-18-16-14-12-10-8-6-4-2/h3-32H2,1-2H3	Dotriacontane, n-		99:24215 100:1866 112:3840 113:15185 114:1335 124:1512 126:2837 127:10006 128:1002 138:994 139:2166 140:2138 141:6990 142:782 152:611 153:1271 154:1673 155:5000 156:623 166:414 167:783 168:1293 169:3694 170:492 181:518 182:1036 183:2767 184:424 196:823 197:2125 198:362 210:636 211:1604 224:516 225:1270 238:437 239:1019 252:356 253:819 267:652	Dotriacontane, n-		3200	NCBITAXON:http://purl.bioontology.org/ontology/NCBITAXON/4530	Oryza sativa	Golm		MSI:2		tagfinder; manual supervised	994						failed	2026-06-18 20:17:03	not found	2026-06-18 20:17:03	splitless
CHEBI:72688	C36H74	CCCCCCCCCCCCCCCCCCCCCCCCCCCCCCCCCCCC	InChI=1S/C36H74/c1-3-5-7-9-11-13-15-17-19-21-23-25-27-29-31-33-35-36-34-32-30-28-26-24-22-20-18-16-14-12-10-8-6-4-2/h3-36H2,1-2H3	Hexatriacontane, n-		99:30110 100:2331 112:4870 113:19010 114:1678 123:568 124:2156 126:3595 127:12718 128:1280 137:387 138:1467 139:3221 140:2722 141:8956 142:1005 152:907 153:1955 154:2152 155:6443 156:815 166:630 167:1242 168:1683 169:4767 170:649 180:470 181:834 182:1357 183:3624 184:562 195:579 196:1085 197:2788 198:481 210:845 211:2127 212:401 224:696 225:1705 226:356 238:591 239:1387 252:487 253:1123 267:899 309:501	Hexatriacontane, n-		3600	NCBITAXON:http://purl.bioontology.org/ontology/NCBITAXON/4530	Oryza sativa	Golm		MSI:2		tagfinder; manual supervised	998						failed	2026-06-18 20:17:03	not found	2026-06-18 20:17:03	splitless
CHEBI:32943	C28H58	CCCCCCCCCCCCCCCCCCCCCCCCCCCC	InChI=1S/C28H58/c1-3-5-7-9-11-13-15-17-19-21-23-25-27-28-26-24-22-20-18-16-14-12-10-8-6-4-2/h3-28H2,1-2H3	Octacosane, n-		85:69977 86:4626 96:4169 97:17146 98:6150 99:26980 100:2074 110:2167 111:8418 112:4280 113:16696 114:1460 124:1428 125:4343 126:3151 127:10953 128:1088 138:903 139:1925 140:2356 141:7559 142:831 152:538 153:1091 154:1834 155:5392 166:366 167:642 168:1402 169:4181 182:1123 183:2869 196:874 197:2172 211:1593 225:1252	Octacosane, n-		2800	NCBITAXON:http://purl.bioontology.org/ontology/NCBITAXON/4530	Oryza sativa	Golm		MSI:2		tagfinder; manual supervised	999						failed	2026-06-18 20:17:03	not found	2026-06-18 20:17:03	splitless
CHEBI:32926	C18H38	CCCCCCCCCCCCCCCCCC	InChI=1S/C18H38/c1-3-5-7-9-11-13-15-17-18-16-14-12-10-8-6-4-2/h3-18H2,1-2H3	Octadecane, n-		82:6042 83:16948 84:13558 85:93896 86:6225 96:3094 97:11682 98:8857 99:30704 110:1444 111:5345 112:6178 113:17098 124:653 125:2343 126:4533 127:9825 139:720 140:3291 154:2384 155:3769 168:1665 182:1164 183:2017 197:1461	Octadecane, n-		1800.51	NCBITAXON:http://purl.bioontology.org/ontology/NCBITAXON/4530	Oryza sativa	Golm		MSI:2		tagfinder; manual supervised	998						not found	2026-06-18 20:17:03	not found	2026-06-18 20:17:03	splitless
CHEBI:28897	C15H32	CCCCCCCCCCCCCCC	InChI=1S/C15H32/c1-3-5-7-9-11-13-15-14-12-10-8-6-4-2/h3-15H2,1-2H3	Pentadecane, n-		82:4655 83:12186 84:13545 85:83203 96:1916 97:7406 98:9433 99:22384 110:695 111:3144 112:6473 113:10208 114:890 125:921 126:4547 127:5692 140:2930 141:4112 154:1877 155:2752 169:1586 183:685 212:2559	Pentadecane, n-		1500	NCBITAXON:http://purl.bioontology.org/ontology/NCBITAXON/4530	Oryza sativa	Golm		MSI:2		tagfinder; manual supervised	999						not found	2026-06-18 20:17:03	not found	2026-06-18 20:17:03	splitless
unknown				A106004-101_D106098		97:497 110:584 111:181 125:317 126:1178 127:575 128:34775 140:397 142:3405 154:553 155:541 156:9095 157:1400 158:350 171:5664 172:979	D106098		1060.63	NCBITAXON:http://purl.bioontology.org/ontology/NCBITAXON/4530	Oryza sativa	Golm		MSI:2		tagfinder; manual supervised	994						failed	2026-06-18 20:17:03	not found	2026-06-18 20:17:03	splitless
unknown				A112003-101		188:9428 189:1418 203:2023	A112003-101		1123.38	NCBITAXON:http://purl.bioontology.org/ontology/NCBITAXON/4530	Oryza sativa	Golm		MSI:2		tagfinder; manual supervised	999						failed	2026-06-18 20:17:03	not found	2026-06-18 20:17:03	splitless
unknown				A116014-101_Unknown#bth-pae-013		150:475 189:889 192:857 203:733 205:1712 207:4799 208:1066 209:637 235:534 247:416 249:4812 250:1611 251:1556 252:499 253:302 265:4868 266:1644 267:1204 268:416 279:328 281:26383 282:7668 283:4749 284:1042 285:422 369:5120 370:2009 371:1260 372:437	Unknown#bth-pae-013		1148.66	NCBITAXON:http://purl.bioontology.org/ontology/NCBITAXON/4530	Oryza sativa	Golm		MSI:2		tagfinder; manual supervised	987						failed	2026-06-18 20:17:03	not found	2026-06-18 20:17:03	splitless
unknown				A118006-101		249:864 250:373 251:363 252:188 265:888 266:380 267:315 281:5055 282:1479 283:917 284:294 369:884 370:396 371:305	A118006-101		1188.82	NCBITAXON:http://purl.bioontology.org/ontology/NCBITAXON/4530	Oryza sativa	Golm		MSI:2		tagfinder; manual supervised	956						failed	2026-06-18 20:17:03	not found	2026-06-18 20:17:03	splitless
unknown				A118008-101_D118786		142:1847 174:5138 175:937 176:426 216:727	D118786		1190.04	NCBITAXON:http://purl.bioontology.org/ontology/NCBITAXON/4530	Oryza sativa	Golm		MSI:2		tagfinder; manual supervised	953						failed	2026-06-18 20:17:03	not found	2026-06-18 20:17:03	splitless
unknown				A124002-101		164:295 175:281 190:332 191:273 205:516 234:1154 235:437 236:345 249:558 250:313 251:249	A124002-101		1222.45	NCBITAXON:http://purl.bioontology.org/ontology/NCBITAXON/4530	Oryza sativa	Golm		MSI:2		tagfinder; manual supervised	873						failed	2026-06-18 20:17:03	not found	2026-06-18 20:17:03	splitless
unknown				A136010-101		124:246 166:213 194:697 195:270 209:308	A136010-101		1365	NCBITAXON:http://purl.bioontology.org/ontology/NCBITAXON/4530	Oryza sativa	Golm		MSI:2		tagfinder; manual supervised	939						failed	2026-06-18 20:17:03	not found	2026-06-18 20:17:03	splitless
unknown				A137012-101_NA137012		113:3244 124:825 139:508 140:1854 146:428 154:722 155:1238 157:8253 160:687 167:2811 170:668 171:1116 181:606 184:1643 185:3086 188:2149 196:410 197:551 198:1382 199:925 201:386 212:232 227:785 229:1323 241:7427 242:2923 243:1817 244:649 255:5077 256:2709 259:4130 260:825 269:533 270:753 271:3802 274:3054 275:668	NA137012		1379.81	NCBITAXON:http://purl.bioontology.org/ontology/NCBITAXON/4530	Oryza sativa	Golm		MSI:2		tagfinder; manual supervised	927						failed	2026-06-18 20:17:03	not found	2026-06-18 20:17:03	splitless
unknown				A138004-101		181:288 239:229 255:2558 256:632 257:373 269:281 270:600 272:202	A138004-101		1360.52	NCBITAXON:http://purl.bioontology.org/ontology/NCBITAXON/4530	Oryza sativa	Golm		MSI:2		tagfinder; manual supervised	989						failed	2026-06-18 20:17:03	not found	2026-06-18 20:17:03	splitless
unknown				A138009-101_Unknown#bth-pae-024		224:611 282:467 283:267 298:1500 299:582 300:394 312:235 313:1009 314:494 315:296 328:516 343:429	Unknown#bth-pae-024		1377.8	NCBITAXON:http://purl.bioontology.org/ontology/NCBITAXON/4530	Oryza sativa	Golm		MSI:2		tagfinder; manual supervised	959						failed	2026-06-18 20:17:03	not found	2026-06-18 20:17:03	splitless
unknown				A139005-101		233:246 234:258 306:279	A139005-101		1369.04	NCBITAXON:http://purl.bioontology.org/ontology/NCBITAXON/4530	Oryza sativa	Golm		MSI:2		tagfinder; manual supervised	999						failed	2026-06-18 20:17:03	not found	2026-06-18 20:17:03	splitless
unknown				A140003-101		116:2875 117:13266 118:1493 143:2890 145:629	A140003-101		1365.2	NCBITAXON:http://purl.bioontology.org/ontology/NCBITAXON/4530	Oryza sativa	Golm		MSI:2		tagfinder; manual supervised	997						failed	2026-06-18 20:17:03	not found	2026-06-18 20:17:03	splitless
unknown				A140006-101		236:357 237:201 266:276	A140006-101		1368.32	NCBITAXON:http://purl.bioontology.org/ontology/NCBITAXON/4530	Oryza sativa	Golm		MSI:2		tagfinder; manual supervised	964						failed	2026-06-18 20:17:03	not found	2026-06-18 20:17:03	splitless
unknown				A141017-101_Unknown#bth-pae-027		255:370 269:388 270:414	Unknown#bth-pae-027		1408.12	NCBITAXON:http://purl.bioontology.org/ontology/NCBITAXON/4530	Oryza sativa	Golm		MSI:2		tagfinder; manual supervised	997						failed	2026-06-18 20:17:03	not found	2026-06-18 20:17:03	splitless
unknown				A142004-101		215:463 217:595 230:301	A142004-101		1402.8	NCBITAXON:http://purl.bioontology.org/ontology/NCBITAXON/4530	Oryza sativa	Golm		MSI:2		tagfinder; manual supervised	958						failed	2026-06-18 20:17:03	not found	2026-06-18 20:17:03	splitless
unknown				A142016-101_Unknown#bth-pae-028		218:4215 219:867 220:498 231:680 232:327 306:840 307:385 308:260	Unknown#bth-pae-028		1414.35	NCBITAXON:http://purl.bioontology.org/ontology/NCBITAXON/4530	Oryza sativa	Golm		MSI:2		tagfinder; manual supervised	996						failed	2026-06-18 20:17:03	not found	2026-06-18 20:17:03	splitless
unknown				A143003-101		82:3163 86:13339 99:876 100:6923 101:1126 102:5868 113:1374 114:954 126:680 128:1151 153:400 154:11160 155:2715 156:3624 158:578 174:16356 175:2946 176:1290 186:1015	A143003-101		1415.82	NCBITAXON:http://purl.bioontology.org/ontology/NCBITAXON/4530	Oryza sativa	Golm		MSI:2		tagfinder; manual supervised	983						failed	2026-06-18 20:17:03	not found	2026-06-18 20:17:03	splitless
unknown				A144006-101		155:2587 156:441 174:12077 175:2210 176:968	A144006-101		1428.48	NCBITAXON:http://purl.bioontology.org/ontology/NCBITAXON/4530	Oryza sativa	Golm		MSI:2		tagfinder; manual supervised	998						failed	2026-06-18 20:17:03	not found	2026-06-18 20:17:03	splitless
unknown				A145008-101		235:301 350:1258 351:512 352:330	A145008-101		1444.43	NCBITAXON:http://purl.bioontology.org/ontology/NCBITAXON/4530	Oryza sativa	Golm		MSI:2		tagfinder; manual supervised	987						failed	2026-06-18 20:17:03	not found	2026-06-18 20:17:03	splitless
unknown				A145015-101_NA145015		86:15679 154:13036 155:4319 156:1384 170:765 174:17114 175:3355 176:1313 227:683 243:3634 244:1067	NA145015		1455.64	NCBITAXON:http://purl.bioontology.org/ontology/NCBITAXON/4530	Oryza sativa	Golm		MSI:2		tagfinder; manual supervised	995						failed	2026-06-18 20:17:03	not found	2026-06-18 20:17:03	splitless
unknown				A145016-101_NA145016		189:949 191:4251 192:989 203:661 216:1138 260:419 262:1687 263:571 264:326 350:333 351:213 365:763	NA145016		1455.37	NCBITAXON:http://purl.bioontology.org/ontology/NCBITAXON/4530	Oryza sativa	Golm		MSI:2		tagfinder; manual supervised	990						failed	2026-06-18 20:17:03	not found	2026-06-18 20:17:03	splitless
unknown				A147005-101		235:374 237:981 238:597 310:482 311:265 338:574 339:262	A147005-101		1460.76	NCBITAXON:http://purl.bioontology.org/ontology/NCBITAXON/4530	Oryza sativa	Golm		MSI:2		tagfinder; manual supervised	947						failed	2026-06-18 20:17:03	not found	2026-06-18 20:17:03	splitless
unknown				A147011-101_NA147011		106:655 142:2367 144:2637 170:212 172:5960 173:7398 174:2195 186:842 191:2715 192:719 201:1487 202:1448 216:866 244:656 262:3839 263:1130 264:620 275:337 288:962 289:410 290:333 350:228 365:627	NA147011		1465.04	NCBITAXON:http://purl.bioontology.org/ontology/NCBITAXON/4530	Oryza sativa	Golm		MSI:2		tagfinder; manual supervised	986						failed	2026-06-18 20:17:03	not found	2026-06-18 20:17:03	splitless
unknown				A148003-101		232:2712 306:369 334:413	A148003-101		1463.53	NCBITAXON:http://purl.bioontology.org/ontology/NCBITAXON/4530	Oryza sativa	Golm		MSI:2		tagfinder; manual supervised	994						failed	2026-06-18 20:17:03	not found	2026-06-18 20:17:03	splitless
unknown				A148006-101		161:1029 162:1560 187:1642 205:4212 206:969 217:1892 219:686 234:5648 235:1408 236:756 261:856 351:362	A148006-101		1466.84	NCBITAXON:http://purl.bioontology.org/ontology/NCBITAXON/4530	Oryza sativa	Golm		MSI:2		tagfinder; manual supervised	993						failed	2026-06-18 20:17:03	not found	2026-06-18 20:17:03	splitless
unknown				A155004-101		219:15504 220:3259 221:1694 277:783 319:328 321:763 322:399	A155004-101		1539.85	NCBITAXON:http://purl.bioontology.org/ontology/NCBITAXON/4530	Oryza sativa	Golm		MSI:2		tagfinder; manual supervised	999						failed	2026-06-18 20:17:03	not found	2026-06-18 20:17:03	splitless
unknown				A157008-101_similar to Asparagine Derivate		141:523 162:1646 163:373 164:222 188:197 202:290 218:2268 219:564 220:317 261:1334 262:395 263:239	similar to Asparagine Derivate		1556.68	NCBITAXON:http://purl.bioontology.org/ontology/NCBITAXON/4530	Oryza sativa	Golm		MSI:2		tagfinder; manual supervised	958						failed	2026-06-18 20:17:03	not found	2026-06-18 20:17:03	splitless
unknown				A157012-101_similar to Asparagine Derivate		141:1065 144:217 162:1983 163:488 164:245 215:368 218:2493 219:1218 220:429 261:1876 262:563 263:303	similar to Asparagine Derivate		1580.01	NCBITAXON:http://purl.bioontology.org/ontology/NCBITAXON/4530	Oryza sativa	Golm		MSI:2		tagfinder; manual supervised	918						failed	2026-06-18 20:17:03	not found	2026-06-18 20:17:03	splitless
unknown				A159003-101		178:544 191:9791 192:1861 205:32352 206:6300 207:3590 231:8114 232:1897 234:17333 235:3674 236:1643 237:561 265:523 277:1408 278:692 279:450 291:1650 293:476 306:21666 307:7294 308:3384 309:925 310:366 321:1187 322:524 333:1336 393:1499 394:778 423:892	A159003-101		1572.6	NCBITAXON:http://purl.bioontology.org/ontology/NCBITAXON/4530	Oryza sativa	Golm		MSI:2		tagfinder; manual supervised	994						failed	2026-06-18 20:17:03	not found	2026-06-18 20:17:03	splitless
unknown				A160001-101_NA160001		293:251 294:212 305:315 333:208	NA160001		1589.15	NCBITAXON:http://purl.bioontology.org/ontology/NCBITAXON/4530	Oryza sativa	Golm		MSI:2		tagfinder; manual supervised	959						failed	2026-06-18 20:17:03	not found	2026-06-18 20:17:03	splitless
unknown				A160018-101_Unknown#sst-cgl-037		181:282 212:298 272:228	Unknown#sst-cgl-037		1596.65	NCBITAXON:http://purl.bioontology.org/ontology/NCBITAXON/4530	Oryza sativa	Golm		MSI:2		tagfinder; manual supervised	903						failed	2026-06-18 20:17:03	not found	2026-06-18 20:17:03	splitless
unknown				A167004-101		127:485 139:186 153:189 155:649 156:552 171:705 186:206 275:1170 276:538	A167004-101		1657.25	NCBITAXON:http://purl.bioontology.org/ontology/NCBITAXON/4530	Oryza sativa	Golm		MSI:2		tagfinder; manual supervised	920						failed	2026-06-18 20:17:03	not found	2026-06-18 20:17:03	splitless
unknown				A170001-101_NA170001		157:3320 205:2902 217:10302 218:2422 229:1010 277:772 278:456 291:478 306:1017 307:4713 308:1415 309:728 310:357 311:219 319:4066 320:1224 321:667 322:354	NA170001		1684.58	NCBITAXON:http://purl.bioontology.org/ontology/NCBITAXON/4530	Oryza sativa	Golm		MSI:2		tagfinder; manual supervised	986						failed	2026-06-18 20:17:03	not found	2026-06-18 20:17:03	splitless
unknown				A170011-101_NA170011		211:258 239:271 346:231	NA170011		1701.64	NCBITAXON:http://purl.bioontology.org/ontology/NCBITAXON/4530	Oryza sativa	Golm		MSI:2		tagfinder; manual supervised	991						failed	2026-06-18 20:17:03	not found	2026-06-18 20:17:03	splitless
unknown				A171003-101		173:221 228:197 246:247 271:392 272:792 273:303 274:211 275:1774 276:794 302:205 317:258 318:202 346:211	A171003-101		1691.25	NCBITAXON:http://purl.bioontology.org/ontology/NCBITAXON/4530	Oryza sativa	Golm		MSI:2		tagfinder; manual supervised	932						failed	2026-06-18 20:17:03	not found	2026-06-18 20:17:03	splitless
unknown				A171025-101_D171803		160:204 247:583 248:261 249:337 258:290 330:208 390:223 392:193	D171803		1719.15	NCBITAXON:http://purl.bioontology.org/ontology/NCBITAXON/4530	Oryza sativa	Golm		MSI:2		tagfinder; manual supervised	824						failed	2026-06-18 20:17:03	not found	2026-06-18 20:17:03	splitless
unknown				A174001-101_NA174001		117:81362 118:8398 129:29213 130:3632 141:2542 143:11604 157:10981 158:1756 159:1872 164:1110 171:2239 185:1261 189:27011 190:6541 191:11250 192:2197 193:1637 201:2454 202:1105 204:4843 205:83853 206:16432 207:11745 208:2088 209:1186 216:1626 217:88294 218:17775 219:8854 220:1510 221:13452 222:3285 223:2208 229:4620 230:1716 231:4587 233:3152 234:1508 279:326 512:517	NA174001		1728.62	NCBITAXON:http://purl.bioontology.org/ontology/NCBITAXON/4530	Oryza sativa	Golm		MSI:2		tagfinder; manual supervised	972						failed	2026-06-18 20:17:03	not found	2026-06-18 20:17:03	splitless
unknown				A174004-101		225:222 284:205 357:325 358:203	A174004-101		1724.1	NCBITAXON:http://purl.bioontology.org/ontology/NCBITAXON/4530	Oryza sativa	Golm		MSI:2		tagfinder; manual supervised	951						failed	2026-06-18 20:17:03	not found	2026-06-18 20:17:03	splitless
unknown				A174005-101		276:352 302:366 392:637	A174005-101		1708.02	NCBITAXON:http://purl.bioontology.org/ontology/NCBITAXON/4530	Oryza sativa	Golm		MSI:2		tagfinder; manual supervised	970						failed	2026-06-18 20:17:03	not found	2026-06-18 20:17:03	splitless
unknown				A176001-101_NA176001		220:338 265:225 277:489 278:275 292:2510 293:829 294:535 307:1098 308:505 309:349 320:272 333:2041 335:462	NA176001		1739.56	NCBITAXON:http://purl.bioontology.org/ontology/NCBITAXON/4530	Oryza sativa	Golm		MSI:2		tagfinder; manual supervised	985						failed	2026-06-18 20:17:03	not found	2026-06-18 20:17:03	splitless
unknown				A176026-101_Unknown#bth-pae-056		306:1598 360:367 435:376 450:3990	Unknown#bth-pae-056		1756.15	NCBITAXON:http://purl.bioontology.org/ontology/NCBITAXON/4530	Oryza sativa	Golm		MSI:2		tagfinder; manual supervised	995						failed	2026-06-18 20:17:03	not found	2026-06-18 20:17:03	splitless
unknown				A180002-101_similar to Fructose Derivate		437:1904 438:1107 439:850	similar to Fructose Derivate		1789.64	NCBITAXON:http://purl.bioontology.org/ontology/NCBITAXON/4530	Oryza sativa	Golm		MSI:2		tagfinder; manual supervised	979						failed	2026-06-18 20:17:03	not found	2026-06-18 20:17:03	splitless
unknown				A181001-101_NA181001		292:4175 305:1239 333:4210 334:1324 335:713 336:267	NA181001		1793.48	NCBITAXON:http://purl.bioontology.org/ontology/NCBITAXON/4530	Oryza sativa	Golm		MSI:2		tagfinder; manual supervised	998						failed	2026-06-18 20:17:03	not found	2026-06-18 20:17:03	splitless
unknown				A181004-101_similar to Fructose Derivate		348:421 349:403 440:557	similar to Fructose Derivate		1794.41	NCBITAXON:http://purl.bioontology.org/ontology/NCBITAXON/4530	Oryza sativa	Golm		MSI:2		tagfinder; manual supervised	993						failed	2026-06-18 20:17:03	not found	2026-06-18 20:17:03	splitless
unknown				A183011-101		210:195 224:198 248:308 249:213 261:372 263:517 300:192 407:298 408:196 422:339 423:208	A183011-101		1817.8	NCBITAXON:http://purl.bioontology.org/ontology/NCBITAXON/4530	Oryza sativa	Golm		MSI:2		tagfinder; manual supervised	792						failed	2026-06-18 20:17:03	not found	2026-06-18 20:17:03	splitless
unknown				A192014-101		298:2881 299:837 315:995 388:945 404:387	A192014-101		1911.99	NCBITAXON:http://purl.bioontology.org/ontology/NCBITAXON/4530	Oryza sativa	Golm		MSI:2		tagfinder; manual supervised	998						failed	2026-06-18 20:17:03	not found	2026-06-18 20:17:03	splitless
unknown				A197003-101_similar to Glucopyranose		266:507 294:357 303:872 315:285 379:489 405:385	similar to Glucopyranose (5TMS)		1960.8	NCBITAXON:http://purl.bioontology.org/ontology/NCBITAXON/4530	Oryza sativa	Golm		MSI:2		tagfinder; manual supervised	946						failed	2026-06-18 20:17:03	not found	2026-06-18 20:17:03	splitless
unknown				A197007-101_NA197007		277:1342 281:183 359:599 394:2644 395:1074 396:597 397:269 407:427 433:684	NA197007		1965.34	NCBITAXON:http://purl.bioontology.org/ontology/NCBITAXON/4530	Oryza sativa	Golm		MSI:2		tagfinder; manual supervised	988						failed	2026-06-18 20:17:03	not found	2026-06-18 20:17:03	splitless
unknown				A198003-101		276:246 290:293 366:291	A198003-101		1970.87	NCBITAXON:http://purl.bioontology.org/ontology/NCBITAXON/4530	Oryza sativa	Golm		MSI:2		tagfinder; manual supervised	990						failed	2026-06-18 20:17:03	not found	2026-06-18 20:17:03	splitless
unknown				A199008-101		138:298 246:312 247:302 274:256 332:783 334:373	A199008-101		1988.58	NCBITAXON:http://purl.bioontology.org/ontology/NCBITAXON/4530	Oryza sativa	Golm		MSI:2		tagfinder; manual supervised	836						failed	2026-06-18 20:17:03	not found	2026-06-18 20:17:03	splitless
unknown				A203003-101		102:3580 115:1973 126:514 129:11332 145:1129 146:599 150:840 159:863 177:734 187:518 189:5652 196:480 203:1544 204:60083 205:14421 206:5730 214:438 220:11700 233:2156 234:745 235:453 242:483 246:452 259:1154 260:485 261:359 268:327 274:501 290:201 302:245 304:436 321:1559 322:541 342:208 344:188	A203003-101		2010.84	NCBITAXON:http://purl.bioontology.org/ontology/NCBITAXON/4530	Oryza sativa	Golm		MSI:2		tagfinder; manual supervised	996						failed	2026-06-18 20:17:03	not found	2026-06-18 20:17:03	splitless
unknown				A203004-101		258:353 299:358 300:197	A203004-101		2011.1	NCBITAXON:http://purl.bioontology.org/ontology/NCBITAXON/4530	Oryza sativa	Golm		MSI:2		tagfinder; manual supervised	981						failed	2026-06-18 20:17:03	not found	2026-06-18 20:17:03	splitless
unknown				A203005-101		394:1041 395:659 396:313 397:223 408:889 409:455 410:328 411:219 449:449 450:306	A203005-101		2013.7	NCBITAXON:http://purl.bioontology.org/ontology/NCBITAXON/4530	Oryza sativa	Golm		MSI:2		tagfinder; manual supervised	950						failed	2026-06-18 20:17:03	not found	2026-06-18 20:17:03	splitless
unknown				A209004-101		134:364 204:7027 206:1164 221:535 222:324 319:1754 320:588 321:335	A209004-101		2075.02	NCBITAXON:http://purl.bioontology.org/ontology/NCBITAXON/4530	Oryza sativa	Golm		MSI:2		tagfinder; manual supervised	995						failed	2026-06-18 20:17:03	not found	2026-06-18 20:17:03	splitless
unknown				A211001-101_NA211001		262:4879 321:4791 322:1698	NA211001		2095.74	NCBITAXON:http://purl.bioontology.org/ontology/NCBITAXON/4530	Oryza sativa	Golm		MSI:2		tagfinder; manual supervised	992						failed	2026-06-18 20:17:03	not found	2026-06-18 20:17:03	splitless
unknown				A211007-101		201:1363 205:19766 206:4031 214:564 229:3353 319:19776 320:6051 321:2975	A211007-101		2108.07	NCBITAXON:http://purl.bioontology.org/ontology/NCBITAXON/4530	Oryza sativa	Golm		MSI:2		tagfinder; manual supervised	992						failed	2026-06-18 20:17:03	not found	2026-06-18 20:17:03	splitless
unknown				A213001-101_NA213001		97:1532 103:48832 104:5266 106:577 118:2654 126:955 128:1141 129:18832 130:3680 132:1431 133:17992 134:2845 135:1768 136:322 140:405 141:832 142:1494 143:2688 144:787 145:932 146:658 150:1082 151:513 154:656 156:720 157:14930 158:3035 159:1987 161:804 163:2483 164:610 168:409 172:5071 173:3289 174:1525 177:1518 178:486 184:368 186:629 187:582 188:1184 189:5578 190:2330 200:613 201:1924 202:1594 203:1536 204:5126 205:28488 206:5910 207:3643 208:931 210:342 214:959 215:693 216:1412 219:2245 220:624 228:403 229:4680 230:2521 231:2331 232:865 235:1281 236:402 237:341 240:407 242:777 244:739 246:657 247:1065 248:418 256:415 259:633 260:817 262:2287 264:603 268:1054 269:367 270:300 273:381 274:396 275:339 277:1379 278:770 279:394 287:316 288:665 291:1584 292:691 302:910 303:453 304:383 308:623 316:319 319:26969 320:8155 321:4259 322:1454 323:448 332:808 333:534 334:1018 335:671 336:393 342:371 344:416 403:239	NA213001		2121.67	NCBITAXON:http://purl.bioontology.org/ontology/NCBITAXON/4530	Oryza sativa	Golm		MSI:2		tagfinder; manual supervised	942						failed	2026-06-18 20:17:03	not found	2026-06-18 20:17:03	splitless
unknown				A214003-101		157:6332 158:1793 170:818 172:2736 173:1882 201:941 202:934 205:12785 206:3367 229:2839 230:1251 262:3167 277:688 319:10986 320:3141 321:2537 322:671 358:191 378:199	A214003-101		2128.25	NCBITAXON:http://purl.bioontology.org/ontology/NCBITAXON/4530	Oryza sativa	Golm		MSI:2		tagfinder; manual supervised	966						failed	2026-06-18 20:17:03	not found	2026-06-18 20:17:03	splitless
unknown				A214004-101		143:3087 150:652 152:198 166:255 176:241 178:255 181:190 189:5573 190:1699 196:199 198:197 205:17036 206:6359 207:2796 211:216 218:3303 231:2025 232:537 241:203 242:412 244:494 245:460 291:1241 292:396 331:208 346:208 347:186 465:200	A214004-101		2132.38	NCBITAXON:http://purl.bioontology.org/ontology/NCBITAXON/4530	Oryza sativa	Golm		MSI:2		tagfinder; manual supervised	964						failed	2026-06-18 20:17:03	not found	2026-06-18 20:17:03	splitless
unknown				A216005-101		102:248 157:875 190:254 206:303 225:490 229:204 231:426 283:275 285:325 299:1926 300:1026 301:660 315:2183 316:1409 317:886 318:267 319:247 349:302 373:284 387:1563 388:790 389:523 390:204 471:314	A216005-101		2150.2	NCBITAXON:http://purl.bioontology.org/ontology/NCBITAXON/4530	Oryza sativa	Golm		MSI:2		tagfinder; manual supervised	909						failed	2026-06-18 20:17:03	not found	2026-06-18 20:17:03	splitless
unknown				A217004-101		109:906 110:246 127:1069 128:412 129:16940 130:2876 135:1351 136:255 139:356 140:213 141:674 142:834 143:3478 150:934 151:601 153:505 154:254 155:1663 157:1991 159:956 163:1062 169:3907 170:1075 171:813 173:698 175:1225 176:335 177:929 181:227 183:707 187:342 189:5882 190:2100 192:2529 193:1354 195:212 199:347 200:201 201:432 203:2509 204:94587 206:8664 207:2237 215:744 217:14694 218:5592 220:1001 221:1581 222:408 229:733 230:679 231:2613 232:851 233:841 242:406 243:2303 244:855 245:768 247:318 257:722 259:352 273:547 278:248 291:1241 292:397 306:735 317:600 331:666 332:509 345:512	A217004-101		2160.55	NCBITAXON:http://purl.bioontology.org/ontology/NCBITAXON/4530	Oryza sativa	Golm		MSI:2		tagfinder; manual supervised	995						failed	2026-06-18 20:17:03	not found	2026-06-18 20:17:03	splitless
unknown				A221004-101		152:207 183:363 213:282 225:358 227:967 228:390 229:299 230:273 239:386 241:228 242:344 243:577 244:270 255:420 270:298 271:335 285:245 300:409 301:293 315:500 316:274 317:278 342:573 343:415 344:263 373:209 422:257	A221004-101		2196.46	NCBITAXON:http://purl.bioontology.org/ontology/NCBITAXON/4530	Oryza sativa	Golm		MSI:2		tagfinder; manual supervised	869						failed	2026-06-18 20:17:03	not found	2026-06-18 20:17:03	splitless
unknown				A223005-101		163:529 171:562 177:493 179:544 269:459 357:782 358:869 359:613 372:518 373:441	A223005-101		2222.59	NCBITAXON:http://purl.bioontology.org/ontology/NCBITAXON/4530	Oryza sativa	Golm		MSI:2		tagfinder; manual supervised	630						failed	2026-06-18 20:17:03	not found	2026-06-18 20:17:03	splitless
unknown				A227008-101_NA227008		249:409 250:178 426:183	NA227008		2269.63	NCBITAXON:http://purl.bioontology.org/ontology/NCBITAXON/4530	Oryza sativa	Golm		MSI:2		tagfinder; manual supervised	956						failed	2026-06-18 20:17:03	not found	2026-06-18 20:17:03	splitless
unknown				A228001-101		130:1586 133:21109 134:2458 140:392 141:449 142:1199 150:424 156:390 159:500 163:759 170:313 172:1469 173:438 175:673 177:399 186:1864 187:424 188:379 194:377 200:1387 201:389 205:8523 206:1867 214:1142 215:486 216:472 228:531 230:607 231:389 244:502 258:383 259:537 277:386 284:469 293:435	A228001-101		2261.3	NCBITAXON:http://purl.bioontology.org/ontology/NCBITAXON/4530	Oryza sativa	Golm		MSI:2		tagfinder; manual supervised	985						failed	2026-06-18 20:17:03	not found	2026-06-18 20:17:03	splitless
unknown				A229001-101_NA229001		245:1294 246:311 292:390	NA229001		2273.92	NCBITAXON:http://purl.bioontology.org/ontology/NCBITAXON/4530	Oryza sativa	Golm		MSI:2		tagfinder; manual supervised	996						failed	2026-06-18 20:17:03	not found	2026-06-18 20:17:03	splitless
unknown				A231002-101_similar to Glycerolaldopyranosid		237:549 241:675 242:1150 249:1999 250:903 251:479 255:699 258:597 260:488 261:438 263:898 264:372 265:1390 266:455 271:2241 272:1488 273:1453 274:367 277:402 278:459 279:351 287:398 289:1264 290:597 293:2001 294:980 295:495 303:391 304:771 305:2215 306:1817 307:1117 308:484 309:614 311:261 318:1077 319:1355 320:623 321:841 322:355 327:389 331:887 332:834 333:761 334:502 337:9305 338:3766 339:2666 340:1315 345:1251 346:463 347:379 350:376 351:449 353:340 361:3518 362:2297 363:1786 364:582 377:579 378:354 380:702 381:370 393:762 435:394 451:917 452:437	similar to Glycerolaldopyranosid (6TMS)		2294.89	NCBITAXON:http://purl.bioontology.org/ontology/NCBITAXON/4530	Oryza sativa	Golm		MSI:2		tagfinder; manual supervised	859						failed	2026-06-18 20:17:03	not found	2026-06-18 20:17:03	splitless
unknown				A237001-101		161:1519 163:939 170:1098 171:1363 190:1286 191:7179 192:1278 201:403 203:2067 204:38359 205:8983 206:3571 207:1205 215:780 217:42498 218:9409 219:11360 220:2176 221:2463 222:549 223:332 229:547 230:352 231:919 232:545 233:4469 234:986 235:489 245:1523 246:404 249:398 257:2658 258:798 259:698 261:526 265:328 275:2202 276:567 277:386 285:798 287:350 289:322 292:9653 293:3001 294:1416 295:339 305:7114 306:2127 307:1116 319:578 331:979 332:422 333:1511 334:492 335:734 337:1218 338:398 347:433 359:669 363:1474 364:504 375:4898 376:1648 377:938 449:552 450:397 451:1587 452:682 453:375	A237001-101		2359.73	NCBITAXON:http://purl.bioontology.org/ontology/NCBITAXON/4530	Oryza sativa	Golm		MSI:2		tagfinder; manual supervised	994						failed	2026-06-18 20:17:03	not found	2026-06-18 20:17:03	splitless
unknown				A237002-101		192:844 259:1207 260:339 262:940 307:794 308:278 309:203 319:656 320:262 331:1459 332:516 333:329 334:200 376:231 421:472 422:248 423:203	A237002-101		2352.21	NCBITAXON:http://purl.bioontology.org/ontology/NCBITAXON/4530	Oryza sativa	Golm		MSI:2		tagfinder; manual supervised	974						failed	2026-06-18 20:17:03	not found	2026-06-18 20:17:03	splitless
unknown				A250001-101		109:1183 127:1519 128:575 129:21655 130:3409 139:567 141:1347 142:1012 143:4528 145:2298 146:594 150:1483 151:888 153:847 155:2132 156:607 159:1125 161:1928 162:507 163:1294 164:446 167:365 169:5060 170:1049 175:1638 176:460 177:1636 178:383 181:350 187:705 189:5867 190:2374 192:2721 217:21229 218:6131 219:2713 220:1022 221:2446 222:729 227:378 229:1259 230:1193 231:4550 232:1647 233:2024 234:621 235:432 241:512 242:655 243:2725 244:1375 245:1225 246:458 257:730 258:311 265:531 271:2042 272:754 273:774 277:394 278:378 279:456 291:1733 293:466 303:273 304:356 305:3532 306:1485 307:918 308:336 317:676 318:403 319:967 320:922 323:3339 324:956 325:331 331:1233 332:1011 333:598 334:275 345:470 347:303 359:505 363:1631 364:487 439:1012 440:477	A250001-101		2482.22	NCBITAXON:http://purl.bioontology.org/ontology/NCBITAXON/4530	Oryza sativa	Golm		MSI:2		tagfinder; manual supervised	983						failed	2026-06-18 20:17:03	not found	2026-06-18 20:17:03	splitless
unknown				A252002-101		140:251 156:650 417:258	A252002-101		2498.44	NCBITAXON:http://purl.bioontology.org/ontology/NCBITAXON/4530	Oryza sativa	Golm		MSI:2		tagfinder; manual supervised	926						failed	2026-06-18 20:17:03	not found	2026-06-18 20:17:03	splitless
unknown				A254002-101		204:7031 205:2696 206:1160 237:197 245:848 335:968 336:422	A254002-101		2513.25	NCBITAXON:http://purl.bioontology.org/ontology/NCBITAXON/4530	Oryza sativa	Golm		MSI:2		tagfinder; manual supervised	988						failed	2026-06-18 20:17:03	not found	2026-06-18 20:17:03	splitless
unknown				A255001-101		274:340 335:6960 361:10769 452:333 453:406 539:732	A255001-101		2527.59	NCBITAXON:http://purl.bioontology.org/ontology/NCBITAXON/4530	Oryza sativa	Golm		MSI:2		tagfinder; manual supervised	889						failed	2026-06-18 20:17:03	not found	2026-06-18 20:17:03	splitless
unknown				A255012-101_Unknown#sst-cgl-119		299:1984 314:378 315:1081 387:2364 388:985 389:721 471:559	Unknown#sst-cgl-119		2541.28	NCBITAXON:http://purl.bioontology.org/ontology/NCBITAXON/4530	Oryza sativa	Golm		MSI:2		tagfinder; manual supervised	980						failed	2026-06-18 20:17:03	not found	2026-06-18 20:17:03	splitless
unknown				A275003-101		120:213 138:207 182:311 185:465 197:326 212:2517 213:1052 214:347 225:242 226:360 227:1045 232:1006 236:206 237:203 238:237 239:307 241:1281 242:8685 244:1152 249:216 251:217 252:206 253:206 254:236 255:319 256:283 265:203 270:274 279:278 281:226 282:259 283:242 284:1362 285:736 286:373 297:231 298:201 302:194 313:326 314:4086 315:1442 316:821 327:240 328:203 329:210 333:268 356:205 362:1161 364:293 381:339 450:1237 453:194	A275003-101		2738.88	NCBITAXON:http://purl.bioontology.org/ontology/NCBITAXON/4530	Oryza sativa	Golm		MSI:2		tagfinder; manual supervised	972						failed	2026-06-18 20:17:03	not found	2026-06-18 20:17:03	splitless
unknown				A278005-101_NA278005		82:435 83:751 90:547 99:1068 115:1749 137:311 209:1137 225:440 236:193 237:457 238:270 251:309 259:3194 260:1236 278:316 280:1210 281:657 282:514 283:2072 284:608 294:494 295:644 296:726 297:411 323:201 324:1432 325:717 326:471 337:198 348:4154 349:1902 350:1018 351:303 352:412 353:235 355:3854 356:1589 366:185 367:254 368:764 369:404 372:209 394:474 395:266 396:207 397:253 399:204 409:218 410:555 411:297 412:198 422:224 425:232 469:191	NA278005		2757.26	NCBITAXON:http://purl.bioontology.org/ontology/NCBITAXON/4530	Oryza sativa	Golm		MSI:2		tagfinder; manual supervised	899						failed	2026-06-18 20:17:03	not found	2026-06-18 20:17:03	splitless
unknown				A285012-101_D285215		104:2949 106:2715 109:21865 110:2817 117:9957 118:1919 119:6526 120:1458 121:11725 122:4417 126:699 133:11977 134:3226 136:2009 139:921 143:4419 144:1710 145:2448 146:698 150:3111 151:4317 152:884 153:1078 156:815 158:1471 159:4900 162:773 163:4048 164:4698 165:10835 166:2154 168:654 170:2508 173:13331 174:2396 181:1541 182:1085 183:2810 184:650 185:856 189:4406 190:2078 191:8157 192:2062 195:1175 196:1581 197:2262 198:1704 208:991 209:1530 210:733 211:566 222:1330 223:31883 224:10408 225:3946 226:739 233:5451 234:1651 237:1349 238:662 239:605 240:705 241:1158 242:479 244:1323 265:2743 266:777	D285215		2864.6	NCBITAXON:http://purl.bioontology.org/ontology/NCBITAXON/4530	Oryza sativa	Golm		MSI:2		tagfinder; manual supervised	907						failed	2026-06-18 20:17:03	not found	2026-06-18 20:17:03	splitless
unknown				A295006-101		141:606 142:765 161:765 162:348 171:1147 175:891 180:899 185:563 189:2630 190:881 203:924 215:673 217:19617 218:4096 219:2011 233:2359 234:856 235:470 237:2301 238:749 245:945 250:539 251:14499 252:2901 253:1247 257:1127 258:501 261:442 275:429 285:592 287:387 289:1105 290:394 291:806 292:4354 293:1421 294:963 305:2820 306:1093 307:758 325:714 333:834 334:320 335:731 343:187 359:489 376:922 377:623 395:604 483:661	A295006-101		2913	NCBITAXON:http://purl.bioontology.org/ontology/NCBITAXON/4530	Oryza sativa	Golm		MSI:2		tagfinder; manual supervised	986						failed	2026-06-18 20:17:03	not found	2026-06-18 20:17:03	splitless
unknown				A303004-101_D310830		192:196 249:4318 250:1146 251:452 292:316 333:1675 334:526 335:348 336:189 338:293	D310830		3047.39	NCBITAXON:http://purl.bioontology.org/ontology/NCBITAXON/4530	Oryza sativa	Golm		MSI:2		tagfinder; manual supervised	993						failed	2026-06-18 20:17:03	not found	2026-06-18 20:17:03	splitless
unknown				A311002-101		204:95201 205:20547 206:8549 243:8057	A311002-101		3088.14	NCBITAXON:http://purl.bioontology.org/ontology/NCBITAXON/4530	Oryza sativa	Golm		MSI:2		tagfinder; manual supervised	999						failed	2026-06-18 20:17:03	not found	2026-06-18 20:17:03	splitless
unknown				A316003-101		239:240 249:1775 250:511 251:284 255:856 256:307 266:348 323:189	A316003-101		3143.46	NCBITAXON:http://purl.bioontology.org/ontology/NCBITAXON/4530	Oryza sativa	Golm		MSI:2		tagfinder; manual supervised	988						failed	2026-06-18 20:17:03	not found	2026-06-18 20:17:03	splitless
unknown				A331004-101		243:238 271:267 361:417 362:232	A331004-101		3299.16	NCBITAXON:http://purl.bioontology.org/ontology/NCBITAXON/4530	Oryza sativa	Golm		MSI:2		tagfinder; manual supervised	962						failed	2026-06-18 20:17:03	not found	2026-06-18 20:17:03	splitless
CHEBI:143539	C4H6N2O3	OC(=O)C1NC(=O)NC1	InChI=1S/C4H6N2O3/c7-3(8)2-1-5-4(9)6-2/h2H,1H2,(H,7,8)(H2,5,6,9)	2-Imidazolidone-4-carboxylic acid		213:1351 228:237 287:354 288:229 303:555 304:277 305:228 331:350 332:204	2-Imidazolidone-4-carboxylic acid (3TMS)		1631.28	NCBITAXON:http://purl.bioontology.org/ontology/NCBITAXON/4530	Oryza sativa	Golm		MSI:2		tagfinder; manual supervised	985						failed	2026-06-18 20:17:03	not found	2026-06-18 20:17:03	splitless
CHEBI:16335	C10H13N5O4	Nc1ncnc2n(cnc12)[C@@H]1O[C@H](CO)[C@@H](O)[C@H]1O	InChI=1S/C10H13N5O4/c11-8-5-9(13-2-12-8)15(3-14-5)10-7(18)6(17)4(1-16)19-10/h2-4,6-7,10,16-18H,1H2,(H2,11,12,13)/t4-,6-,7-,10-/m1/s1	Adenosine		127:312 165:359 236:268 262:306 348:280	Adenosine (3TMS)		2610.43	NCBITAXON:http://purl.bioontology.org/ontology/NCBITAXON/4530	Oryza sativa	Golm		MSI:2		tagfinder; manual supervised	941				CHEBI:16335	RM0135870	first assignment	2026-06-18 20:17:03	first assignment	2026-06-18 20:17:03	splitless
CHEBI:17509	C11H15N5O3S	CSC[C@H]1O[C@H]([C@H](O)[C@@H]1O)n1cnc2c(N)ncnc12	InChI=1S/C11H15N5O3S/c1-20-2-5-7(17)8(18)11(19-5)16-4-15-6-9(12)13-3-14-10(6)16/h3-5,7-8,11,17-18H,2H2,1H3,(H2,12,13,14)/t5-,7-,8-,11-/m1/s1	Adenosine, 5-methylthio-		175:798 188:1048 236:1489	Adenosine, 5-methylthio- (3TMS)		2795.34	NCBITAXON:http://purl.bioontology.org/ontology/NCBITAXON/4530	Oryza sativa	Golm		MSI:2		tagfinder; manual supervised	999						failed	2026-06-18 20:17:03	not found	2026-06-18 20:17:03	splitless
CHEBI:16027	C10H14N5O7P	Nc1ncnc2n(cnc12)[C@@H]1O[C@H](COP(O)(O)=O)[C@@H](O)[C@H]1O	InChI=1S/C10H14N5O7P/c11-8-5-9(13-2-12-8)15(3-14-5)10-7(17)6(16)4(22-10)1-21-23(18,19)20/h2-4,6-7,10,16-17H,1H2,(H2,11,12,13)(H2,18,19,20)/t4-,6-,7-,10-/m1/s1	Adenosine-5-monophosphate		258:492 316:414 317:324 337:314	Adenosine-5-monophosphate (5TMS)		3056.98	NCBITAXON:http://purl.bioontology.org/ontology/NCBITAXON/4530	Oryza sativa	Golm		MSI:2		tagfinder; manual supervised	972					RM0138921	not found	2026-06-18 20:17:03	first assignment	2026-06-18 20:17:03	splitless
CHEBI:16235	C5H5N5O	C12=C(N=C(NC1=O)N)NC=N2	InChI=1S/C5H5N5O/c6-5-9-3-2(4(11)10-5)7-1-8-3/h1H,(H4,6,7,8,9,10,11)	Guanine		238:470 294:283 352:1439 353:900 354:611 366:211 367:775 368:456 369:294	Guanine (3TMS)		2126.46	NCBITAXON:http://purl.bioontology.org/ontology/NCBITAXON/4530	Oryza sativa	Golm		MSI:2		tagfinder; manual supervised	930				CHEBI:16235	RM0018303	first assignment	2026-06-18 20:17:03	first assignment	2026-06-18 20:17:03	splitless
CHEBI:15940	C6H5NO2	OC(=O)c1cccnc1	InChI=1S/C6H5NO2/c8-6(9)5-2-1-3-7-4-5/h1-4H,(H,8,9)	Nicotinic acid		180:10465 181:1639 182:606	Nicotinic acid (1TMS)		1305.19	NCBITAXON:http://purl.bioontology.org/ontology/NCBITAXON/4530	Oryza sativa	Golm		MSI:2		tagfinder; manual supervised	999					RM0156700	not found	2026-06-18 20:17:03	first assignment	2026-06-18 20:17:03	splitless
CHEBI:16742	C5H4N2O4	OC(=O)c1cc(=O)[nH]c(=O)[nH]1	InChI=1S/C5H4N2O4/c8-3-1-2(4(9)10)6-5(11)7-3/h1H,(H,9,10)(H2,6,7,8,11)	Orotic acid		253:258 255:432 269:254 357:312 358:243	Orotic acid (3TMS)		1737.99	NCBITAXON:http://purl.bioontology.org/ontology/NCBITAXON/4530	Oryza sativa	Golm		MSI:2		tagfinder; manual supervised	892					RM0033030	not found	2026-06-18 20:17:03	first assignment	2026-06-18 20:17:03	splitless
CHEBI:134206	C4H9NO3	C(C(N)(C)CO)(O)=O	InChI=1S/C4H9NO3/c1-4(5,2-6)3(7)8/h6H,2,5H2,1H3,(H,7,8)	Propanoic acid, 2-amino-2-methyl-3-hydroxy-		130:1030 146:941 160:803	Propanoic acid, 2-amino-2-methyl-3-hydroxy- (2TMS)		1219.82	NCBITAXON:http://purl.bioontology.org/ontology/NCBITAXON/4530	Oryza sativa	Golm		MSI:2		tagfinder; manual supervised	999						failed	2026-06-18 20:17:03	not found	2026-06-18 20:17:03	splitless
CHEBI:17148	C4H12N2	NCCCCN	InChI=1S/C4H12N2/c5-3-1-2-4-6/h1-6H2	Putrescine		146:5519 174:126694 175:23762 176:10515 187:2407 195:298 200:8474 201:2315 214:11173 248:441 260:435 283:330 349:399 350:366 364:671 365:395 366:420	Putrescine (4TMS)		1734.57	NCBITAXON:http://purl.bioontology.org/ontology/NCBITAXON/4530	Oryza sativa	Golm		MSI:2		tagfinder; manual supervised	999				CHEBI:17148	RM0139715	first assignment	2026-06-18 20:17:03	first assignment	2026-06-18 20:17:03	splitless
CHEBI:131454	C5H5NO2	N=1C=CC=C(C1O)O	InChI=1S/C5H5NO2/c7-4-2-1-3-6-5(4)8/h1-3,7H,(H,6,8)	Pyridine, 2,3-dihydroxy-		166:345 240:1071 241:374	Pyridine, 2,3-dihydroxy- (2TMS)		1313.3	NCBITAXON:http://purl.bioontology.org/ontology/NCBITAXON/4530	Oryza sativa	Golm		MSI:2		tagfinder; manual supervised	989						failed	2026-06-18 20:17:03	not found	2026-06-18 20:17:03	splitless
CHEBI:16540	C5H5NO	Oc1ccccn1	InChI=1S/C5H5NO/c7-5-3-1-2-4-6-5/h1-4H,(H,6,7)	Pyridine, 2-hydroxy-		122:5645 152:52743 153:6999 154:2222 166:6538	Pyridine, 2-hydroxy- (1TMS)		1034.48	NCBITAXON:http://purl.bioontology.org/ontology/NCBITAXON/4530	Oryza sativa	Golm		MSI:2		tagfinder; manual supervised	999						failed	2026-06-18 20:17:03	not found	2026-06-18 20:17:03	splitless
CHEBI:87440	C5H5NO	Oc1cccnc1	InChI=1S/C5H5NO/c7-5-2-1-3-6-4-5/h1-4,7H	Pyridine, 3-hydroxy-		125:283 137:284 150:697 152:3754 153:686 154:326 167:1096 168:311	Pyridine, 3-hydroxy- (1TMS)		1139.45	NCBITAXON:http://purl.bioontology.org/ontology/NCBITAXON/4530	Oryza sativa	Golm		MSI:2		tagfinder; manual supervised	991						failed	2026-06-18 20:17:03	not found	2026-06-18 20:17:03	splitless
CHEBI:16610	C7H19N3	NCCCCNCCCN	InChI=1S/C7H19N3/c8-4-1-2-6-10-7-3-5-9/h10H,1-9H2	Spermidine		146:270 172:286 200:336 201:324	Spermidine (4TMS)		2193.68	NCBITAXON:http://purl.bioontology.org/ontology/NCBITAXON/4530	Oryza sativa	Golm		MSI:2		tagfinder; manual supervised	986				CHEBI:16610	RM0041813	first assignment	2026-06-18 20:17:03	first assignment	2026-06-18 20:17:03	splitless
CHEBI:28790	C10H12N2O	C1=CC(=CC=2C(=CNC12)CCN)O	InChI=1S/C10H12N2O/c11-4-3-7-6-12-10-2-1-8(13)5-9(7)10/h1-2,5-6,12-13H,3-4,11H2	Tryptamine, 5-hydroxy-		86:5915 100:2717 202:703	Tryptamine, 5-hydroxy- (4TMS)		2471.86	NCBITAXON:http://purl.bioontology.org/ontology/NCBITAXON/4530	Oryza sativa	Golm		MSI:2		tagfinder; manual supervised	999						failed	2026-06-18 20:17:03	not found	2026-06-18 20:17:03	splitless
CHEBI:17568	C4H4N2O2	O=c1cc[nH]c(=O)[nH]1	InChI=1S/C4H4N2O2/c7-3-1-2-5-4(8)6-3/h1-2H,(H2,5,6,7,8)	Uracil		242:715 243:388 257:453	Uracil (2TMS)		1335.79	NCBITAXON:http://purl.bioontology.org/ontology/NCBITAXON/4530	Oryza sativa	Golm		MSI:2		tagfinder; manual supervised	995				CHEBI:17568	RM0135934	first assignment	2026-06-18 20:17:03	first assignment	2026-06-18 20:17:03	splitless
CHEBI:17775	C5H4N4O3	O=c1[nH]c2[nH]c(=O)[nH]c(=O)c2[nH]1	InChI=1S/C5H4N4O3/c10-3-1-2(7-4(11)6-1)8-5(12)9-3/h(H4,6,7,8,9,10,11,12)	Uric acid		382:558 440:342 441:543 442:459 443:426 455:359 456:513 458:394	Uric acid (4TMS)		2091.56	NCBITAXON:http://purl.bioontology.org/ontology/NCBITAXON/4530	Oryza sativa	Golm		MSI:2		tagfinder; manual supervised	847					RM0160856	not found	2026-06-18 20:17:03	first assignment	2026-06-18 20:17:03	splitless
CHEBI:16704	C9H12N2O6	OC[C@H]1O[C@H]([C@H](O)[C@@H]1O)n1ccc(=O)[nH]c1=O	InChI=1S/C9H12N2O6/c12-3-4-6(14)7(15)8(17-4)11-2-1-5(13)10-9(11)16/h1-2,4,6-8,12,14-15H,3H2,(H,10,13,16)/t4-,6-,7-,8-/m1/s1	Uridine		117:2491 118:352 140:403 141:229 145:1114 146:278 150:289 151:275 153:536 154:358 159:277 161:233 164:237 167:519 168:549 183:412 185:530 190:438 196:644 197:307 209:320 215:233 220:230 224:1247 225:451 226:298 234:283 241:1050 242:399 244:437 246:211 256:295 257:939 258:1323 265:192 273:250 285:314 286:316 299:364 311:292 314:330 315:619 316:338 317:223	Uridine (4TMS)		2444.22	NCBITAXON:http://purl.bioontology.org/ontology/NCBITAXON/4530	Oryza sativa	Golm		MSI:2		tagfinder; manual supervised	820				CHEBI:16704	RM0135933	first assignment	2026-06-18 20:17:03	first assignment	2026-06-18 20:17:03	splitless
CHEBI:16433	C9H8O4	OC(=O)C=Cc1ccc(O)c(O)c1	InChI=1S/C9H8O4/c10-7-3-1-6(5-8(7)11)2-4-9(12)13/h1-5,10-11H,(H,12,13)/b4-2+	Caffeic acid, trans-		219:3341 220:1042 381:480 396:1190 397:482	Caffeic acid, trans- (3TMS)		2134.43	NCBITAXON:http://purl.bioontology.org/ontology/NCBITAXON/4530	Oryza sativa	Golm		MSI:2		tagfinder; manual supervised	990						failed	2026-06-18 20:17:03	not found	2026-06-18 20:17:03	splitless
CHEBI:23053	C15H14O6	C1(C=2C=C(C(O)=CC2)O)OC=3C(=C(C=C(C3)O)O)CC1O	InChI=1S/C15H14O6/c16-8-4-11(18)9-6-13(20)15(21-14(9)5-8)7-1-2-10(17)12(19)3-7/h1-5,13,15-20H,6H2	Catechin		295:217 355:1432 356:1588 357:773 358:278 368:4702 369:2866 383:614 384:271	Catechin (5TMS)		2862.58	NCBITAXON:http://purl.bioontology.org/ontology/NCBITAXON/4530	Oryza sativa	Golm		MSI:2		tagfinder; manual supervised	959				CHEBI:23053	RM0135185	first assignment	2026-06-18 20:17:03	first assignment	2026-06-18 20:17:03	splitless
CHEBI:32374	C9H8O3	OC(=O)\C=C\c1ccc(O)cc1	InChI=1S/C9H8O3/c10-8-4-1-7(2-5-8)3-6-9(11)12/h1-6,10H,(H,11,12)/b6-3+	Cinnamic acid, 4-hydroxy-, trans-		249:2729 250:869 251:409 293:3141 308:1855	Cinnamic acid, 4-hydroxy-, trans- (2TMS)		1944.37	NCBITAXON:http://purl.bioontology.org/ontology/NCBITAXON/4530	Oryza sativa	Golm		MSI:2		tagfinder; manual supervised	980						failed	2026-06-18 20:17:03	not found	2026-06-18 20:17:03	splitless
CHEBI:17620	C10H10O4	COc1cc(\C=C\C(O)=O)ccc1O	InChI=1S/C10H10O4/c1-14-9-6-7(2-4-8(9)11)3-5-10(12)13/h2-6,11H,1H3,(H,12,13)/b5-3+	Ferulic acid, trans-		179:1530 249:3096 250:1357 251:584 279:1411 280:730 310:734 323:2798 324:1356 325:661 338:3236 339:1418 340:779	Ferulic acid, trans- (2TMS)		2097.18	NCBITAXON:http://purl.bioontology.org/ontology/NCBITAXON/4530	Oryza sativa	Golm		MSI:2		tagfinder; manual supervised	968						failed	2026-06-18 20:17:03	not found	2026-06-18 20:17:03	splitless
CHEBI:16112	C16H18O9	O[C@@H]1C[C@](O)(C[C@@H](OC(=O)C=Cc2ccc(O)c(O)c2)[C@@H]1O)C(O)=O	InChI=1S/C16H18O9/c17-9-3-1-8(5-10(9)18)2-4-13(20)25-12-7-16(24,15(22)23)6-11(19)14(12)21/h1-5,11-12,14,17-19,21,24H,6-7H2,(H,22,23)/b4-2+/t11-,12-,14-,16+/m1/s1	Quinic acid, 3-caffeoyl-, trans-		166:307 168:379 225:270 240:443 256:656 283:425 307:837 324:621 325:388 326:243 334:288 345:983 346:727 347:546 372:413 373:272 381:364 397:401	Quinic acid, 3-caffeoyl-, trans- (6TMS)		3095.02	NCBITAXON:http://purl.bioontology.org/ontology/NCBITAXON/4530	Oryza sativa	Golm		MSI:2		tagfinder; manual supervised	856						failed	2026-06-18 20:17:03	not found	2026-06-18 20:17:03	splitless
CHEBI:75491	C16H18O9	O[C@@H]1C[C@@](O)(C[C@@H](O)[C@H]1OC(=O)C=Cc1ccc(O)c(O)c1)C(O)=O	InChI=1S/C16H18O9/c17-9-3-1-8(5-10(9)18)2-4-13(21)25-14-11(19)6-16(24,15(22)23)7-12(14)20/h1-5,11-12,14,17-20,24H,6-7H2,(H,22,23)/b4-2+/t11-,12-,14-,16+/m1/s1	Quinic acid, 4-caffeoyl-, trans-		255:819 256:370 308:444 309:291 324:446 325:215 372:216	Quinic acid, 4-caffeoyl-, trans- (6TMS)		3152.11	NCBITAXON:http://purl.bioontology.org/ontology/NCBITAXON/4530	Oryza sativa	Golm		MSI:2		tagfinder; manual supervised	975						failed	2026-06-18 20:17:03	not found	2026-06-18 20:17:03	splitless
CHEBI:143538	C16H18O9	O(C(=O)/C=C\C1=CC(O)=C(O)C=C1)[C@@]2(C[C@](O)(C[C@]([C@@]2(O)[H])(O)[H])C(O)=O)[H]	InChI=1S/C16H18O9/c17-9-3-1-8(5-10(9)18)2-4-13(20)25-12-7-16(24,15(22)23)6-11(19)14(12)21/h1-5,11-12,14,17-19,21,24H,6-7H2,(H,22,23)/b4-2-/t11-,12-,14+,16-/m1/s1	cis-5-caffeoyl-quinic acid		239:349 255:676 256:288 307:847 308:410 345:630 447:227	Quinic acid, 5-caffeoyl-, cis- (6TMS)		2987.22	NCBITAXON:http://purl.bioontology.org/ontology/NCBITAXON/4530	Oryza sativa	Golm		MSI:2		tagfinder; manual supervised	967						failed	2026-06-18 20:17:03	not found	2026-06-18 20:17:03	splitless
CHEBI:16384	C16H18O9	[H][C@]1(O)[C@H](O)C[C@@](O)(C[C@H]1OC(=O)C=Cc1ccc(O)c(O)c1)C(O)=O	InChI=1S/C16H18O9/c17-9-3-1-8(5-10(9)18)2-4-13(20)25-12-7-16(24,15(22)23)6-11(19)14(12)21/h1-5,11-12,14,17-19,21,24H,6-7H2,(H,22,23)/b4-2+/t11-,12-,14+,16-/m1/s1	Quinic acid, 5-caffeoyl-, trans-		140:270 152:330 182:342 184:321 185:299 186:223 196:217 197:214 211:253 224:268 226:230 230:572 239:1812 240:737 241:541 242:321 254:241 255:4794 256:1441 268:281 269:245 280:356 282:233 283:590 284:312 286:238 287:188 289:256 290:199 291:436 299:209 308:1905 309:1036 310:423 311:236 313:688 314:355 315:282 329:563 330:360 345:4698 346:1683 348:486 357:607 358:314 359:264 372:221 373:327 374:247 381:637 382:327 383:243 395:254 396:310 397:625 398:353 399:253 419:612 420:407 421:294 447:1046 448:639 449:427 450:257	Quinic acid, 5-caffeoyl-, trans- (6TMS)		3174.76	NCBITAXON:http://purl.bioontology.org/ontology/NCBITAXON/4530	Oryza sativa	Golm		MSI:2		tagfinder; manual supervised	969						failed	2026-06-18 20:17:03	not found	2026-06-18 20:17:03	splitless
CHEBI:76350	C11H12O5	COc1cc(\C=C/C(O)=O)cc(OC)c1O	InChI=1S/C11H12O5/c1-15-8-5-7(3-4-10(12)13)6-9(16-2)11(8)14/h3-6,14H,1-2H3,(H,12,13)/b4-3-	Sinapic acid, cis-		279:328 323:338 338:468 339:328 340:273 353:336 354:255 368:391	Sinapic acid, cis- (2TMS)		2057.96	NCBITAXON:http://purl.bioontology.org/ontology/NCBITAXON/4530	Oryza sativa	Golm		MSI:2		tagfinder; manual supervised	916						failed	2026-06-18 20:17:03	not found	2026-06-18 20:17:03	splitless
CHEBI:15714	C11H12O5	COc1cc(cc(OC)c1O)\C=C\C(O)=O	InChI=1S/C11H12O5/c1-15-8-5-7(3-4-10(12)13)6-9(16-2)11(8)14/h3-6,14H,1-2H3,(H,12,13)/b4-3+	Sinapic acid, trans-		178:390 209:518 233:321 237:201 249:1002 279:1009 323:1113 324:569 325:284 338:2174 339:1033 340:538 353:1287 354:617 368:1663 369:782 370:390	Sinapic acid, trans- (2TMS)		2247.14	NCBITAXON:http://purl.bioontology.org/ontology/NCBITAXON/4530	Oryza sativa	Golm		MSI:2		tagfinder; manual supervised	968						failed	2026-06-18 20:17:03	not found	2026-06-18 20:17:03	splitless
CHEBI:17553	C2H8NO4P	NCCOP(O)(O)=O	InChI=1S/C2H8NO4P/c3-1-2-7-8(4,5)6/h1-3H2,(H2,4,5,6)	Ethanolaminephosphate		284:374 298:698 313:306 315:1659 316:763 328:1474 329:647 330:404 414:795 415:416 416:288	Ethanolaminephosphate (4TMS)		1774.79	NCBITAXON:http://purl.bioontology.org/ontology/NCBITAXON/4530	Oryza sativa	Golm		MSI:2		tagfinder; manual supervised	975					RM0060581	failed	2026-06-18 20:17:03	first assignment	2026-06-18 20:17:03	splitless
CHEBI:78697	C6H13O9P			Fructose-6-phosphate		300:1179 315:6596 316:1883 403:399 459:707 460:362 461:299	Fructose-6-phosphate (1MEOX) (6TMS) MP		2290.7	NCBITAXON:http://purl.bioontology.org/ontology/NCBITAXON/4530	Oryza sativa	Golm		MSI:2		tagfinder; manual supervised	999					RM0030190	not found	2026-06-18 20:17:03	first assignment	2026-06-18 20:17:03	splitless
CHEBI:12937	C6H13O9P			Galactose-6-phosphate		315:296 357:281 387:585 388:298	Galactose-6-phosphate (1MEOX) (6TMS) MP		2312.37	NCBITAXON:http://purl.bioontology.org/ontology/NCBITAXON/4530	Oryza sativa	Golm		MSI:2		tagfinder; manual supervised	992					RM0133194	not found	2026-06-18 20:17:03	first assignment	2026-06-18 20:17:03	splitless
CHEBI:14314	C6H13O9P			Glucose-6-phosphate		128:691 138:514 140:319 141:530 145:902 150:414 154:348 156:444 157:4469 158:1142 163:824 164:271 168:393 172:436 173:548 174:392 175:393 177:369 180:318 190:461 192:524 196:486 197:453 198:290 201:317 206:383 208:470 209:450 210:498 212:972 213:545 214:325 215:539 216:746 221:495 225:1403 226:410 227:990 228:805 240:240 241:327 242:282 246:418 256:290 270:434 274:543 276:251 283:660 284:345 285:611 286:458 291:401 293:194 298:573 300:3297 301:1794 302:575 303:288 313:405 315:4633 316:1412 317:880 318:361 328:326 331:1508 332:595 333:383 341:695 342:378 343:330 357:3982 358:1333 359:767 360:295 371:295 373:469 374:337 383:191 390:918 391:418 403:358	Glucose-6-phosphate (1MEOX) (6TMS) MP		2305.58	NCBITAXON:http://purl.bioontology.org/ontology/NCBITAXON/4530	Oryza sativa	Golm		MSI:2		tagfinder; manual supervised	976					RM0136106	not found	2026-06-18 20:17:03	first assignment	2026-06-18 20:17:03	splitless
CHEBI:24344	C3H7O7P	C(C(CO)OP(=O)(O)O)(O)=O	InChI=1S/C3H7O7P/c4-1-2(3(5)6)10-11(7,8)9/h2,4H,1H2,(H,5,6)(H2,7,8,9)	Glyceric acid-2-phosphate		387:415 388:248 389:218 444:186 459:403 460:236	Glyceric acid-2-phosphate (4TMS)		1766.34	NCBITAXON:http://purl.bioontology.org/ontology/NCBITAXON/4530	Oryza sativa	Golm		MSI:2		tagfinder; manual supervised	966					RM0136217	failed	2026-06-18 20:17:03	first assignment	2026-06-18 20:17:03	splitless
CHEBI:17050	C3H7O7P	OC(COP(O)(O)=O)C(O)=O	InChI=1S/C3H7O7P/c4-2(3(5)6)1-10-11(7,8)9/h2,4H,1H2,(H,5,6)(H2,7,8,9)	Glyceric acid-3-phosphate		301:2175 342:972 357:8212 358:2748 359:1795	Glyceric acid-3-phosphate (4TMS)		1793.56	NCBITAXON:http://purl.bioontology.org/ontology/NCBITAXON/4530	Oryza sativa	Golm		MSI:2		tagfinder; manual supervised	995						failed	2026-06-18 20:17:03	not found	2026-06-18 20:17:03	splitless
CHEBI:14336	C3H9O6P	OCC(O)COP(O)(O)=O	InChI=1S/C3H9O6P/c4-1-3(5)2-9-10(6,7)8/h3-5H,1-2H2,(H2,6,7,8)	Glycerol-3-phosphate		285:438 299:3994 300:1094 315:1055 327:203 328:332 341:402 357:2777 358:830 359:477 370:520 387:396 388:230 389:249 445:478 446:260	Glycerol-3-phosphate (4TMS)		1749.67	NCBITAXON:http://purl.bioontology.org/ontology/NCBITAXON/4530	Oryza sativa	Golm		MSI:2		tagfinder; manual supervised	994					RM0160118	not found	2026-06-18 20:17:03	first assignment	2026-06-18 20:17:03	splitless
CHEBI:5457	C6H15O8P	OCC(O)COP(O)(=O)OCC(O)CO	InChI=1S/C6H15O8P/c7-1-5(9)3-13-15(11,12)14-4-6(10)2-8/h5-10H,1-4H2,(H,11,12)	Glycerophosphoglycerol		257:899 283:605 299:3170 300:1005 301:734 312:589 313:446 314:523 315:1636 316:693 317:620 329:588 341:624 342:392 357:3735 358:1241 359:780 370:544 371:597 373:927 374:555 387:627 389:567 445:1130 446:648 447:551 461:486 503:818	Glycerophosphoglycerol (5TMS)		2172.31	NCBITAXON:http://purl.bioontology.org/ontology/NCBITAXON/4530	Oryza sativa	Golm		MSI:2		tagfinder; manual supervised	938				CHEBI:5457	RM0114528	first assignment	2026-06-18 20:17:03	first assignment	2026-06-18 20:17:03	splitless
CHEBI:17345	C10H14N5O8P	Nc1nc2n(cnc2c(=O)[nH]1)[C@@H]1O[C@H](COP(O)(O)=O)[C@@H](O)[C@H]1O	InChI=1S/C10H14N5O8P/c11-10-13-7-4(8(18)14-10)12-2-15(7)9-6(17)5(16)3(23-9)1-22-24(19,20)21/h2-3,5-6,9,16-17H,1H2,(H2,19,20,21)(H3,11,13,14,18)/t3-,5-,6-,9-/m1/s1	Guanosine-5-monophosphate		99:318 136:434 140:409 164:387 170:480 171:490 230:520 231:378 243:396 258:467 259:391 265:309 299:475 300:404 315:592 316:438 317:417 382:396 394:339	Guanosine-5-monophosphate (6TMS)		3063.51	NCBITAXON:http://purl.bioontology.org/ontology/NCBITAXON/4530	Oryza sativa	Golm		MSI:2		tagfinder; manual supervised	845					RM0033601	not found	2026-06-18 20:17:03	first assignment	2026-06-18 20:17:03	splitless
CHEBI:18297	C6H13O9P	O[C@H]1[C@H](O)[C@@H](O)[C@H](OP(O)(O)=O)[C@H](O)[C@@H]1O	InChI=1S/C6H13O9P/c7-1-2(8)4(10)6(5(11)3(1)9)15-16(12,13)14/h1-11H,(H2,12,13,14)/t1-,2-,3+,4-,5-,6-/m1/s1	myo-Inositol-1-phosphate		301:661 316:898 317:747 318:3871 319:1286 320:733	myo-Inositol-1-phosphate (7TMS)		2409.19	NCBITAXON:http://purl.bioontology.org/ontology/NCBITAXON/4530	Oryza sativa	Golm		MSI:2		tagfinder; manual supervised	998					RM0136305	not found	2026-06-18 20:17:03	first assignment	2026-06-18 20:17:03	splitless
CHEBI:44897	C3H5O6P	OC(=O)C(=C)OP(O)(O)=O	InChI=1S/C3H5O6P/c1-2(3(4)5)9-10(6,7)8/h1H2,(H,4,5)(H2,6,7,8)	Phosphoenolpyruvic acid		151:352 195:501 210:416 212:588 213:432 225:751 227:727 229:193 238:270 266:223 283:200 285:256 300:479 301:331 315:224 370:587 371:391 384:268	Phosphoenolpyruvic acid (3TMS)		1592.82	NCBITAXON:http://purl.bioontology.org/ontology/NCBITAXON/4530	Oryza sativa	Golm		MSI:2		tagfinder; manual supervised	969					RM0060576	not found	2026-06-18 20:17:03	first assignment	2026-06-18 20:17:03	splitless
CHEBI:340824	CH5O4P	COP(O)(O)=O	InChI=1S/CH5O4P/c1-5-6(2,3)4/h1H3,(H2,2,3,4)	Phosphoric acid monomethyl ester		133:5452 135:2556 163:5728 164:939 165:698 180:185 195:1329 211:2877 241:14369 242:2574 243:1267 256:1102	Phosphoric acid monomethyl ester (2TMS)		1167.22	NCBITAXON:http://purl.bioontology.org/ontology/NCBITAXON/4530	Oryza sativa	Golm		MSI:2		tagfinder; manual supervised	971					RM0136733	failed	2026-06-18 20:17:03	first assignment	2026-06-18 20:17:03	splitless
CHEBI:37455	C5H11O8P			Ribulose-5-phosphate		211:252 300:249 316:242 317:224 387:234	Ribulose-5-phosphate (1MEOX) (5TMS) MP		2104.73	NCBITAXON:http://purl.bioontology.org/ontology/NCBITAXON/4530	Oryza sativa	Golm		MSI:2		tagfinder; manual supervised	818					RM0020730	not found	2026-06-18 20:17:03	first assignment	2026-06-18 20:17:03	splitless
CHEBI:16695	C9H13N2O9P	O[C@@H]1[C@@H](COP(O)(O)=O)O[C@H]([C@@H]1O)n1ccc(=O)[nH]c1=O	InChI=1S/C9H13N2O9P/c12-5-1-2-11(9(15)10-5)8-7(14)6(13)4(20-8)3-19-21(16,17)18/h1-2,4,6-8,13-14H,3H2,(H,10,12,15)(H2,16,17,18)/t4-,6-,7-,8-/m1/s1	Uridine 5'-monophosphate		211:343 299:405 315:367	Uridine 5'-monophosphate (5TMS)		2820.79	NCBITAXON:http://purl.bioontology.org/ontology/NCBITAXON/4530	Oryza sativa	Golm		MSI:2		tagfinder; manual supervised	941					RM0135929	not found	2026-06-18 20:17:03	first assignment	2026-06-18 20:17:03	splitless
CHEBI:22652	C6H8O6			Ascorbic acid		304:976 315:307 332:5479 347:1125 348:859 349:582 360:559 374:942 377:267 448:458 450:825 451:510 464:412 465:306 494:181	Ascorbic acid (4TMS)		1941.83	NCBITAXON:http://purl.bioontology.org/ontology/NCBITAXON/4530	Oryza sativa	Golm		MSI:2		tagfinder; manual supervised	946					RM0118068	not found	2026-06-18 20:17:03	first assignment	2026-06-18 20:17:03	splitless
CHEBI:132138	C12H12O12	C123C(OC4(C5(O1)C(C(CO5)O)OC4=O)O)(C(OC2C(CO3)O)=O)O	InChI=1S/C12H12O12/c13-3-1-19-11-5(3)21-7(15)9(11,17)23-10(18)8(16)22-6-4(14)2-20-12(6,10)24-11/h3-6,13-14,17-18H,1-2H2	Dehydroascorbic acid dimer		316:19342 317:5640 378:612 406:664	Dehydroascorbic acid dimer (2MEOX) MP		1840.43	NCBITAXON:http://purl.bioontology.org/ontology/NCBITAXON/4530	Oryza sativa	Golm		MSI:2		tagfinder; manual supervised	998						failed	2026-06-18 20:17:03	not found	2026-06-18 20:17:03	splitless
CHEBI:37654	C4H8O5			Erythronic acid		292:8642 293:2528 294:1272 319:844 320:365 409:474 410:245	Erythronic acid (4TMS)		1528.89	NCBITAXON:http://purl.bioontology.org/ontology/NCBITAXON/4530	Oryza sativa	Golm		MSI:2		tagfinder; manual supervised	998					RM0041611	failed	2026-06-18 20:17:03	first assignment	2026-06-18 20:17:03	splitless
CHEBI:87625	C4H6O4	O[C@@H]1COC(=O)[C@@H]1O	InChI=1S/C4H6O4/c5-2-1-8-4(7)3(2)6/h2-3,5-6H,1H2/t2-,3-/m1/s1	Erythronic acid-1,4-lactone		164:238 177:248 189:448 190:236 219:274 247:327 248:258 262:272	Erythronic acid-1,4-lactone (2TMS)		1428.08	NCBITAXON:http://purl.bioontology.org/ontology/NCBITAXON/4530	Oryza sativa	Golm		MSI:2		tagfinder; manual supervised	864						failed	2026-06-18 20:17:03	not found	2026-06-18 20:17:03	splitless
CHEBI:30852	C6H10O8	O[C@@H]([C@@H](O)[C@H](O)C(O)=O)[C@@H](O)C(O)=O	InChI=1S/C6H10O8/c7-1(3(9)5(11)12)2(8)4(10)6(13)14/h1-4,7-10H,(H,11,12)(H,13,14)/t1-,2+,3+,4-	Galactaric acid		277:1066 278:403 280:203 292:3763 293:1186 294:602 305:1711 306:593 333:8125 334:2467 335:1308 336:345 345:371 423:435 447:472	Galactaric acid (6TMS)		2028.54	NCBITAXON:http://purl.bioontology.org/ontology/NCBITAXON/4530	Oryza sativa	Golm		MSI:2		tagfinder; manual supervised	999					RM0153163	not found	2026-06-18 20:17:03	first assignment	2026-06-18 20:17:03	splitless
CHEBI:24149	C6H12O7			Galactonic acid		294:1036 305:3168 306:1060 307:1069 320:1086 331:619	Galactonic acid (6TMS)		1979.69	NCBITAXON:http://purl.bioontology.org/ontology/NCBITAXON/4530	Oryza sativa	Golm		MSI:2		tagfinder; manual supervised	994					RM0013490	failed	2026-06-18 20:17:03	first assignment	2026-06-18 20:17:03	splitless
CHEBI:24266	C6H12O7			Gluconic acid		224:207 265:350 266:223 269:368 270:244 279:384 280:257 295:324 296:230 308:375 309:300 315:343 322:303 323:249 336:398 337:246 343:290 344:213 345:480 346:287 379:314 380:238 389:262 390:211 394:263 395:228 405:335 406:304 407:302 408:225 424:429 425:340 426:226 434:388 435:608 436:357 437:313	Gluconic acid (6TMS)		1984.06	NCBITAXON:http://purl.bioontology.org/ontology/NCBITAXON/4530	Oryza sativa	Golm		MSI:2		tagfinder; manual supervised	787					RM0155944	not found	2026-06-18 20:17:03	first assignment	2026-06-18 20:17:03	splitless
CHEBI:33508	C3H6O4	OCC(O)C(O)=O	InChI=1S/C3H6O4/c4-1-2(5)3(6)7/h2,4-5H,1H2,(H,6,7)	Glyceric acid		203:667 205:40180 206:8425 207:5382 208:1340 209:645 221:5810 222:1954 223:1352 231:769 263:437 265:1567 279:1459 280:660 292:64944 293:19864 294:9998 295:2486 296:916 307:14402 308:4565 309:2632 310:820	Glyceric acid (3TMS)		1321.13	NCBITAXON:http://purl.bioontology.org/ontology/NCBITAXON/4530	Oryza sativa	Golm		MSI:2		tagfinder; manual supervised	996					RM0135902	not found	2026-06-18 20:17:03	first assignment	2026-06-18 20:17:03	splitless
CHEBI:33511	C5H10O6			Ribonic acid		307:1697 308:484 309:289	Ribonic acid (5TMS)		1749.47	NCBITAXON:http://purl.bioontology.org/ontology/NCBITAXON/4530	Oryza sativa	Golm		MSI:2		tagfinder; manual supervised	999					RM0138937	failed	2026-06-18 20:17:03	first assignment	2026-06-18 20:17:03	splitless
CHEBI:17301	C6H10O8			Saccharic acid		277:3256 293:4280 294:2005 295:431 305:8177 306:2722 333:12789 334:3967 335:1998 405:373 406:317 423:1073 437:314	Saccharic acid (6TMS)		1995.75	NCBITAXON:http://purl.bioontology.org/ontology/NCBITAXON/4530	Oryza sativa	Golm		MSI:2		tagfinder; manual supervised	911					RM0153927	not found	2026-06-18 20:17:03	first assignment	2026-06-18 20:17:03	splitless
CHEBI:26984	C4H8O5	OC[C@@H](O)[C@H](O)C(O)=O	InChI=1S/C4H8O5/c5-1-2(6)3(7)4(8)9/h2-3,5-7H,1H2,(H,8,9)/t2-,3+/m1/s1	Threonic acid		130:15658 143:4239 150:1048 177:3045 178:650 189:4764 205:16698 206:3337 207:2265 208:485 217:15771 218:3218 219:2106 220:16999 221:6658 222:2310 223:744 245:2856 246:727 277:1071 278:475 291:2821 292:22447 293:6607 294:3179 295:725 305:532 319:2349 320:777 321:671	Threonic acid (4TMS)		1546.23	NCBITAXON:http://purl.bioontology.org/ontology/NCBITAXON/4530	Oryza sativa	Golm		MSI:2		tagfinder; manual supervised	979					RM0049431	not found	2026-06-18 20:17:03	first assignment	2026-06-18 20:17:03	splitless
CHEBI:53663	C10H14O5	COc1cc(ccc1O)C(O)C(O)CO	InChI=1S/C10H14O5/c1-15-9-4-6(2-3-7(9)12)10(14)8(13)5-11/h2-4,8,10-14H,5H2,1H3	1,2,3-Propanetriol, 1-(4-hydroxy-3-methoxyphenyl)-		209:516 224:222 267:315 297:3245 298:968 299:804	1,2,3-Propanetriol, 1-(4-hydroxy-3-methoxyphenyl)- (4TMS)		1990.61	NCBITAXON:http://purl.bioontology.org/ontology/NCBITAXON/4530	Oryza sativa	Golm		MSI:2		tagfinder; manual supervised	983						failed	2026-06-18 20:17:03	not found	2026-06-18 20:17:03	splitless
CHEBI:62064	C4H10O2	CC(O)C(C)O	InChI=1S/C4H10O2/c1-3(5)4(2)6/h3-6H,1-2H3	2,3-Dihydroxybutane		91:303 101:1693 113:441 116:1143 118:2660 130:526 131:1794 132:749 134:976 144:506 150:580 219:1187	2,3-Dihydroxybutane (2TMS)		1026.54	NCBITAXON:http://purl.bioontology.org/ontology/NCBITAXON/4530	Oryza sativa	Golm		MSI:2		tagfinder; manual supervised	752						not found	2026-06-18 20:17:03	not found	2026-06-18 20:17:03	splitless
CHEBI:22605	C5H12O5			Arabitol		307:5497 308:1668 310:339 317:858 319:4450 320:1435 332:821 395:349 396:298 407:252	Arabitol (5TMS)		1705.87	NCBITAXON:http://purl.bioontology.org/ontology/NCBITAXON/4530	Oryza sativa	Golm		MSI:2		tagfinder; manual supervised	996					RM0135975	not found	2026-06-18 20:17:03	first assignment	2026-06-18 20:17:03	splitless
CHEBI:17113	C4H10O4	OC[C@H](O)[C@H](O)CO	InChI=1S/C4H10O4/c5-1-3(7)4(8)2-6/h3-8H,1-2H2/t3-,4+	Erythritol		141:714 189:12549 190:2585 191:9110 192:1690 203:1027 204:11228 205:20135 206:4414 207:2298 215:1068 216:387 217:36061 219:3422 220:630 231:1371 277:1355 278:570 279:390 293:2317 294:735 295:467 305:754 307:3693 308:1197 309:670 320:1291 321:501	Erythritol (4TMS)		1491.72	NCBITAXON:http://purl.bioontology.org/ontology/NCBITAXON/4530	Oryza sativa	Golm		MSI:2		tagfinder; manual supervised	998				CHEBI:17113	RM0136218	first assignment	2026-06-18 20:17:03	first assignment	2026-06-18 20:17:03	splitless
CHEBI:17754	C3H8O3	OCC(O)CO	InChI=1S/C3H8O3/c4-1-3(6)2-5/h3-6H,1-2H2	Glycerol		203:6546 205:57573 206:11840	Glycerol (3TMS)		1267.76	NCBITAXON:http://purl.bioontology.org/ontology/NCBITAXON/4530	Oryza sativa	Golm		MSI:2		tagfinder; manual supervised	999				CHEBI:17754	RM0135887	first assignment	2026-06-18 20:17:03	first assignment	2026-06-18 20:17:03	splitless
CHEBI:17594	C6H6O2	Oc1ccc(O)cc1	InChI=1S/C6H6O2/c7-5-1-2-6(8)4-3-5/h1-4,7-8H	Hydroquinone		124:214 150:271 161:249 164:266 182:215 195:361 196:211 209:321 211:384 212:241 224:424 225:281 237:300 238:224 239:3944 240:1185 242:292 254:2275 255:804 256:590	Hydroquinone (2TMS)		1401.07	NCBITAXON:http://purl.bioontology.org/ontology/NCBITAXON/4530	Oryza sativa	Golm		MSI:2		tagfinder; manual supervised	972				CHEBI:17594	RM0162616	first assignment	2026-06-18 20:17:03	first assignment	2026-06-18 20:17:03	splitless
CHEBI:15963	C5H12O5	OC[C@H](O)[C@H](O)[C@H](O)CO	InChI=1S/C5H12O5/c6-1-3(8)5(10)4(9)2-7/h3-10H,1-2H2/t3-,4+,5-	Ribitol		242:852 243:8373 277:6380 278:2685 279:2386 280:673 307:17061 308:7627 309:3089 310:955 317:4625 319:23732 320:10091 321:5962 322:1446 323:400 332:7894 333:3229 334:1418 335:404 395:983	Ribitol (5TMS)		1710.48	NCBITAXON:http://purl.bioontology.org/ontology/NCBITAXON/4530	Oryza sativa	Golm		MSI:2		tagfinder; manual supervised	977				CHEBI:15963	RM0155896	first assignment	2026-06-18 20:17:03	first assignment	2026-06-18 20:17:03	splitless
CHEBI:37600	C6H12O5	O[C@@H]1C[C@@H](O)[C@@H](O)[C@H](O)[C@H]1O	InChI=1S/C6H12O5/c7-2-1-3(8)5(10)6(11)4(2)9/h2-11H,1H2/t2-,3-,4-,5+,6+/m1/s1	Viburnitol		239:2241 255:12532 345:16987 346:5666	Viburnitol (5TMS)		1868.24	NCBITAXON:http://purl.bioontology.org/ontology/NCBITAXON/4530	Oryza sativa	Golm		MSI:2		tagfinder; manual supervised	991					RM0136917	not found	2026-06-18 20:17:03	first assignment	2026-06-18 20:17:03	splitless
CHEBI:17151	C5H12O5	OC[C@H](O)[C@@H](O)[C@H](O)CO	InChI=1S/C5H12O5/c6-1-3(8)5(10)4(9)2-7/h3-10H,1-2H2/t3-,4+,5+	Xylitol		278:200 291:204 308:334 309:213 320:260 321:202	Xylitol (5TMS)		1692	NCBITAXON:http://purl.bioontology.org/ontology/NCBITAXON/4530	Oryza sativa	Golm		MSI:2		tagfinder; manual supervised	959				CHEBI:17151	RM0034160	first assignment	2026-06-18 20:17:03	first assignment	2026-06-18 20:17:03	splitless
unknown				A104001-101_Siloxane		207:21247 208:4524 209:2634 210:457 247:461 279:455 295:2810 296:888 297:543 298:287	Siloxane		1017.47	NCBITAXON:http://purl.bioontology.org/ontology/NCBITAXON/4530	Oryza sativa	Golm		MSI:2		tagfinder; manual supervised	997						failed	2026-06-18 20:17:03	not found	2026-06-18 20:17:03	splitless
unknown				A113001-101_similar to Cyclopentasiloxane, decamethyl		267:1576 268:528 269:390 339:365 355:961 356:430 357:366	similar to Cyclopentasiloxane, decamethyl		1116.77	NCBITAXON:http://purl.bioontology.org/ontology/NCBITAXON/4530	Oryza sativa	Golm		MSI:2		tagfinder; manual supervised	966						failed	2026-06-18 20:17:03	not found	2026-06-18 20:17:03	splitless
unknown				A114002-101_NA114002		160:36650 161:6008 162:15557 163:8312 164:2039 165:630 175:3368 176:1793 188:1796 191:4212 192:1937 205:17049 220:58844 221:11190 222:5203 223:774 235:46266 236:9302 237:4146 238:606	NA114002		1130.02	NCBITAXON:http://purl.bioontology.org/ontology/NCBITAXON/4530	Oryza sativa	Golm		MSI:2		tagfinder; manual supervised	997						failed	2026-06-18 20:17:03	not found	2026-06-18 20:17:03	splitless
unknown				A123002-101_similar to Pentasiloxane, dodecamethyl		251:282 265:378 267:341 281:975 282:439 283:380 284:302 369:370 370:294	similar to Pentasiloxane, dodecamethyl		1206.8	NCBITAXON:http://purl.bioontology.org/ontology/NCBITAXON/4530	Oryza sativa	Golm		MSI:2		tagfinder; manual supervised	881						failed	2026-06-18 20:17:03	not found	2026-06-18 20:17:03	splitless
unknown				A131003-101_similar to Cyclohexasiloxane, dodecamethyl		237:314 267:367 325:568 326:349 341:1128 342:560 343:457 429:537 430:366 431:318	similar to Cyclohexasiloxane, dodecamethyl		1292.81	NCBITAXON:http://purl.bioontology.org/ontology/NCBITAXON/4530	Oryza sativa	Golm		MSI:2		tagfinder; manual supervised	916						failed	2026-06-18 20:17:03	not found	2026-06-18 20:17:03	splitless
unknown				A147007-101_Siloxane		281:733 282:878 283:662 325:337 326:286 327:722 328:583 329:403 341:542 383:278 399:335 415:635 416:313 503:361	Siloxane		1455.94	NCBITAXON:http://purl.bioontology.org/ontology/NCBITAXON/4530	Oryza sativa	Golm		MSI:2		tagfinder; manual supervised	817						failed	2026-06-18 20:17:03	not found	2026-06-18 20:17:03	splitless
unknown				A168009-101_Siloxane		281:402 282:309 295:362 296:316 297:268 327:307 341:304 369:342	Siloxane		1680.91	NCBITAXON:http://purl.bioontology.org/ontology/NCBITAXON/4530	Oryza sativa	Golm		MSI:2		tagfinder; manual supervised	874						failed	2026-06-18 20:17:03	not found	2026-06-18 20:17:03	splitless
unknown				A183010-101_Siloxane		281:476 282:260 295:513 296:254	Siloxane		1824.1	NCBITAXON:http://purl.bioontology.org/ontology/NCBITAXON/4530	Oryza sativa	Golm		MSI:2		tagfinder; manual supervised	976						failed	2026-06-18 20:17:03	not found	2026-06-18 20:17:03	splitless
unknown				A197008-101_Siloxane		282:251 296:275 341:246	Siloxane		1967.24	NCBITAXON:http://purl.bioontology.org/ontology/NCBITAXON/4530	Oryza sativa	Golm		MSI:2		tagfinder; manual supervised	937						failed	2026-06-18 20:17:03	not found	2026-06-18 20:17:03	splitless
unknown				A211012-101_Siloxane		267:222 341:267 370:214	Siloxane		2108.25	NCBITAXON:http://purl.bioontology.org/ontology/NCBITAXON/4530	Oryza sativa	Golm		MSI:2		tagfinder; manual supervised	973						failed	2026-06-18 20:17:03	not found	2026-06-18 20:17:03	splitless
unknown				A219007-101_Siloxane		221:650 222:643 281:1145 341:622 355:904 356:621 429:1064 430:592	Siloxane		2182.93	NCBITAXON:http://purl.bioontology.org/ontology/NCBITAXON/4530	Oryza sativa	Golm		MSI:2		tagfinder; manual supervised	915						failed	2026-06-18 20:17:03	not found	2026-06-18 20:17:03	splitless
unknown				A233004-101_Siloxane		221:2443 222:712 223:480 267:591 281:1803 282:721 283:453 295:547 341:598 356:699 429:975 430:499 503:636	Siloxane		2323.17	NCBITAXON:http://purl.bioontology.org/ontology/NCBITAXON/4530	Oryza sativa	Golm		MSI:2		tagfinder; manual supervised	984						failed	2026-06-18 20:17:03	not found	2026-06-18 20:17:03	splitless
unknown				A247006-101_Siloxane		221:859 222:1162 223:762 281:2683 282:952 283:603 295:958 327:475 341:804 355:2456 356:987 357:712 429:986 503:477	Siloxane		2458.83	NCBITAXON:http://purl.bioontology.org/ontology/NCBITAXON/4530	Oryza sativa	Golm		MSI:2		tagfinder; manual supervised	878						failed	2026-06-18 20:17:03	not found	2026-06-18 20:17:03	splitless
unknown				A253006-101_Siloxane		281:638 295:818 296:239 369:540	Siloxane		2531.75	NCBITAXON:http://purl.bioontology.org/ontology/NCBITAXON/4530	Oryza sativa	Golm		MSI:2		tagfinder; manual supervised	987						failed	2026-06-18 20:17:03	not found	2026-06-18 20:17:03	splitless
unknown				A271010-101_Siloxane		281:2237 282:1649 283:452 295:1950 296:747 341:1679 355:1039 356:1858 357:1196 429:2361 430:1448 431:551 503:628	Siloxane		2704.94	NCBITAXON:http://purl.bioontology.org/ontology/NCBITAXON/4530	Oryza sativa	Golm		MSI:2		tagfinder; manual supervised	863						failed	2026-06-18 20:17:03	not found	2026-06-18 20:17:03	splitless
unknown				A278009-101_Siloxane		222:570 296:282 355:222 369:595 370:222	Siloxane		2764.62	NCBITAXON:http://purl.bioontology.org/ontology/NCBITAXON/4530	Oryza sativa	Golm		MSI:2		tagfinder; manual supervised	991						failed	2026-06-18 20:17:03	not found	2026-06-18 20:17:03	splitless
unknown				A291007-101_Siloxane		267:229 295:520 296:281 297:472 369:331 370:221	Siloxane		2889.68	NCBITAXON:http://purl.bioontology.org/ontology/NCBITAXON/4530	Oryza sativa	Golm		MSI:2		tagfinder; manual supervised	850						failed	2026-06-18 20:17:03	not found	2026-06-18 20:17:03	splitless
unknown				A295011-101_Siloxane		222:309 223:444 281:2045 282:734 295:928 341:675 355:489 356:808 357:521 429:1204 430:549	Siloxane		2944.32	NCBITAXON:http://purl.bioontology.org/ontology/NCBITAXON/4530	Oryza sativa	Golm		MSI:2		tagfinder; manual supervised	889						failed	2026-06-18 20:17:03	not found	2026-06-18 20:17:03	splitless
CHEBI:46807	C4H10O3	OCCOCCO	InChI=1S/C4H10O3/c5-1-3-7-4-2-6/h5-6H,1-4H2	Diethylenglycol		76:9547 85:2523 88:42057 91:1117 99:2510 101:109156 102:14969 103:137626 104:13246 105:7638 106:668 115:9844 116:199087 118:54182 119:28043 120:2093 131:8032 132:1416 145:18785 146:2240 150:906	Diethylenglycol (2TMS)		1235.38	NCBITAXON:http://purl.bioontology.org/ontology/NCBITAXON/4530	Oryza sativa	Golm		MSI:2		tagfinder; manual supervised	993						failed	2026-06-18 20:17:03	not found	2026-06-18 20:17:03	splitless
CHEBI:43355	C8H7NO4S	OS(=O)(=O)Oc1c[nH]c2ccccc12	InChI=1S/C8H7NO4S/c10-14(11,12)13-8-5-9-7-4-2-1-3-6(7)8/h1-5,9H,(H,10,11,12)	3-Indoxyl sulfate		182:507 196:298 224:2423 225:494 226:366 238:371	3-Indoxyl sulfate (TMS)		1368.95	NCBITAXON:http://purl.bioontology.org/ontology/NCBITAXON/4530	Oryza sativa	Golm		MSI:2		tagfinder; manual supervised	991					RM0135976	failed	2026-06-18 20:17:03	first assignment	2026-06-18 20:17:03	splitless
CHEBI:18305	C12H16O7	OC[C@H]1O[C@@H](Oc2ccc(O)cc2)[C@H](O)[C@@H](O)[C@@H]1O	InChI=1S/C12H16O7/c13-5-8-9(15)10(16)11(17)12(19-8)18-7-3-1-6(14)2-4-7/h1-4,8-17H,5H2/t8-,9-,10+,11-,12-/m1/s1	4-Hydroxyphenyl-beta-glucopyranoside		254:15246 255:3959 256:1718	4-Hydroxyphenyl-beta-glucopyranoside (5TMS)		2574.3	NCBITAXON:http://purl.bioontology.org/ontology/NCBITAXON/4530	Oryza sativa	Golm		MSI:2		tagfinder; manual supervised	999						failed	2026-06-18 20:17:03	not found	2026-06-18 20:17:03	splitless
CHEBI:79317	C10H17NO9S2	[C@H]1(O[C@@H]([C@@H](O)[C@@H]([C@H]1O)O)CO)S/C(=NOS(O)(=O)=O)/CC=C	InChI=1S/C10H17NO9S2/c1-2-3-6(11-20-22(16,17)18)21-10-9(15)8(14)7(13)5(4-12)19-10/h2,5,7-10,12-15H,1,3-4H2,(H,16,17,18)/b11-6-/t5-,7-,8+,9-,10+/m1/s1	Sinigrin		169:807 271:348 361:757 362:273	Sinigrin (TMS)		2276.8	NCBITAXON:http://purl.bioontology.org/ontology/NCBITAXON/4530	Oryza sativa	Golm		MSI:2		tagfinder; manual supervised	987				CHEBI:79317	RM0136677	first assignment	2026-06-18 20:17:03	first assignment	2026-06-18 20:17:03	splitless
CHEBI:16016	C3H6O3	C(CO)(CO)=O	InChI=1S/C3H6O3/c4-1-3(6)2-5/h4-5H,1-2H2	1,3-Dihydroxyaceton		164:295 173:592 248:370	1,3-Dihydroxyaceton (1MEOX) (2TMS) MP		1241.63	NCBITAXON:http://purl.bioontology.org/ontology/NCBITAXON/4530	Oryza sativa	Golm		MSI:2		tagfinder; manual supervised	962						not found	2026-06-18 20:17:03	not found	2026-06-18 20:17:03	splitless
CHEBI:22599	C5H10O5			Arabinose		103:52140 104:5166 160:3683 163:1000 217:21279 218:4557 233:1374	Arabinose (1MEOX) (4TMS) MP		1650.31	NCBITAXON:http://purl.bioontology.org/ontology/NCBITAXON/4530	Oryza sativa	Golm		MSI:2		tagfinder; manual supervised	992				CHEBI:22599	RM0136634	first assignment	2026-06-18 20:17:03	first assignment	2026-06-18 20:17:03	splitless
CHEBI:33946	C4H8O4			Erythrose		90:232 118:387 163:315 186:212 216:216 233:240 262:224	Erythrose (1MEOX) (3TMS) MP		1440.43	NCBITAXON:http://purl.bioontology.org/ontology/NCBITAXON/4530	Oryza sativa	Golm		MSI:2		tagfinder; manual supervised	944					RM0171550	not found	2026-06-18 20:17:03	first assignment	2026-06-18 20:17:03	splitless
CHEBI:28066	C12H22O11	OC[C@H]1O[C@@H](OC[C@H]2OC(O)[C@H](O)[C@@H](O)[C@@H]2O)[C@H](O)[C@@H](O)[C@@H]1O	InChI=1S/C12H22O11/c13-1-3-5(14)8(17)10(19)12(23-3)21-2-4-6(15)7(16)9(18)11(20)22-4/h3-20H,1-2H2/t3-,4-,5-,6-,7+,8+,9-,10-,11?,12-/m1/s1	Gentiobiose		186:413 204:36174 206:3515 216:898 262:474 276:458 300:615 301:281 302:255 390:737 391:365 392:271 480:818 481:476 482:318 483:207	Gentiobiose (1MEOX) (8TMS) MP		2785.57	NCBITAXON:http://purl.bioontology.org/ontology/NCBITAXON/4530	Oryza sativa	Golm		MSI:2		tagfinder; manual supervised	999				CHEBI:28066	RM0155875	first assignment	2026-06-18 20:17:03	first assignment	2026-06-18 20:17:03	splitless
CHEBI:30997	C6H10O5	O[C@@H]1[C@H]2CO[C@H](O2)[C@H](O)[C@H]1O	InChI=1S/C6H10O5/c7-3-2-1-10-6(11-2)5(9)4(3)8/h2-9H,1H2/t2-,3-,4+,5-,6-/m1/s1	Glucose, 1,6-anhydro-, beta-		192:300 204:5661 217:3885 218:820 244:204 260:199 317:193 333:631 334:292 335:212	Glucose, 1,6-anhydro-, beta- (3TMS)		1700.5	NCBITAXON:http://purl.bioontology.org/ontology/NCBITAXON/4530	Oryza sativa	Golm		MSI:2		tagfinder; manual supervised	992						failed	2026-06-18 20:17:03	not found	2026-06-18 20:17:03	splitless
CHEBI:16885	C18H32O16	OC[C@H]1O[C@H](O[C@]2(CO[C@]3(CO)O[C@H](CO)[C@@H](O)[C@@H]3O)O[C@H](CO)[C@@H](O)[C@@H]2O)[C@H](O)[C@@H](O)[C@@H]1O	InChI=1S/C18H32O16/c19-1-6-9(23)12(26)13(27)16(31-6)34-18(15(29)11(25)8(3-21)33-18)5-30-17(4-22)14(28)10(24)7(2-20)32-17/h6-16,19-29H,1-5H2/t6-,7-,8-,9-,10-,11-,12+,13-,14+,15+,16-,17-,18+/m1/s1	1-kestose		118:1505 128:898 129:45544 130:6884 131:7256 139:1556 140:1023 141:2309 142:3576 143:8304 145:2976 146:736 150:1114 153:1759 155:6304 156:1599 157:8383 158:1527 159:1498 161:1120 163:1607 164:450 167:1228 168:467 170:5384 171:3532 172:749 173:2529 174:700 176:368 178:556 181:1241 182:799 183:3482 184:915 185:1675 186:499 190:1840 191:12573 197:652 199:2062 202:747 203:2811 211:445 213:377 216:1313 228:510 229:3283 231:5234 235:590 239:541 241:1141 242:658 244:3456 245:3521 247:1391 255:1058 256:593 257:4608 258:1520 261:639 265:543 275:909 277:522 287:748 288:641 290:461 291:1552 292:760 293:808 303:645 304:518 307:749 317:892 318:640 331:2438 332:1231 345:924 349:616	Kestose, 1- (11TMS)		3353.34	NCBITAXON:http://purl.bioontology.org/ontology/NCBITAXON/4530	Oryza sativa	Golm		MSI:2		tagfinder; manual supervised	998					RM0157389	not found	2026-06-18 20:17:03	first assignment	2026-06-18 20:17:03	splitless
CHEBI:17306	C12H22O11	OC[C@H]1O[C@H](O[C@@H]2[C@@H](CO)OC(O)[C@H](O)[C@H]2O)[C@H](O)[C@@H](O)[C@@H]1O	InChI=1S/C12H22O11/c13-1-3-5(15)6(16)9(19)12(22-3)23-10-4(2-14)21-11(20)8(18)7(10)17/h3-20H,1-2H2/t3-,4-,5-,6+,7-,8-,9-,10-,11?,12-/m1/s1	Maltose		117:9821 118:1076 161:972 189:3071	Maltose (1MEOX) (8TMS) MP		2718.52	NCBITAXON:http://purl.bioontology.org/ontology/NCBITAXON/4530	Oryza sativa	Golm		MSI:2		tagfinder; manual supervised	999				CHEBI:17306	RM0139031	first assignment	2026-06-18 20:17:03	first assignment	2026-06-18 20:17:03	splitless
CHEBI:33951	C6H12O6			Psicose		277:1023 308:1371 309:976 364:829 365:324	Psicose (1MEOX) (5TMS) BP		1837.27	NCBITAXON:http://purl.bioontology.org/ontology/NCBITAXON/4530	Oryza sativa	Golm		MSI:2		tagfinder; manual supervised	982					RM0049926	not found	2026-06-18 20:17:03	first assignment	2026-06-18 20:17:03	splitless
CHEBI:16634	C18H32O16	OC[C@H]1O[C@H](OC[C@H]2O[C@H](O[C@]3(CO)O[C@H](CO)[C@@H](O)[C@@H]3O)[C@H](O)[C@@H](O)[C@@H]2O)[C@H](O)[C@@H](O)[C@H]1O	InChI=1S/C18H32O16/c19-1-5-8(22)11(25)13(27)16(31-5)30-3-7-9(23)12(26)14(28)17(32-7)34-18(4-21)15(29)10(24)6(2-20)33-18/h5-17,19-29H,1-4H2/t5-,6-,7-,8+,9-,10-,11+,12+,13-,14-,15+,16+,17-,18+/m1/s1	Raffinose		103:44461 118:1221 128:595 129:49884 130:6517 131:6961 139:1263 140:516 141:1860 142:1866 143:7115 145:2172 146:479 150:870 151:791 153:1417 155:6951 156:1348 157:7673 158:1214 159:1163 161:1476 162:384 163:1292 164:361 167:728 168:339 169:31958 170:4886 171:3777 172:618 173:1355 174:429 176:327 178:408 181:824 190:1929 191:13016 197:419 199:1645 202:499 203:3216 204:41266 205:12212 206:4331 216:738 217:52942 218:12651 219:5823 222:608 228:439 229:2749 230:3720 231:3548 232:1224 241:864 242:507 244:3479 245:3599 247:1007 257:3272 258:982 260:579 261:410 263:379 265:552 271:12532 277:411 278:360 291:1750 292:684 293:687 304:610 307:653 308:321 317:1261 318:721 331:2015 332:977 345:655 393:216	Raffinose (11TMS)		3345.88	NCBITAXON:http://purl.bioontology.org/ontology/NCBITAXON/4530	Oryza sativa	Golm		MSI:2		tagfinder; manual supervised	992				CHEBI:16634	RM0155913	first assignment	2026-06-18 20:17:03	first assignment	2026-06-18 20:17:03	splitless
CHEBI:26546	C6H14O6			Rhamnose		277:2669 279:562 321:994	Rhamnose (1MEOX) (4TMS) MP		1705.65	NCBITAXON:http://purl.bioontology.org/ontology/NCBITAXON/4530	Oryza sativa	Golm		MSI:2		tagfinder; manual supervised	992					RM0155892	not found	2026-06-18 20:17:03	first assignment	2026-06-18 20:17:03	splitless
CHEBI:33942	C5H10O5			Ribose		277:1146 307:4352 308:1286 309:697 310:298	Ribose (1MEOX) (4TMS) MP		1668.15	NCBITAXON:http://purl.bioontology.org/ontology/NCBITAXON/4530	Oryza sativa	Golm		MSI:2		tagfinder; manual supervised	999				CHEBI:33942	RM0006551	first assignment	2026-06-18 20:17:03	first assignment	2026-06-18 20:17:03	splitless
CHEBI:28721	C5H10O5			Ribulose		170:1858 173:12443 175:1893 177:1120 183:478 198:853 200:1135 201:1809 205:15293 206:3775 215:6795 241:1346 263:6084 264:1571 265:874 266:284 337:193 364:732 365:375 453:195	Ribulose (1MEOX) (4TMS) MP		1666.94	NCBITAXON:http://purl.bioontology.org/ontology/NCBITAXON/4530	Oryza sativa	Golm		MSI:2		tagfinder; manual supervised	946				CHEBI:28721	RM0155939	first assignment	2026-06-18 20:17:03	first assignment	2026-06-18 20:17:03	splitless
CHEBI:16551	C12H22O11	OC[C@H]1O[C@H](O[C@H]2O[C@H](CO)[C@@H](O)[C@H](O)[C@H]2O)[C@H](O)[C@@H](O)[C@@H]1O	InChI=1S/C12H22O11/c13-1-3-5(15)7(17)9(19)11(21-3)23-12-10(20)8(18)6(16)4(2-14)22-12/h3-20H,1-2H2/t3-,4-,5-,6-,7+,8+,9-,10-,11-,12-/m1/s1	alpha,alpha'-trehalose		171:2295 204:12558 218:6592 243:10085 244:2626 271:9167 273:1498	Trehalose, alpha,alpha'- (8TMS)		2723	NCBITAXON:http://purl.bioontology.org/ontology/NCBITAXON/4530	Oryza sativa	Golm		MSI:2		tagfinder; manual supervised	994						not found	2026-06-18 20:17:03	not found	2026-06-18 20:17:03	splitless
CHEBI:18222	C5H10O5			Xylose		217:7262 234:494 277:636 278:321 307:2207 308:709 309:424	Xylose (1MEOX) (4TMS) MP		1643.01	NCBITAXON:http://purl.bioontology.org/ontology/NCBITAXON/4530	Oryza sativa	Golm		MSI:2		tagfinder; manual supervised	993				CHEBI:18222	RM0155911	first assignment	2026-06-18 20:17:03	first assignment	2026-06-18 20:17:03	splitless
CHEBI:6650	C4H6O5	OC(CC(O)=O)C(O)=O	InChI=1S/C4H6O5/c5-2(4(8)9)1-3(6)7/h2,5H,1H2,(H,6,7)(H,8,9)	Malic acid		82:1162 85:10035 86:2498 97:1257 98:1149 99:12440 102:16513 111:701 113:3016 116:19672 117:80836 118:9713 119:14804 120:1916 127:1436 129:15206 130:2002 131:49422 132:8977 133:156951 134:22620 135:15889 136:1688 137:785 143:28403 144:4824 145:5641 146:1960 150:7785 157:2642 159:3089 187:680 249:986	Malic acid (3TMS)		1480.93	NCBITAXON:http://purl.bioontology.org/ontology/NCBITAXON/4530	Oryza sativa	Golm		MSI:2		tagfinder; manual supervised	994					RM0135894	not found	2026-06-18 20:17:03	first assignment	2026-06-18 20:17:03	splitless
CHEBI:32816	C3H4O3	CC(=O)C(O)=O	InChI=1S/C3H4O3/c1-2(4)3(5)6/h1H3,(H,5,6)	Pyruvic acid		130:110594 132:4409 144:2190 174:98304 175:13319 176:4420 189:16147	Pyruvic acid (1MEOX) (1TMS)		1043.33	NCBITAXON:http://purl.bioontology.org/ontology/NCBITAXON/4530	Oryza sativa	Golm		MSI:2		tagfinder; manual supervised	672					RM0134967	not found	2026-06-18 20:17:03	first assignment	2026-06-18 20:17:03	splitless
CHEBI:16449	C3H7NO2	CC(N)C(O)=O	InChI=1S/C3H7NO2/c1-2(4)3(5)6/h2H,4H2,1H3,(H,5,6)	Alanine		160:1629 161:384 162:246 190:618 233:195 234:252 262:445 263:215	Alanine [+CO2] (2TMS)		1396.06	NCBITAXON:http://purl.bioontology.org/ontology/NCBITAXON/4530	Oryza sativa	Golm		MSI:2		tagfinder; manual supervised	973				CHEBI:16449	RM0135898	first assignment	2026-06-18 20:17:03	first assignment	2026-06-18 20:17:03	splitless
CHEBI:22653	C4H8N2O3	NC(CC(N)=O)C(O)=O	InChI=1S/C4H8N2O3/c5-2(4(8)9)1-3(6)7/h2H,1,5H2,(H2,6,7)(H,8,9)	Asparagine		233:2910 234:1540 235:506 244:1388 306:675 307:387 334:571 349:706 350:382	Asparagine (3TMS)		1540.39	NCBITAXON:http://purl.bioontology.org/ontology/NCBITAXON/4530	Oryza sativa	Golm		MSI:2		tagfinder; manual supervised	982				CHEBI:22653	RM0135724	first assignment	2026-06-18 20:17:03	first assignment	2026-06-18 20:17:03	splitless
CHEBI:22653	C4H8N2O3	NC(CC(N)=O)C(O)=O	InChI=1S/C4H8N2O3/c5-2(4(8)9)1-3(6)7/h2H,1,5H2,(H2,6,7)(H,8,9)	Asparagine		123:482 127:544 132:2072 141:1723 145:1032 146:1104 150:373 152:199 187:649 190:765 202:1386 215:808 276:710	Asparagine (2TMS)		1603.28	NCBITAXON:http://purl.bioontology.org/ontology/NCBITAXON/4530	Oryza sativa	Golm		MSI:2		tagfinder; manual supervised	961				CHEBI:22653	RM0135724	first assignment	2026-06-18 20:17:03	first assignment	2026-06-18 20:17:03	splitless
CHEBI:22653	C4H8N2O3	NC(CC(N)=O)C(O)=O	InChI=1S/C4H8N2O3/c5-2(4(8)9)1-3(6)7/h2H,1,5H2,(H2,6,7)(H,8,9)	Asparagine		188:1342 192:218 202:250 206:428 214:550 215:644 216:1376 278:243 304:183 305:358 405:185 419:208 420:282	Asparagine (4TMS) MP		1595.27	NCBITAXON:http://purl.bioontology.org/ontology/NCBITAXON/4530	Oryza sativa	Golm		MSI:2		tagfinder; manual supervised	980				CHEBI:22653	RM0135724	first assignment	2026-06-18 20:17:03	first assignment	2026-06-18 20:17:03	splitless
CHEBI:22660	C4H7NO4	NC(CC(O)=O)C(O)=O	InChI=1S/C4H7NO4/c5-2(4(8)9)1-3(6)7/h2H,1,5H2,(H,6,7)(H,8,9)	Aspartic acid		290:421 292:4451 293:1568 294:874 307:2549 308:1482 309:494 316:518 334:3480 335:1219 336:708 349:1936 350:764 351:462	Aspartic acid (3TMS)		1511.54	NCBITAXON:http://purl.bioontology.org/ontology/NCBITAXON/4530	Oryza sativa	Golm		MSI:2		tagfinder; manual supervised	969					RM0135905	not found	2026-06-18 20:17:03	first assignment	2026-06-18 20:17:03	splitless
CHEBI:18237	C5H9NO4	NC(CCC(O)=O)C(O)=O	InChI=1S/C5H9NO4/c6-3(5(9)10)1-2-4(7)8/h3H,1-2,6H2,(H,7,8)(H,9,10)	Glutamic acid		159:6879 160:3183 201:3405 248:3552 249:813 276:6640	Glutamic acid (2TMS)		1528.72	NCBITAXON:http://purl.bioontology.org/ontology/NCBITAXON/4530	Oryza sativa	Golm		MSI:2		tagfinder; manual supervised	974					RM0135893	not found	2026-06-18 20:17:03	first assignment	2026-06-18 20:17:03	splitless
CHEBI:28300	C5H10N2O3	NC(CCC(N)=O)C(O)=O	InChI=1S/C5H10N2O3/c6-3(5(9)10)1-2-4(7)8/h3H,1-2,6H2,(H2,7,8)(H,9,10)	Glutamine		87:385 88:237 96:246 113:425 117:723 118:237 119:254 126:236 128:1044 146:195 150:222 153:264 155:16141 167:288 174:225 211:277 213:296 229:1579 230:622 258:210	Glutamine [-H2O] (2TMS) BP		1471.92	NCBITAXON:http://purl.bioontology.org/ontology/NCBITAXON/4530	Oryza sativa	Golm		MSI:2		tagfinder; manual supervised	995				CHEBI:28300	RM0012560	first assignment	2026-06-18 20:17:03	first assignment	2026-06-18 20:17:03	splitless
CHEBI:28300	C5H10N2O3	NC(CCC(N)=O)C(O)=O	InChI=1S/C5H10N2O3/c6-3(5(9)10)1-2-4(7)8/h3H,1-2,6H2,(H2,7,8)(H,9,10)	Glutamine		141:384 153:1225 172:1085 182:816 183:259 197:335 202:466 206:491 211:671 212:927 225:304 226:335 229:498 285:421 308:382	Glutamine [-H2O] (3TMS) MP		1587.84	NCBITAXON:http://purl.bioontology.org/ontology/NCBITAXON/4530	Oryza sativa	Golm		MSI:2		tagfinder; manual supervised	813				CHEBI:28300	RM0012560	first assignment	2026-06-18 20:17:03	first assignment	2026-06-18 20:17:03	splitless
CHEBI:28300	C5H10N2O3	NC(CCC(N)=O)C(O)=O	InChI=1S/C5H10N2O3/c6-3(5(9)10)1-2-4(7)8/h3H,1-2,6H2,(H2,7,8)(H,9,10)	Glutamine		255:244 344:250 345:200 419:196	Glutamine (4TMS)		1721.64	NCBITAXON:http://purl.bioontology.org/ontology/NCBITAXON/4530	Oryza sativa	Golm		MSI:2		tagfinder; manual supervised	878				CHEBI:28300	RM0012560	first assignment	2026-06-18 20:17:03	first assignment	2026-06-18 20:17:03	splitless
CHEBI:15428	C2H5NO2	NCC(O)=O	InChI=1S/C2H5NO2/c3-1-2(4)5/h1,3H2,(H,4,5)	Glycine		246:2941 248:38109 249:11840 250:5749 251:1253 252:452 276:10915 277:3020 278:1574 279:462	Glycine (3TMS)		1304.43	NCBITAXON:http://purl.bioontology.org/ontology/NCBITAXON/4530	Oryza sativa	Golm		MSI:2		tagfinder; manual supervised	998				CHEBI:15428	RM0135888	first assignment	2026-06-18 20:17:03	first assignment	2026-06-18 20:17:03	splitless
CHEBI:25017	C6H13NO2	CC(C)CC(N)C(O)=O	InChI=1S/C6H13NO2/c1-4(2)3-5(7)6(8)9/h4-5H,3,7H2,1-2H3,(H,8,9)	Leucine		146:719 170:643 188:672	Leucine (1TMS)		1150.74	NCBITAXON:http://purl.bioontology.org/ontology/NCBITAXON/4530	Oryza sativa	Golm		MSI:2		tagfinder; manual supervised	991				CHEBI:25017	RM0136379	first assignment	2026-06-18 20:17:03	first assignment	2026-06-18 20:17:03	splitless
CHEBI:26271	C5H9NO2	OC(=O)C1CCCN1	InChI=1S/C5H9NO2/c7-5(8)4-2-1-3-6-4/h4,6H,1-3H2,(H,7,8)	Proline		104:1130 126:573 145:847 154:446 157:484 159:419 173:1500 187:1015	Proline (1TMS)		1174.89	NCBITAXON:http://purl.bioontology.org/ontology/NCBITAXON/4530	Oryza sativa	Golm		MSI:2		tagfinder; manual supervised	875				CHEBI:26271	RM0135899	first assignment	2026-06-18 20:17:03	first assignment	2026-06-18 20:17:03	splitless
CHEBI:26271	C5H9NO2	OC(=O)C1CCCN1	InChI=1S/C5H9NO2/c7-5(8)4-2-1-3-6-4/h4,6H,1-3H2,(H,7,8)	Proline		137:587 187:3554 188:1563 216:5969 260:429 288:2634 289:991	Proline [+CO2] (2TMS)		1583.85	NCBITAXON:http://purl.bioontology.org/ontology/NCBITAXON/4530	Oryza sativa	Golm		MSI:2		tagfinder; manual supervised	991				CHEBI:26271	RM0135899	first assignment	2026-06-18 20:17:03	first assignment	2026-06-18 20:17:03	splitless
CHEBI:26271	C5H9NO2	OC(=O)C1CCCN1	InChI=1S/C5H9NO2/c7-5(8)4-2-1-3-6-4/h4,6H,1-3H2,(H,7,8)	Proline		172:1214 175:2271 176:704 198:349 216:14543 230:951 242:592 244:3369 245:973 246:457 257:376 258:385 259:957 260:358	Proline (2TMS)		1298.49	NCBITAXON:http://purl.bioontology.org/ontology/NCBITAXON/4530	Oryza sativa	Golm		MSI:2		tagfinder; manual supervised	985				CHEBI:26271	RM0135899	first assignment	2026-06-18 20:17:03	first assignment	2026-06-18 20:17:03	splitless
CHEBI:16010	C5H7NO3	OC(=O)C1CCC(=O)N1	InChI=1S/C5H7NO3/c7-4-2-1-3(6-4)5(8)9/h3H,1-2H2,(H,6,7)(H,8,9)	Pyroglutamic acid		230:44979 258:36802 259:8218	Pyroglutamic acid (2TMS)		1535.95	NCBITAXON:http://purl.bioontology.org/ontology/NCBITAXON/4530	Oryza sativa	Golm		MSI:2		tagfinder; manual supervised	995					RM0135924	not found	2026-06-18 20:17:03	first assignment	2026-06-18 20:17:03	splitless
CHEBI:18237	C5H9NO4	NC(CCC(O)=O)C(O)=O	InChI=1S/C5H9NO4/c6-3(5(9)10)1-2-4(7)8/h3H,1-2,6H2,(H,7,8)(H,9,10)	Glutamic acid		230:44979 258:36802 259:8218	Pyroglutamic acid (2TMS)		1535.95	NCBITAXON:http://purl.bioontology.org/ontology/NCBITAXON/4530	Oryza sativa	Golm		MSI:2		tagfinder; manual supervised	995					RM0135893	not found	2026-06-18 20:17:03	first assignment	2026-06-18 20:17:03	splitless
CHEBI:28300	C5H10N2O3	NC(CCC(N)=O)C(O)=O	InChI=1S/C5H10N2O3/c6-3(5(9)10)1-2-4(7)8/h3H,1-2,6H2,(H2,7,8)(H,9,10)	Glutamine		230:44979 258:36802 259:8218	Pyroglutamic acid (2TMS)		1535.95	NCBITAXON:http://purl.bioontology.org/ontology/NCBITAXON/4530	Oryza sativa	Golm		MSI:2		tagfinder; manual supervised	995				CHEBI:28300	RM0012560	first assignment	2026-06-18 20:17:03	first assignment	2026-06-18 20:17:03	splitless
CHEBI:17822	C3H7NO3	NC(CO)C(O)=O	InChI=1S/C3H7NO3/c4-2(1-5)3(6)7/h2,5H,1,4H2,(H,6,7)	Serine		82:198 117:5341 133:4251 134:1444 150:260 158:228 188:847	Serine (2TMS)		1253.06	NCBITAXON:http://purl.bioontology.org/ontology/NCBITAXON/4530	Oryza sativa	Golm		MSI:2		tagfinder; manual supervised	989				CHEBI:17822	RM0032433	first assignment	2026-06-18 20:17:03	first assignment	2026-06-18 20:17:03	splitless
CHEBI:143534	C3H3D4NO2	C(C(C([2H])([2H])[2H])(N([H])[H])[2H])(=O)O[H]	InChI=1S/C3H7NO2/c1-2(4)3(5)6/h2H,4H2,1H3,(H,5,6)/i1D3,2D	Alanine, 2,3,3,3-d4-		150:293 164:2899 165:489 166:286 176:202 194:918 195:305 196:216 237:217 238:300 239:193 266:633 267:268	Alanine, 2,3,3,3-d4- [+CO2] (2TMS)		1393.45	NCBITAXON:http://purl.bioontology.org/ontology/NCBITAXON/4530	Oryza sativa	Golm		MSI:2		tagfinder; manual supervised	986						not found	2026-06-18 20:17:03	not found	2026-06-18 20:17:03	splitless
CHEBI:143534	C3H3D4NO2	C(C(C([2H])([2H])[2H])(N([H])[H])[2H])(=O)O[H]	InChI=1S/C3H7NO2/c1-2(4)3(5)6/h2H,4H2,1H3,(H,5,6)/i1D3,2D	Alanine, 2,3,3,3-d4-		161:406 177:416 178:485 194:21829 195:5455 196:2216 197:446 221:522 222:5554 223:1097 224:538 237:306	Alanine, 2,3,3,3-d4- (2TMS)		1086.9	NCBITAXON:http://purl.bioontology.org/ontology/NCBITAXON/4530	Oryza sativa	Golm		MSI:2		tagfinder; manual supervised	995						not found	2026-06-18 20:17:03	not found	2026-06-18 20:17:03	splitless
CHEBI:16000	C2H7NO	NCCO	InChI=1S/C2H7NO/c3-1-2-4/h4H,1-3H2	Ethanolamine		86:155428 87:18256 100:153728 114:17752 121:313 130:24037 158:3725	Ethanolamine (3TMS)		1259.94	NCBITAXON:http://purl.bioontology.org/ontology/NCBITAXON/4530	Oryza sativa	Golm		MSI:2		tagfinder; manual supervised	999				CHEBI:16000	RM0040238	first assignment	2026-06-18 20:17:03	first assignment	2026-06-18 20:17:03	splitless
CHEBI:14314	C6H13O9P			Glucose-6-phosphate		299:2111 300:684 301:430 315:1094 316:405 317:292 357:799 358:338 359:236 387:2482 388:981 389:674 390:287	Glucose-6-phosphate (1MEOX) (6TMS) BP		2327.65	NCBITAXON:http://purl.bioontology.org/ontology/NCBITAXON/4530	Oryza sativa	Golm		MSI:2		tagfinder; manual supervised	993					RM0136106	not found	2026-06-18 20:17:03	first assignment	2026-06-18 20:17:03	splitless
CHEBI:14314	C6H13O9P			Glucose-6-phosphate		135:229 189:321 205:367 211:352	Glucose-6-phosphate (6TMS)		2371.53	NCBITAXON:http://purl.bioontology.org/ontology/NCBITAXON/4530	Oryza sativa	Golm		MSI:2		tagfinder; manual supervised	928					RM0136106	not found	2026-06-18 20:17:03	first assignment	2026-06-18 20:17:03	splitless
CHEBI:18297	C6H13O9P	O[C@H]1[C@H](O)[C@@H](O)[C@H](OP(O)(O)=O)[C@H](O)[C@@H]1O	InChI=1S/C6H13O9P/c7-1-2(8)4(10)6(5(11)3(1)9)15-16(12,13)14/h1-11H,(H2,12,13,14)/t1-,2-,3+,4-,5-,6-/m1/s1	myo-Inositol-1-phosphate		299:378 315:329 388:290 389:246	Inositol-1-phosphate, myo- (7TMS)		2518.69	NCBITAXON:http://purl.bioontology.org/ontology/NCBITAXON/4530	Oryza sativa	Golm		MSI:2		tagfinder; manual supervised	910					RM0136305	not found	2026-06-18 20:17:03	first assignment	2026-06-18 20:17:03	splitless
CHEBI:26078	H3O4P	[H]OP(=O)(O[H])O[H]	InChI=1S/H3O4P/c1-5(2,3)4/h(H3,1,2,3,4)	Phosphoric acid		77:19818 93:1351 105:17488 106:2970 109:2220 115:35473 119:24332 120:4058 121:16410 122:2277 124:603 134:21495 136:5457 139:2050 152:2791 153:3427 165:8753 179:6697 180:2100 189:12139 190:3184 191:38542 192:9221 193:40720 194:8166 195:10385 196:2339 197:3089 207:46596 208:10540 209:8284 210:2679 223:1496 225:27823 226:5481 228:1380 229:618 237:356 239:890 241:346 254:944 256:922 268:932 270:1365 284:7376 285:4071 286:879	Phosphoric acid (3TMS)		1265.65	NCBITAXON:http://purl.bioontology.org/ontology/NCBITAXON/4530	Oryza sativa	Golm		MSI:2		tagfinder; manual supervised	987					RM0032341	not found	2026-06-18 20:17:03	first assignment	2026-06-18 20:17:03	splitless
CHEBI:17268	C6H12O6	O[C@H]1[C@H](O)[C@@H](O)[C@H](O)[C@H](O)[C@@H]1O	InChI=1S/C6H12O6/c7-1-2(8)4(10)6(12)5(11)3(1)9/h1-12H/t1-,2-,3-,4+,5-,6-	Inositol, myo-		367:15137 368:5286 369:2979 370:794 371:300 393:9134 394:3490 395:1945 396:549 407:920 408:432 417:1525 419:3316 420:1382 421:763 432:21526 433:17057 434:8207 435:3255 436:984	Inositol, myo- (6TMS)		2081.84	NCBITAXON:http://purl.bioontology.org/ontology/NCBITAXON/4530	Oryza sativa	Golm		MSI:2		tagfinder; manual supervised	996					RM0136735	failed	2026-06-18 20:17:03	first assignment	2026-06-18 20:17:03	splitless
CHEBI:28757	C6H12O6			Fructose		333:7053 334:7832 335:15114 336:7455 350:4056 364:36771 365:12335 366:6250	Fructose (1MEOX) (5TMS) BP		1873.96	NCBITAXON:http://purl.bioontology.org/ontology/NCBITAXON/4530	Oryza sativa	Golm		MSI:2		tagfinder; manual supervised	997				CHEBI:28757	RM0136734	first assignment	2026-06-18 20:17:03	first assignment	2026-06-18 20:17:03	splitless
CHEBI:37661	C6H12O6			Glucopyranose		217:145818 218:35296 219:14898 232:14136 233:3808 234:1513 242:481 271:701 436:249	Glucopyranose [-H20] (4TMS)		1760.33	NCBITAXON:http://purl.bioontology.org/ontology/NCBITAXON/4530	Oryza sativa	Golm		MSI:2		tagfinder; manual supervised	999				CHEBI:37661	RM0135901	first assignment	2026-06-18 20:17:03	first assignment	2026-06-18 20:17:03	splitless
CHEBI:17992	C12H22O11	OC[C@H]1O[C@H](O[C@]2(CO)O[C@H](CO)[C@@H](O)[C@@H]2O)[C@H](O)[C@@H](O)[C@@H]1O	InChI=1S/C12H22O11/c13-1-4-6(16)8(18)9(19)11(21-4)23-12(3-15)10(20)7(17)5(2-14)22-12/h4-11,13-20H,1-3H2/t4-,5-,6-,7-,8+,9-,10+,11-,12+/m1/s1	Sucrose		102:12703 103:334926 104:31417 105:14188 113:13637 117:72490 118:8239 128:2831 129:200346 130:27688 131:40996 132:6730 141:8840 142:9472 143:32577 145:10272 146:2182 150:5117 157:32986 158:5080 159:5631 163:6753 175:6216 178:1846 187:2867 188:1097 189:38604 190:10045 191:56455 201:4046 202:2685 203:14832 215:11535 216:3875 218:64952 219:29312 220:5416 228:2098 229:16392 231:17842 233:6972 234:2637 235:1354 241:4702 242:2511 243:63093 244:20092 247:6877 248:2064 257:19544 259:10100 260:2792 261:1626 263:1921 265:2230 272:19386 274:2917 291:9701 292:3534 293:3555 294:1201 303:2613 304:2254 305:9262 317:3676 320:9345 321:4411 332:5021 346:1618 363:40899	Sucrose (8TMS)		2639	NCBITAXON:http://purl.bioontology.org/ontology/NCBITAXON/4530	Oryza sativa	Golm		MSI:2		tagfinder; manual supervised	982				CHEBI:17992	RM0159895	first assignment	2026-06-18 20:17:03	first assignment	2026-06-18 20:17:03	splitless
