database_identifier	chemical_formula	smiles	inchi	metabolite_identification	mass_to_charge	fragmentation	modifications	charge	retention_time	taxid	species	database	database_version	reliability	uri	search_engine	search_engine_score	smallmolecule_abundance_sub	smallmolecule_abundance_stdev_sub	smallmolecule_abundance_std_error_sub	assigned_chebi_identifier	assigned_refmet_identifier	chebi_identifier_search_status	chebi_identifier_search_time	refmet_identifier_search_status	refmet_identifier_search_time	MR-CTB51A_replicate1	MR-CTB51A_replicate2	MR-CTB51A_replicate3	MR-CTB51A_replicate4	NPB-HP_replicate1	NPB-HP_replicate2	NPB-HP_replicate3	NPB-HP_replicate4	NPB-HP_replicate5	NPB-PF_replicate1	NPB-PF_replicate2	NPB-PF_replicate3	NPB-PF_replicate4	MR-RNAi_replicate1	MR-RNAi_replicate2	MR-RNAi_replicate3	MR-RNAi_replicate4	MR-RNAi_replicate5
CHEBI:16885	C18H32O16	OC[C@H]1O[C@H](O[C@]2(CO[C@]3(CO)O[C@H](CO)[C@@H](O)[C@@H]3O)O[C@H](CO)[C@@H](O)[C@@H]2O)[C@H](O)[C@@H](O)[C@@H]1O	InChI=1S/C18H32O16/c19-1-6-9(23)12(26)13(27)16(31-6)34-18(15(29)11(25)8(3-21)33-18)5-30-17(4-22)14(28)10(24)7(2-20)32-17/h6-16,19-29H,1-5H2/t6-,7-,8-,9-,10-,11-,12+,13-,14+,15+,16-,17-,18+/m1/s1	1-Kestose					2765	NCBITAXON:http://purl.bioontology.org/ontology/NCBITAXON/4530	Oryza sativa	in house mass spectral library		3		AIoutput2	0.806					RM0157389	not found	2026-06-18 13:19:42	first assignment	2026-06-18 13:19:42	1626.47	595.05	1347.51	569.03	519.53	686.54	621.88	648.79	1890.8	606.24	647.83	698.71	785.46	600.13	545.93	975.23	613.27	535.8
CHEBI:16885	C18H32O16	OC[C@H]1O[C@H](O[C@]2(CO[C@]3(CO)O[C@H](CO)[C@@H](O)[C@@H]3O)O[C@H](CO)[C@@H](O)[C@@H]2O)[C@H](O)[C@@H](O)[C@@H]1O	InChI=1S/C18H32O16/c19-1-6-9(23)12(26)13(27)16(31-6)34-18(15(29)11(25)8(3-21)33-18)5-30-17(4-22)14(28)10(24)7(2-20)32-17/h6-16,19-29H,1-5H2/t6-,7-,8-,9-,10-,11-,12+,13-,14+,15+,16-,17-,18+/m1/s1	1-Kestose					2766	NCBITAXON:http://purl.bioontology.org/ontology/NCBITAXON/4530	Oryza sativa	in house mass spectral library		1		AIoutput2	0.625					RM0157389	not found	2026-06-18 13:19:42	first assignment	2026-06-18 13:19:42	1801.82	738.5	1537.29	698.44	638.9	828.05	719.22	776.05	2174.25	731.99	765.04	798.72	848.03	712.85	666.23	1199.02	752.31	661.19
CHEBI:16885	C18H32O16	OC[C@H]1O[C@H](O[C@]2(CO[C@]3(CO)O[C@H](CO)[C@@H](O)[C@@H]3O)O[C@H](CO)[C@@H](O)[C@@H]2O)[C@H](O)[C@@H](O)[C@@H]1O	InChI=1S/C18H32O16/c19-1-6-9(23)12(26)13(27)16(31-6)34-18(15(29)11(25)8(3-21)33-18)5-30-17(4-22)14(28)10(24)7(2-20)32-17/h6-16,19-29H,1-5H2/t6-,7-,8-,9-,10-,11-,12+,13-,14+,15+,16-,17-,18+/m1/s1	1-Kestose					2775	NCBITAXON:http://purl.bioontology.org/ontology/NCBITAXON/4530	Oryza sativa	in house mass spectral library		3		AIoutput2	0.821					RM0157389	not found	2026-06-18 13:19:42	first assignment	2026-06-18 13:19:42	63.94	78.51	56.14	43.44	0.36	0.78	0.43	0.74	2.15	0.41	0.74	14.88	10.77	0.41	0.62	1.12	0.42	0.61
CHEBI:1307	C31H52O	CC(C)C(=C)CCC(C)C1CCC2(C)C3CCC4C5(CC35CCC12C)CCC(O)C4(C)C	InChI=1S/C31H52O/c1-20(2)21(3)9-10-22(4)23-13-15-29(8)25-12-11-24-27(5,6)26(32)14-16-30(24)19-31(25,30)18-17-28(23,29)7/h20,22-26,32H,3,9-19H2,1-2,4-8H3	3beta-24-Methylenecycloartan-3-ol					2753	NCBITAXON:http://purl.bioontology.org/ontology/NCBITAXON/4530	Oryza sativa	in house mass spectral library		5		AIoutput2							failed	2026-06-18 13:19:42	not found	2026-06-18 13:19:42	558.32	628.03	594.93	389.17	70.24	85.52	53.42	69.76	33.04	90.36	110.97	70.59	62.74	129.43	59.1	93.08	75.83	72.3
CHEBI:16335	C10H13N5O4	Nc1ncnc2n(cnc12)[C@@H]1O[C@H](CO)[C@@H](O)[C@H]1O	InChI=1S/C10H13N5O4/c11-8-5-9(13-2-12-8)15(3-14-5)10-7(18)6(17)4(1-16)19-10/h2-4,6-7,10,16-18H,1H2,(H2,11,12,13)/t4-,6-,7-,10-/m1/s1	Adenosine					2238	NCBITAXON:http://purl.bioontology.org/ontology/NCBITAXON/4530	Oryza sativa	in house mass spectral library		5		AIoutput2	0.986				CHEBI:16335	RM0135870	first assignment	2026-06-18 13:19:42	first assignment	2026-06-18 13:19:42	80.76	55.02	97.3	48.18	33.08	25.01	18.93	30.12	21.55	39.43	48.9	35.8	40.47	38.55	58.36	109.14	73.79	67.96
CHEBI:22470	C29H50O2	CC1=C(C(=C2CCC(OC2=C1C)(C)CCCC(C)CCCC(C)CCCC(C)C)C)O	InChI=1S/C29H50O2/c1-20(2)12-9-13-21(3)14-10-15-22(4)16-11-18-29(8)19-17-26-25(7)27(30)23(5)24(6)28(26)31-29/h20-22,30H,9-19H2,1-8H3/t21-,22-,29-/m1/s1	Alpha-Tocopherol					2560	NCBITAXON:http://purl.bioontology.org/ontology/NCBITAXON/4530	Oryza sativa	in house mass spectral library		5		AIoutput2	0.988					RM0135430	not found	2026-06-18 13:19:42	first assignment	2026-06-18 13:19:42	113.63	97.8	106.67	76.44	68.67	68.42	47.38	64.83	38.03	67	67.95	66.99	49.24	58.43	25.91	36.77	37.08	37.22
CHEBI:37024	C6H11NO4	NC(CCCC(O)=O)C(O)=O	InChI=1S/C6H11NO4/c7-4(6(10)11)2-1-3-5(8)9/h4H,1-3,7H2,(H,8,9)(H,10,11)	Aminoadipic acid					1421	NCBITAXON:http://purl.bioontology.org/ontology/NCBITAXON/4530	Oryza sativa	in house mass spectral library		3		AIoutput2	0.875					RM0049220	not found	2026-06-18 13:19:42	first assignment	2026-06-18 13:19:42	2.86	3.56	3.42	5.02	0.94	0.47	0.71	0.62	1.29	0.76	0.69	0.8	0.82	0.68	0.37	1.12	0.7	0.37
CHEBI:22652	C6H8O6	C(C(C1C(=C(C(=O)O1)O)O)O)O	InChI=1S/C6H8O6/c7-1-2(8)5-3(9)4(10)6(11)12-5/h2,5,7-10H,1H2/t2-,5+/m0/s1	Ascorbic acid					1646	NCBITAXON:http://purl.bioontology.org/ontology/NCBITAXON/4530	Oryza sativa	in house mass spectral library		1		AIoutput2	0.603					RM0118068	not found	2026-06-18 13:19:42	first assignment	2026-06-18 13:19:42	371.7	437.97	377.13	476.49	238.41	153.94	135.66	179.86	153.91	96.81	82.46	67.31	87.04	135.64	190.67	460.45	338.81	285.05
CHEBI:22652	C6H8O6	C(C(C1C(=C(C(=O)O1)O)O)O)O	InChI=1S/C6H8O6/c7-1-2(8)5-3(9)4(10)6(11)12-5/h2,5,7-10H,1H2/t2-,5+/m0/s1	Ascorbic acid					1651	NCBITAXON:http://purl.bioontology.org/ontology/NCBITAXON/4530	Oryza sativa	in house mass spectral library		1		AIoutput2	0.667					RM0118068	not found	2026-06-18 13:19:42	first assignment	2026-06-18 13:19:42	3.75	7.38	0.92	0.65	1.72	0.47	0.71	0.62	1.29	0.69	0.44	0.8	0.54	0.68	0.74	1.25	1.05	1
CHEBI:22652	C6H8O6	C(C(C1C(=C(C(=O)O1)O)O)O)O	InChI=1S/C6H8O6/c7-1-2(8)5-3(9)4(10)6(11)12-5/h2,5,7-10H,1H2/t2-,5+/m0/s1	Ascorbic acid					1656	NCBITAXON:http://purl.bioontology.org/ontology/NCBITAXON/4530	Oryza sativa	in house mass spectral library		2		AIoutput2	0.725					RM0118068	not found	2026-06-18 13:19:42	first assignment	2026-06-18 13:19:42	3.48	7.65	0.92	0.65	1.8	0.47	0.71	0.68	1.29	0.69	0.44	0.8	0.54	0.68	0.75	1.35	0.7	1.04
CHEBI:16958	C3H7NO2	NCCC(O)=O	InChI=1S/C3H7NO2/c4-2-1-3(5)6/h1-2,4H2,(H,5,6)	Beta-Alanine					814	NCBITAXON:http://purl.bioontology.org/ontology/NCBITAXON/4530	Oryza sativa	in house mass spectral library		3		AIoutput2	0.842					RM0021629	not found	2026-06-18 13:19:42	first assignment	2026-06-18 13:19:42	2.37	0.68	2.84	0.65	0.81	1.46	1.35	1.4	1.29	1.18	1.33	1.57	1.69	0.8	0.98	2.04	1.29	1.13
CHEBI:16958	C3H7NO2	NCCC(O)=O	InChI=1S/C3H7NO2/c4-2-1-3(5)6/h1-2,4H2,(H,5,6)	Beta-Alanine					821	NCBITAXON:http://purl.bioontology.org/ontology/NCBITAXON/4530	Oryza sativa	in house mass spectral library		4		AIoutput2	0.907					RM0021629	not found	2026-06-18 13:19:42	first assignment	2026-06-18 13:19:42	7.2	2.84	8.4	2.76	2.25	4.4	3.94	4.29	1.29	3.6	4.11	4.54	5.12	2.31	2.82	5.98	3.6	3.17
CHEBI:16958	C3H7NO2	NCCC(O)=O	InChI=1S/C3H7NO2/c4-2-1-3(5)6/h1-2,4H2,(H,5,6)	Beta-Alanine					814	NCBITAXON:http://purl.bioontology.org/ontology/NCBITAXON/4530	Oryza sativa	in house mass spectral library		3		AIoutput2	0.842					RM0021629	not found	2026-06-18 13:19:42	first assignment	2026-06-18 13:19:42	3.91	2.3	5.05	3.29	2.77	2.87	3.16	2.88	3.06	3.12	3.43	3	3.55	3.19	2.34	2.38	2.79	2.82
CHEBI:16958	C3H7NO2	NCCC(O)=O	InChI=1S/C3H7NO2/c4-2-1-3(5)6/h1-2,4H2,(H,5,6)	Beta-Alanine					821	NCBITAXON:http://purl.bioontology.org/ontology/NCBITAXON/4530	Oryza sativa	in house mass spectral library		3		AIoutput2	0.895					RM0021629	not found	2026-06-18 13:19:42	first assignment	2026-06-18 13:19:42	12.41	7.02	14.95	10.2	8.82	8.47	9.91	8.5	9.54	9.82	10.41	9.78	11.12	10.19	7.05	7.41	8.62	8.92
CHEBI:16958	C3H7NO2	NCCC(O)=O	InChI=1S/C3H7NO2/c4-2-1-3(5)6/h1-2,4H2,(H,5,6)	Beta-Alanine					828	NCBITAXON:http://purl.bioontology.org/ontology/NCBITAXON/4530	Oryza sativa	in house mass spectral library		4		AIoutput2	0.929					RM0021629	not found	2026-06-18 13:19:42	first assignment	2026-06-18 13:19:42	4.35	2.55	5.35	3.42	2.97	2.97	3.53	2.81	3.45	3.1	3.55	3.37	3.85	3.36	2.55	2.55	2.94	3.17
CHEBI:16958	C3H7NO2	NCCC(O)=O	InChI=1S/C3H7NO2/c4-2-1-3(5)6/h1-2,4H2,(H,5,6)	Beta-Alanine					841	NCBITAXON:http://purl.bioontology.org/ontology/NCBITAXON/4530	Oryza sativa	in house mass spectral library		5		AIoutput2	0.999					RM0021629	not found	2026-06-18 13:19:42	first assignment	2026-06-18 13:19:42	609.56	389.24	719.52	447.06	409.82	386.14	452.06	373.64	474.71	449.93	460.82	448.41	508.73	509.48	351.42	333.8	387.27	400.98
CHEBI:27693	C29H50O	[H][C@@]1(CC[C@@]2([H])[C@]3([H])CC=C4C[C@@H](O)CC[C@]4(C)[C@@]3([H])CC[C@]12C)[C@H](C)CC[C@@H](CC)C(C)C	InChI=1S/C29H50O/c1-7-21(19(2)3)9-8-20(4)25-12-13-26-24-11-10-22-18-23(30)14-16-28(22,5)27(24)15-17-29(25,26)6/h10,19-21,23-27,30H,7-9,11-18H2,1-6H3/t20-,21-,23+,24+,25-,26+,27+,28+,29-/m1/s1	Beta-Sitosterol					2685	NCBITAXON:http://purl.bioontology.org/ontology/NCBITAXON/4530	Oryza sativa	in house mass spectral library		4		AIoutput2	0.938					RM0128360	not found	2026-06-18 13:19:42	first assignment	2026-06-18 13:19:42	1664.85	1632.96	1949.24	1181.8	656.39	687.85	531.93	643.25	378.59	614.95	722.72	509.24	524.25	945.12	467.29	621.81	636.7	628.41
CHEBI:47771	C28H48O2	CC(C)CCC[C@@H](C)CCC[C@@H](C)CCC[C@]1(C)CCc2c(C)c(O)cc(C)c2O1	InChI=1S/C28H48O2/c1-20(2)11-8-12-21(3)13-9-14-22(4)15-10-17-28(7)18-16-25-24(6)26(29)19-23(5)27(25)30-28/h19-22,29H,8-18H2,1-7H3/t21-,22-,28-/m1/s1	Beta-tocopherol					2463	NCBITAXON:http://purl.bioontology.org/ontology/NCBITAXON/4530	Oryza sativa	in house mass spectral library		5		AIoutput2	0.96					RM0136306	not found	2026-06-18 13:19:42	first assignment	2026-06-18 13:19:42	29.06	29.35	35.27	18.22	10.97	11.05	8.73	9.75	5.46	9.11	10.31	8.39	8.09	7.72	3.52	4.62	5.75	5.56
CHEBI:47771	C28H48O2	CC(C)CCC[C@@H](C)CCC[C@@H](C)CCC[C@]1(C)CCc2c(C)c(O)cc(C)c2O1	InChI=1S/C28H48O2/c1-20(2)11-8-12-21(3)13-9-14-22(4)15-10-17-28(7)18-16-25-24(6)26(29)19-23(5)27(25)30-28/h19-22,29H,8-18H2,1-7H3/t21-,22-,28-/m1/s1	Beta-tocopherol					2470	NCBITAXON:http://purl.bioontology.org/ontology/NCBITAXON/4530	Oryza sativa	in house mass spectral library		4		AIoutput2	0.946					RM0136306	not found	2026-06-18 13:19:42	first assignment	2026-06-18 13:19:42	4.79	4.66	4.91	3.27	11.07	13.52	9.3	10.97	6.19	7.69	9.04	7.31	7.07	5.96	3.17	3.12	4.26	3.96
CHEBI:3168	C28H46O	CC(C)[C@@H](C)C=C[C@@H](C)[C@H]1CC[C@H]2[C@@H]3CC=C4C[C@@H](O)CC[C@]4(C)[C@H]3CC[C@]12C	InChI=1S/C28H46O/c1-18(2)19(3)7-8-20(4)24-11-12-25-23-10-9-21-17-22(29)13-15-27(21,5)26(23)14-16-28(24,25)6/h7-9,18-20,22-26,29H,10-17H2,1-6H3/b8-7+/t19-,20+,22-,23-,24+,25-,26-,27-,28+/m0/s1	Brassicasterol					2591	NCBITAXON:http://purl.bioontology.org/ontology/NCBITAXON/4530	Oryza sativa	in house mass spectral library		2		AIoutput2	0.746				CHEBI:3168	RM0126052	first assignment	2026-06-18 13:19:42	first assignment	2026-06-18 13:19:42	3.53	4.17	4.85	2.61	1.64	0.97	2.02	0.93	1.08	1.61	1.13	1.8	1.25	2	0.93	1.46	1.77	0.97
CHEBI:141073	C12H24O2	C(=O)(O)*		C11:0 ME					1064	NCBITAXON:http://purl.bioontology.org/ontology/NCBITAXON/4530	Oryza sativa	in house mass spectral library		3		AIoutput2	0.816						failed	2026-06-18 13:19:42	not found	2026-06-18 13:19:42	1.12	0.68	0.92	2.03	0.59	2.39	2.36	2.01	1.29	1.69	2.07	2.04	0.54	0.68	1.82	1.12	0.7	1.88
CHEBI:141073	C12H24O2	C(=O)(O)*		C11:0 ME					1071	NCBITAXON:http://purl.bioontology.org/ontology/NCBITAXON/4530	Oryza sativa	in house mass spectral library		2		AIoutput2	0.734						failed	2026-06-18 13:19:42	not found	2026-06-18 13:19:42	2.07	0.68	0.92	2.18	0.59	1.85	1.47	1.59	1.29	1.18	1.6	0.8	0.54	0.68	0.37	1.12	0.7	1.39
CHEBI:141073	C12H24O2	C(=O)(O)*		C11:0 ME					1064	NCBITAXON:http://purl.bioontology.org/ontology/NCBITAXON/4530	Oryza sativa	in house mass spectral library		1		AIoutput2	0.694						failed	2026-06-18 13:19:42	not found	2026-06-18 13:19:42	2.39	1.38	3.04	2.29	0.98	1.61	1.21	2.18	1.8	1.91	2.46	1.08	2.08	1.2	1.55	0.88	1.06	1.62
CHEBI:141075	C12H24O2	C(=O)(O)*		C12:0					1334	NCBITAXON:http://purl.bioontology.org/ontology/NCBITAXON/4530	Oryza sativa	in house mass spectral library		1		AIoutput2	0.694						not found	2026-06-18 13:19:42	not found	2026-06-18 13:19:42	2.08	0.41	2.41	0.54	1.04	3.23	2	2.92	2.15	0.41	0.74	1.34	2.34	1.96	0.62	0.67	0.42	0.62
CHEBI:141076	C13H26O2	C(=O)(O)*		C12:0 ME					1178	NCBITAXON:http://purl.bioontology.org/ontology/NCBITAXON/4530	Oryza sativa	in house mass spectral library		3		AIoutput2	0.837						failed	2026-06-18 13:19:42	not found	2026-06-18 13:19:42	1.12	21.18	0.92	18.79	7.4	0.47	0.71	0.44	1.29	0.69	0.44	0.8	7.79	0.68	1.96	1.12	0.7	0.37
CHEBI:141076	C13H26O2	C(=O)(O)*		C12:0 ME					1180	NCBITAXON:http://purl.bioontology.org/ontology/NCBITAXON/4530	Oryza sativa	in house mass spectral library		5		AIoutput2	0.964						failed	2026-06-18 13:19:42	not found	2026-06-18 13:19:42	4.95	6.59	7.04	3.85	3.81	4.31	5.28	2.72	5.16	4.11	4	4.35	6.66	4.08	4.39	2.73	4.31	4.63
CHEBI:141078	C13H26O2	C(=O)(O)*		C13:0					1454	NCBITAXON:http://purl.bioontology.org/ontology/NCBITAXON/4530	Oryza sativa	in house mass spectral library		1		AIoutput2	0.642						not found	2026-06-18 13:19:42	not found	2026-06-18 13:19:42	3.08	4.01	4.45	2.43	1.73	1.94	2.38	1.56	2.47	1.92	1.96	2.31	3.04	2.36	2	1.55	2.25	2.36
CHEBI:140940	C14H28O2	C(=O)(O)*		C14:0					1542	NCBITAXON:http://purl.bioontology.org/ontology/NCBITAXON/4530	Oryza sativa	in house mass spectral library		3		AIoutput2	0.833						not found	2026-06-18 13:19:42	not found	2026-06-18 13:19:42	19.94	5.27	28.57	7.4	13.99	25.79	18.62	27.84	9.89	5.48	7.37	21.81	26.44	17.2	4.22	8.79	6.24	8.75
CHEBI:140940	C14H28O2	C(=O)(O)*		C14:0					1541	NCBITAXON:http://purl.bioontology.org/ontology/NCBITAXON/4530	Oryza sativa	in house mass spectral library		4		AIoutput2	0.946						not found	2026-06-18 13:19:42	not found	2026-06-18 13:19:42	32.58	41.06	44.99	22.93	11.36	12.15	21.99	13.48	19.97	10.18	13.2	14.99	17.93	18.65	15.02	11.47	18.13	35.92
CHEBI:141079	C15H30O2	C(=O)(O)*		C14:0 ME					1408	NCBITAXON:http://purl.bioontology.org/ontology/NCBITAXON/4530	Oryza sativa	in house mass spectral library		5		AIoutput2	0.99						failed	2026-06-18 13:19:42	not found	2026-06-18 13:19:42	27.95	35.05	43.78	23.67	16.21	19.15	22.7	12.18	20.18	17.71	19.06	17.31	25.21	19.11	16.15	13.92	20.36	21.49
CHEBI:140942	C15H30O2	C(=O)(O)*		C15:0					1640	NCBITAXON:http://purl.bioontology.org/ontology/NCBITAXON/4530	Oryza sativa	in house mass spectral library		2		AIoutput2	0.756						not found	2026-06-18 13:19:42	not found	2026-06-18 13:19:42	6.45	0.82	8.46	1.54	2.51	4.04	2.91	3.76	1.29	0.74	0.85	2.16	2.66	2.56	1.04	1.34	0.8	1.1
CHEBI:140942	C15H30O2	C(=O)(O)*		C15:0					1639	NCBITAXON:http://purl.bioontology.org/ontology/NCBITAXON/4530	Oryza sativa	in house mass spectral library		4		AIoutput2	0.914						not found	2026-06-18 13:19:42	not found	2026-06-18 13:19:42	15.16	18.8	22.41	11.71	3.62	4.16	6.92	4.43	5.53	2.61	3.29	3.3	4.29	6.73	5.02	4.3	6.46	10.06
CHEBI:140942	C15H30O2	C(=O)(O)*		C15:0					1652	NCBITAXON:http://purl.bioontology.org/ontology/NCBITAXON/4530	Oryza sativa	in house mass spectral library		1		AIoutput2	0.68						not found	2026-06-18 13:19:42	not found	2026-06-18 13:19:42	7.15	8.71	9.76	6.32	3.7	3.89	4.63	3.31	5.05	4.36	4.28	4.12	5.73	4.82	4.08	3.47	4.62	4.98
CHEBI:141080	C16H32O2	C(=O)(O)*		C15:0 ME					1514	NCBITAXON:http://purl.bioontology.org/ontology/NCBITAXON/4530	Oryza sativa	in house mass spectral library		4		AIoutput2	0.949						failed	2026-06-18 13:19:42	not found	2026-06-18 13:19:42	6.17	8.04	9.92	5.52	1.85	2.3	2.64	1.58	2.33	0.97	1.88	1.08	2.08	2.37	2.09	1.75	2.5	3
CHEBI:140943	C16H32O2	C(=O)(O)*		C16:0					1726	NCBITAXON:http://purl.bioontology.org/ontology/NCBITAXON/4530	Oryza sativa	in house mass spectral library		2		AIoutput2	0.76						not found	2026-06-18 13:19:42	not found	2026-06-18 13:19:42	1.86	0.41	1.54	0.39	0.36	0.78	0.43	0.74	2.15	0.41	0.74	0.48	0.9	0.41	6.43	11.77	5.29	2.66
CHEBI:140943	C16H32O2	C(=O)(O)*		C16:0					1732	NCBITAXON:http://purl.bioontology.org/ontology/NCBITAXON/4530	Oryza sativa	in house mass spectral library		5		AIoutput2	0.992						not found	2026-06-18 13:19:42	not found	2026-06-18 13:19:42	564.28	189.9	609.48	215.41	82.17	113.2	92.29	107.61	79.53	206.11	169.85	114.99	153.24	110.2	195.78	352.56	259	110.66
CHEBI:140943	C16H32O2	C(=O)(O)*		C16:0					1734	NCBITAXON:http://purl.bioontology.org/ontology/NCBITAXON/4530	Oryza sativa	in house mass spectral library		2		AIoutput2	0.76						not found	2026-06-18 13:19:42	not found	2026-06-18 13:19:42	2265.99	2184.29	2892.64	1753.77	1413.78	1405.28	1763.95	1377.46	1559.73	1387.89	1613.51	1551.91	1784	1887.97	1440.94	1358.64	1649.26	1539.79
CHEBI:140943	C16H32O2	C(=O)(O)*		C16:0					1735	NCBITAXON:http://purl.bioontology.org/ontology/NCBITAXON/4530	Oryza sativa	in house mass spectral library		3		AIoutput2	0.869						not found	2026-06-18 13:19:42	not found	2026-06-18 13:19:42	1757.71	1748.36	2360.06	1391.41	831.43	842.9	1106.56	868.2	981.67	730.61	933.11	924.74	1024.79	1354.05	1019.03	964.1	1237.92	1221.75
CHEBI:141081	C17H34O2	C(=O)(O)*		C16:0 ME					1616	NCBITAXON:http://purl.bioontology.org/ontology/NCBITAXON/4530	Oryza sativa	in house mass spectral library		2		AIoutput2	0.725						failed	2026-06-18 13:19:42	not found	2026-06-18 13:19:42	600.63	604.26	742.46	445.5	323.51	347.27	374.58	282.82	361.3	318.21	359.8	314.39	441.77	421.95	325.38	289.91	359.64	432.51
CHEBI:141081	C17H34O2	C(=O)(O)*		C16:0 ME					1617	NCBITAXON:http://purl.bioontology.org/ontology/NCBITAXON/4530	Oryza sativa	in house mass spectral library		1		AIoutput2	0.612						failed	2026-06-18 13:19:42	not found	2026-06-18 13:19:42	1182.68	1239.21	1655.99	1012.06	713.19	741.91	908.3	667.28	827.16	684.47	824.56	761.97	975.89	888.93	678.59	663.39	851.48	900.65
CHEBI:141082	C17H32O2	C(=O)(O)*		C16:1(9Z) ME					1594	NCBITAXON:http://purl.bioontology.org/ontology/NCBITAXON/4530	Oryza sativa	in house mass spectral library		2		AIoutput2	0.749						failed	2026-06-18 13:19:42	not found	2026-06-18 13:19:42	3.66	4.22	4.72	2.97	1.39	1.68	1.7	1.56	1.8	1.55	1.88	1.48	2.23	2.29	1.98	1.69	2.21	2.64
CHEBI:140945	C17H34O2	C(=O)(O)*		C17:0					1821	NCBITAXON:http://purl.bioontology.org/ontology/NCBITAXON/4530	Oryza sativa	in house mass spectral library		3		AIoutput2	0.884						not found	2026-06-18 13:19:42	not found	2026-06-18 13:19:42	1.97	0.69	2.04	0.84	0.51	0.78	0.43	0.74	2.15	0.67	0.74	0.48	0.9	0.61	0.76	1.27	0.81	0.61
CHEBI:140945	C17H34O2	C(=O)(O)*		C17:0					1832	NCBITAXON:http://purl.bioontology.org/ontology/NCBITAXON/4530	Oryza sativa	in house mass spectral library		2		AIoutput2	0.771						not found	2026-06-18 13:19:42	not found	2026-06-18 13:19:42	3.95	1.8	3.91	1.77	0.93	1.2	1.14	1.23	2.15	1.7	1.38	1.48	1.91	1.05	1.31	2.21	1.33	1.02
CHEBI:140945	C17H34O2	C(=O)(O)*		C17:0					1821	NCBITAXON:http://purl.bioontology.org/ontology/NCBITAXON/4530	Oryza sativa	in house mass spectral library		5		AIoutput2	0.991						not found	2026-06-18 13:19:42	not found	2026-06-18 13:19:42	26.73	32.02	36.21	21.98	7.42	8.09	9.47	7.53	7.64	7.69	8.12	8.34	8.45	13.87	9.45	9.51	13.31	14.02
CHEBI:140945	C17H34O2	C(=O)(O)*		C17:0					1833	NCBITAXON:http://purl.bioontology.org/ontology/NCBITAXON/4530	Oryza sativa	in house mass spectral library		2		AIoutput2	0.773						not found	2026-06-18 13:19:42	not found	2026-06-18 13:19:42	62.8	63.32	80.82	64.37	30.22	30.25	29.76	25.76	39	35.94	39.19	36.74	46.25	36.1	26.49	27.64	28.22	41.69
CHEBI:141083	C18H36O2	C(=O)(O)*		C17:0 ME					1719	NCBITAXON:http://purl.bioontology.org/ontology/NCBITAXON/4530	Oryza sativa	in house mass spectral library		1		AIoutput2	0.617						failed	2026-06-18 13:19:42	not found	2026-06-18 13:19:42	1.53	1.56	1.71	1.92	0.67	0.47	0.71	0.44	1.29	0.69	0.44	0.8	0.54	0.68	0.37	1.12	0.7	0.37
CHEBI:141083	C18H36O2	C(=O)(O)*		C17:0 ME					1710	NCBITAXON:http://purl.bioontology.org/ontology/NCBITAXON/4530	Oryza sativa	in house mass spectral library		4		AIoutput2	0.936						failed	2026-06-18 13:19:42	not found	2026-06-18 13:19:42	6.69	6.91	8.73	6.18	3.05	3.36	3.54	2.94	3.49	3.1	3.6	3.05	4.17	3.14	2.27	2.52	2.88	3.59
CHEBI:140947	C18H36O2	C(=O)(O)*		C18:0					1907	NCBITAXON:http://purl.bioontology.org/ontology/NCBITAXON/4530	Oryza sativa	in house mass spectral library		5		AIoutput2	0.994						not found	2026-06-18 13:19:42	not found	2026-06-18 13:19:42	316.04	110.7	312.74	122.03	33.25	48.54	37.82	44.42	35.61	151.98	122.06	55.2	74.29	54.91	121.64	235.04	167	55.17
CHEBI:140947	C18H36O2	C(=O)(O)*		C18:0					1900	NCBITAXON:http://purl.bioontology.org/ontology/NCBITAXON/4530	Oryza sativa	in house mass spectral library		1		AIoutput2	0.688						not found	2026-06-18 13:19:42	not found	2026-06-18 13:19:42	4.58	5.23	5.86	3.58	0.98	1.61	1.21	1.56	1.8	1.39	1.88	1.56	2.08	2.46	1.55	1.39	1.84	2.13
CHEBI:140947	C18H36O2	C(=O)(O)*		C18:0					1908	NCBITAXON:http://purl.bioontology.org/ontology/NCBITAXON/4530	Oryza sativa	in house mass spectral library		5		AIoutput2	0.953						not found	2026-06-18 13:19:42	not found	2026-06-18 13:19:42	1691.6	1664.78	2176.46	1340.35	753.78	731.43	877.31	706.19	841.88	856.91	871.27	822.42	930.57	1333.64	957.77	928.04	1169.39	1112.17
CHEBI:141084	C19H38O2	C(=O)(O)*		C18:0 ME					1803	NCBITAXON:http://purl.bioontology.org/ontology/NCBITAXON/4530	Oryza sativa	in house mass spectral library		5		AIoutput2	0.992						failed	2026-06-18 13:19:42	not found	2026-06-18 13:19:42	319.18	325.54	418.79	284.88	173.95	190.78	178.78	153.48	154.95	159.24	190.76	156.18	195.55	223.64	158.9	175.14	206.31	237.16
CHEBI:141085	C19H36O2	C(=O)(O)*		C18:1 ME					1783	NCBITAXON:http://purl.bioontology.org/ontology/NCBITAXON/4530	Oryza sativa	in house mass spectral library		2		AIoutput2	0.729						failed	2026-06-18 13:19:42	not found	2026-06-18 13:19:42	526.11	501.33	643.41	398.46	306.97	301.72	334.94	286.57	327.67	353.1	407.62	348.18	475.16	382.8	284.26	281.11	325.44	357.69
CHEBI:141085	C19H36O2	C(=O)(O)*		C18:1 ME					1784	NCBITAXON:http://purl.bioontology.org/ontology/NCBITAXON/4530	Oryza sativa	in house mass spectral library		3		AIoutput2	0.81						failed	2026-06-18 13:19:42	not found	2026-06-18 13:19:42	917.19	888.57	1148.16	705.97	522.63	531.75	566.41	478.31	574.55	605.23	697.25	614.71	822.71	652.74	483.67	464.08	559.84	632.41
CHEBI:140949	C18H32O2	C(=O)(O)*		C18:2					1879	NCBITAXON:http://purl.bioontology.org/ontology/NCBITAXON/4530	Oryza sativa	in house mass spectral library		1		AIoutput2	0.695						not found	2026-06-18 13:19:42	not found	2026-06-18 13:19:42	1.86	0.64	1.75	0.72	0.63	1.27	0.75	0.86	2.15	0.92	1.13	1.28	1.21	0.41	0.64	1.16	0.66	0.62
CHEBI:140949	C18H32O2	C(=O)(O)*		C18:2					1883	NCBITAXON:http://purl.bioontology.org/ontology/NCBITAXON/4530	Oryza sativa	in house mass spectral library		2		AIoutput2	0.702						not found	2026-06-18 13:19:42	not found	2026-06-18 13:19:42	2018.63	1966.13	2582.14	1571.65	1314.09	1274.29	1613.34	1263.34	1418.05	1149.15	1315.43	1298.37	1428.91	1647.98	1226.47	1162.18	1444.35	1370.27
CHEBI:140949	C18H32O2	C(=O)(O)*		C18:2					1883	NCBITAXON:http://purl.bioontology.org/ontology/NCBITAXON/4530	Oryza sativa	in house mass spectral library		2		AIoutput2	0.789						not found	2026-06-18 13:19:42	not found	2026-06-18 13:19:42	1003.43	1025.47	1353.61	815.98	579.57	588.22	735.53	571.13	633.93	476.01	549.34	557.85	607.32	734.13	526.85	534.2	673.89	689.15
CHEBI:140949	C18H32O2	C(=O)(O)*		C18:2					1889	NCBITAXON:http://purl.bioontology.org/ontology/NCBITAXON/4530	Oryza sativa	in house mass spectral library		1		AIoutput2	0.653						not found	2026-06-18 13:19:42	not found	2026-06-18 13:19:42	1108.63	1171.8	1536.71	922.94	532.07	571.16	694.19	550.35	606.75	619.67	730.25	700.21	771.6	843.88	580.34	587.64	753.64	759.53
CHEBI:140949	C18H32O2	C(=O)(O)*		C18:2					1894	NCBITAXON:http://purl.bioontology.org/ontology/NCBITAXON/4530	Oryza sativa	in house mass spectral library		1		AIoutput2	0.631						not found	2026-06-18 13:19:42	not found	2026-06-18 13:19:42	14.23	16.83	19.87	11.39	3.9	4.11	4.49	3.48	3.36	2.53	2.57	2.47	2.6	5.52	3.48	4	5.54	5.15
CHEBI:141086	C19H34O2	C(=O)(O)*		C18:2 ME					1778	NCBITAXON:http://purl.bioontology.org/ontology/NCBITAXON/4530	Oryza sativa	in house mass spectral library		4		AIoutput2	0.937						failed	2026-06-18 13:19:42	not found	2026-06-18 13:19:42	853.93	863.02	1145.72	711.51	545.02	561	664.57	534.39	600.23	502.76	596.2	550.44	667.69	629.6	480.45	493.37	582.4	607.88
CHEBI:141087	C19H38O2	C(=O)(O)*		C19:0					1996	NCBITAXON:http://purl.bioontology.org/ontology/NCBITAXON/4530	Oryza sativa	in house mass spectral library		1		AIoutput2	0.601						not found	2026-06-18 13:19:42	not found	2026-06-18 13:19:42	1.12	1.68	1.55	1.72	0.82	0.87	0.79	0.9	1.29	0.72	0.92	0.8	0.85	0.92	1.68	3.22	2.3	2.01
CHEBI:141087	C19H38O2	C(=O)(O)*		C19:0					1988	NCBITAXON:http://purl.bioontology.org/ontology/NCBITAXON/4530	Oryza sativa	in house mass spectral library		2		AIoutput2	0.727						not found	2026-06-18 13:19:42	not found	2026-06-18 13:19:42	14.32	18.62	19.06	10.83	0.98	1.61	4.12	5.06	3.25	1.69	1.88	1.76	2.08	3.68	2.95	2.84	3.83	3.53
CHEBI:141087	C19H38O2	C(=O)(O)*		C19:0					1989	NCBITAXON:http://purl.bioontology.org/ontology/NCBITAXON/4530	Oryza sativa	in house mass spectral library		2		AIoutput2	0.762						not found	2026-06-18 13:19:42	not found	2026-06-18 13:19:42	8.94	11.59	12.39	6.85	0.98	1.61	1.21	1.56	1.8	0.97	1.88	1.08	2.08	2.56	1.87	1.88	2.47	2.35
CHEBI:141087	C19H38O2	C(=O)(O)*		C19:0					1998	NCBITAXON:http://purl.bioontology.org/ontology/NCBITAXON/4530	Oryza sativa	in house mass spectral library		1		AIoutput2	0.689						not found	2026-06-18 13:19:42	not found	2026-06-18 13:19:42	10.91	7.36	12.62	12.91	11.77	10.01	7.92	6.86	7.27	4.66	8.04	7.03	7.59	4.82	4.38	5.58	3.49	6.37
CHEBI:140951	C20H40O2	C(=O)(O)*		C20:0					2068	NCBITAXON:http://purl.bioontology.org/ontology/NCBITAXON/4530	Oryza sativa	in house mass spectral library		4		AIoutput2	0.919						not found	2026-06-18 13:19:42	not found	2026-06-18 13:19:42	143.51	181.59	189.48	118.32	44.51	43.54	46.13	39.92	41	59	59.86	58.64	60.4	104.95	76.67	75.05	96.73	90.94
CHEBI:141088	C21H42O2	C(=O)(O)*		C20:0 ME					1974	NCBITAXON:http://purl.bioontology.org/ontology/NCBITAXON/4530	Oryza sativa	in house mass spectral library		5		AIoutput2	0.995						failed	2026-06-18 13:19:42	not found	2026-06-18 13:19:42	132.14	132.6	177.55	137.37	73.41	72.97	72.17	64.11	52.93	84.9	100.25	84.69	94.26	95.64	62.1	76.08	86.93	100.27
CHEBI:141089	C21H40O2	C(=O)(O)*		C20:1(11Z) ME					1952	NCBITAXON:http://purl.bioontology.org/ontology/NCBITAXON/4530	Oryza sativa	in house mass spectral library		4		AIoutput2	0.916						failed	2026-06-18 13:19:42	not found	2026-06-18 13:19:42	41.22	42.67	48.25	36.41	19.63	19.03	19.47	16.27	15.21	31.65	36.58	31.91	39.22	23.3	15.71	18.24	20.25	24.96
CHEBI:141090	C21H42O2	C(=O)(O)*		C21:0					2144	NCBITAXON:http://purl.bioontology.org/ontology/NCBITAXON/4530	Oryza sativa	in house mass spectral library		1		AIoutput2	0.638						not found	2026-06-18 13:19:42	not found	2026-06-18 13:19:42	4.15	6.07	5.9	3.05	0.98	1.61	1.21	1.56	1.8	0.97	1.88	1.08	2.08	2.15	1.59	1.7	2.16	1.95
CHEBI:141090	C21H42O2	C(=O)(O)*		C21:0					2145	NCBITAXON:http://purl.bioontology.org/ontology/NCBITAXON/4530	Oryza sativa	in house mass spectral library		1		AIoutput2	0.667						not found	2026-06-18 13:19:42	not found	2026-06-18 13:19:42	2.58	3.84	3.81	2.04	0.98	1.61	1.21	1.56	1.8	0.97	1.88	1.08	2.08	1.2	1.55	0.88	1.06	1.62
CHEBI:141090	C21H42O2	C(=O)(O)*		C21:0					2152	NCBITAXON:http://purl.bioontology.org/ontology/NCBITAXON/4530	Oryza sativa	in house mass spectral library		1		AIoutput2	0.604						not found	2026-06-18 13:19:42	not found	2026-06-18 13:19:42	5.28	5.4	5.98	3.45	2.3	2.35	3.32	2.47	2.34	3.06	3.19	2.94	4.04	5.09	2.89	3.78	4.47	3.74
CHEBI:141091	C22H44O2	C(=O)(O)*		C21:0 ME					2055	NCBITAXON:http://purl.bioontology.org/ontology/NCBITAXON/4530	Oryza sativa	in house mass spectral library		4		AIoutput2	0.919						failed	2026-06-18 13:19:42	not found	2026-06-18 13:19:42	3.47	3.68	4.93	3.28	0.98	1.61	1.21	1.56	1.8	1.42	1.88	1.08	2.08	1.84	1.55	1.38	1.73	1.9
CHEBI:140958	C22H44O2	C(=O)(O)*		C22:0					2218	NCBITAXON:http://purl.bioontology.org/ontology/NCBITAXON/4530	Oryza sativa	in house mass spectral library		5		AIoutput2	0.958						not found	2026-06-18 13:19:42	not found	2026-06-18 13:19:42	33.05	45.25	46.05	24.93	8.77	9.17	9.58	9.13	8.27	11.29	12.99	12.89	14.32	18.87	16.22	15.54	19.52	19.03
CHEBI:141092	C23H46O2	C(=O)(O)*		C22:0 ME					2133	NCBITAXON:http://purl.bioontology.org/ontology/NCBITAXON/4530	Oryza sativa	in house mass spectral library		3		AIoutput2	0.893						failed	2026-06-18 13:19:42	not found	2026-06-18 13:19:42	53.38	57.75	75.76	54.24	27.46	25.86	29.7	25.43	20.14	28.45	35.21	27.96	33.69	37.85	21.47	26.76	34.58	33.82
CHEBI:141092	C23H46O2	C(=O)(O)*		C22:0 ME					2134	NCBITAXON:http://purl.bioontology.org/ontology/NCBITAXON/4530	Oryza sativa	in house mass spectral library		1		AIoutput2	0.633						failed	2026-06-18 13:19:42	not found	2026-06-18 13:19:42	44.14	44.8	54.06	40.93	22.49	20.52	22.34	20.21	17.41	22.39	27.8	23.97	25.13	30.71	17.5	20.61	24.98	26.2
CHEBI:141093	C23H44O2	C(=O)(O)*		C22:1(13Z) ME					2114	NCBITAXON:http://purl.bioontology.org/ontology/NCBITAXON/4530	Oryza sativa	in house mass spectral library		1		AIoutput2	0.663						failed	2026-06-18 13:19:42	not found	2026-06-18 13:19:42	3.37	3.64	4.3	3.11	1.66	1.79	1.21	1.56	1.8	2.01	2.28	1.69	2.15	2.81	1.77	1.83	2.04	2.16
CHEBI:141094	C23H46O2	C(=O)(O)*		C23:0					2289	NCBITAXON:http://purl.bioontology.org/ontology/NCBITAXON/4530	Oryza sativa	in house mass spectral library		1		AIoutput2	0.659						not found	2026-06-18 13:19:42	not found	2026-06-18 13:19:42	9.1	12.32	11.85	6.25	1.8	1.92	1.83	1.64	1.8	2.77	3.4	2.86	3.61	4.35	3.17	3.5	4.2	4.02
CHEBI:141094	C23H46O2	C(=O)(O)*		C23:0					2295	NCBITAXON:http://purl.bioontology.org/ontology/NCBITAXON/4530	Oryza sativa	in house mass spectral library		1		AIoutput2	0.639						not found	2026-06-18 13:19:42	not found	2026-06-18 13:19:42	6.59	7.04	8.19	4.05	3.07	3.6	3.47	2.97	2.69	3.25	4.73	3.7	4.22	4.14	2.15	2.84	2.95	2.9
CHEBI:141095	C24H48O2	C(=O)(O)*		C23:0 ME					2209	NCBITAXON:http://purl.bioontology.org/ontology/NCBITAXON/4530	Oryza sativa	in house mass spectral library		5		AIoutput2	0.974						failed	2026-06-18 13:19:42	not found	2026-06-18 13:19:42	6.55	7.34	9.48	5.74	2.43	2.44	2.31	2.19	1.8	3.29	3.92	3.34	3.61	3.31	1.78	2.49	3.13	2.82
CHEBI:141070	C6H4N2	C(=O)(O)*		C7:0					672	NCBITAXON:http://purl.bioontology.org/ontology/NCBITAXON/4530	Oryza sativa	in house mass spectral library		1		AIoutput2	0.601						not found	2026-06-18 13:19:42	not found	2026-06-18 13:19:42	1.86	0.41	1.54	0.39	0.36	0.86	0.65	0.78	2.15	0.41	0.74	0.48	0.9	0.41	0.62	1.05	0.65	0.62
CHEBI:141070	C6H4N2	C(=O)(O)*		C7:0					676	NCBITAXON:http://purl.bioontology.org/ontology/NCBITAXON/4530	Oryza sativa	in house mass spectral library		1		AIoutput2	0.649						not found	2026-06-18 13:19:42	not found	2026-06-18 13:19:42	1.12	0.68	0.92	0.65	0.59	0.8	0.71	0.66	1.29	0.69	0.44	0.8	0.54	0.68	0.37	1.12	0.7	0.37
CHEBI:141071	C8H16O2	C(=O)(O)*		C8:0					811	NCBITAXON:http://purl.bioontology.org/ontology/NCBITAXON/4530	Oryza sativa	in house mass spectral library		1		AIoutput2	0.656						not found	2026-06-18 13:19:42	not found	2026-06-18 13:19:42	1.86	0.41	1.54	3.03	0.36	0.78	1.97	0.74	2.15	0.87	1.22	2.04	0.9	0.41	2.8	0.67	4.2	0.61
CHEBI:141071	C8H16O2	C(=O)(O)*		C8:0					831	NCBITAXON:http://purl.bioontology.org/ontology/NCBITAXON/4530	Oryza sativa	in house mass spectral library		2		AIoutput2	0.755						not found	2026-06-18 13:19:42	not found	2026-06-18 13:19:42	1.12	0.68	0.92	0.65	0.59	1.59	1.25	1.49	1.29	0.69	0.44	0.8	0.9	1.81	0.37	1.12	0.7	0.37
CHEBI:141072	C9H18O2	C(=O)(O)*		C9:0					972	NCBITAXON:http://purl.bioontology.org/ontology/NCBITAXON/4530	Oryza sativa	in house mass spectral library		1		AIoutput2	0.663						not found	2026-06-18 13:19:42	not found	2026-06-18 13:19:42	1.86	0.41	1.54	0.92	0.98	3.01	2.39	2.46	2.15	0.58	0.78	1.27	2.43	3.91	0.62	1.33	0.79	0.93
CHEBI:141072	C9H18O2	C(=O)(O)*		C9:0					974	NCBITAXON:http://purl.bioontology.org/ontology/NCBITAXON/4530	Oryza sativa	in house mass spectral library		2		AIoutput2	0.746						not found	2026-06-18 13:19:42	not found	2026-06-18 13:19:42	1.86	0.41	1.54	0.39	0.36	2.07	1.76	1.78	2.15	0.41	0.74	0.94	1.76	2.3	0.62	0.67	0.42	0.61
CHEBI:141072	C9H18O2	C(=O)(O)*		C9:0					971	NCBITAXON:http://purl.bioontology.org/ontology/NCBITAXON/4530	Oryza sativa	in house mass spectral library		1		AIoutput2	0.663						not found	2026-06-18 13:19:42	not found	2026-06-18 13:19:42	2.05	2.48	3.5	1.85	1.64	1.76	3.45	1.88	4.25	1.61	1.53	1.81	2.87	2	1.33	1.46	1.77	3.55
CHEBI:28623	C28H48O	[H][C@@]1(CC[C@@]2([H])[C@]3([H])CC=C4C[C@@H](O)CC[C@]4(C)[C@@]3([H])CC[C@]12C)[C@H](C)CC[C@@H](C)C(C)C	InChI=1S/C28H48O/c1-18(2)19(3)7-8-20(4)24-11-12-25-23-10-9-21-17-22(29)13-15-27(21,5)26(23)14-16-28(24,25)6/h9,18-20,22-26,29H,7-8,10-17H2,1-6H3/t19-,20-,22+,23+,24-,25+,26+,27+,28-/m1/s1	Campesterol					2630	NCBITAXON:http://purl.bioontology.org/ontology/NCBITAXON/4530	Oryza sativa	in house mass spectral library		4		AIoutput2	0.93				CHEBI:28623	RM0135716	first assignment	2026-06-18 13:19:42	first assignment	2026-06-18 13:19:42	1063.6	1117.13	1204.5	691.53	320.78	337.98	247.01	294.55	172.77	354.33	406.96	297.95	309.2	528.13	270.5	338.8	373.73	357.67
CHEBI:16113	C27H46O	CC(C)CCC[C@@H](C)[C@H]1CC[C@H]2[C@@H]3CC=C4C[C@@H](O)CC[C@]4(C)[C@H]3CC[C@]12C	InChI=1S/C27H46O/c1-18(2)7-6-8-19(3)23-11-12-24-22-10-9-20-17-21(28)13-15-26(20,4)25(22)14-16-27(23,24)5/h9,18-19,21-25,28H,6-8,10-17H2,1-5H3/t19-,21+,22+,23-,24+,25+,26+,27-/m1/s1	Cholesterol					2563	NCBITAXON:http://purl.bioontology.org/ontology/NCBITAXON/4530	Oryza sativa	in house mass spectral library		4		AIoutput2	0.925				CHEBI:16113	RM0135639	first assignment	2026-06-18 13:19:42	first assignment	2026-06-18 13:19:42	30.71	31.6	37.28	19.51	7.92	12.45	7.44	6.95	4.03	5.99	7.24	5.48	5.5	14.15	7.72	10.03	11.9	9.87
CHEBI:32805	C6H6O6	OC(=O)CC(=CC(O)=O)C(O)=O	InChI=1S/C6H6O6/c7-4(8)1-3(6(11)12)2-5(9)10/h1H,2H2,(H,7,8)(H,9,10)(H,11,12)/b3-1-	cis-Aconitic acid					1456	NCBITAXON:http://purl.bioontology.org/ontology/NCBITAXON/4530	Oryza sativa	in house mass spectral library		3		AIoutput2	0.867					RM0021619	failed	2026-06-18 13:19:42	first assignment	2026-06-18 13:19:42	1.86	0.41	1.54	0.39	0.36	2.36	2.43	2.94	2.15	0.69	0.44	1.7	0.54	1.23	1.48	4.21	0.7	0.37
CHEBI:30769	C6H8O7	OC(=O)CC(O)(CC(O)=O)C(O)=O	InChI=1S/C6H8O7/c7-3(8)1-6(13,5(11)12)2-4(9)10/h13H,1-2H2,(H,7,8)(H,9,10)(H,11,12)	Citric acid					1540	NCBITAXON:http://purl.bioontology.org/ontology/NCBITAXON/4530	Oryza sativa	in house mass spectral library		3		AIoutput2	0.88					RM0135884	not found	2026-06-18 13:19:42	first assignment	2026-06-18 13:19:42	618.66	480.54	678.01	515.65	262.71	61.54	63.67	161.68	68.44	294.97	241.67	194.36	285.47	308.33	392.75	838.19	572.82	490.3
CHEBI:17030	C30H50O	[H][C@@]12CC[C@@]3([H])[C@]4(C)CC[C@H](C(C)CCC=C(C)C)[C@@]4(C)CC[C@]33C[C@]13CC[C@H](O)C2(C)C	InChI=1S/C30H50O/c1-20(2)9-8-10-21(3)22-13-15-28(7)24-12-11-23-26(4,5)25(31)14-16-29(23)19-30(24,29)18-17-27(22,28)6/h9,21-25,31H,8,10-19H2,1-7H3/t21?,22-,23+,24+,25+,27-,28+,29-,30+/m1/s1	Cycloartenol					2720	NCBITAXON:http://purl.bioontology.org/ontology/NCBITAXON/4530	Oryza sativa	in house mass spectral library		5							CHEBI:17030	RM0126042	first assignment	2026-06-18 13:19:42	first assignment	2026-06-18 13:19:42	639.3	735.79	732.56	462.52	64.96	77.99	51.17	62.79	32.88	100.88	124.47	78.09	72.45	232.99	120.55	173.58	152.8	151.04
CHEBI:15824	C6H12O6	C(C(C(C(C(=O)CO)O)O)O)O	InChI=1S/C6H12O6/c7-1-3(9)5(11)6(12)4(10)2-8/h3,5-9,11-12H,1-2H2/t3-,5-,6-/m1/s1	D-Fructose					1582	NCBITAXON:http://purl.bioontology.org/ontology/NCBITAXON/4530	Oryza sativa	in house mass spectral library		1		AIoutput2	0.65					RM0136734	not found	2026-06-18 13:19:42	first assignment	2026-06-18 13:19:42	1.12	0.81	0.92	0.78	0.59	0.67	0.71	0.61	1.29	0.69	0.44	0.8	0.54	0.98	1.54	4.73	2.96	2.83
CHEBI:15824	C6H12O6	C(C(C(C(C(=O)CO)O)O)O)O	InChI=1S/C6H12O6/c7-1-3(9)5(11)6(12)4(10)2-8/h3,5-9,11-12H,1-2H2/t3-,5-,6-/m1/s1	D-Fructose					1589	NCBITAXON:http://purl.bioontology.org/ontology/NCBITAXON/4530	Oryza sativa	in house mass spectral library		2		AIoutput2	0.772					RM0136734	not found	2026-06-18 13:19:42	first assignment	2026-06-18 13:19:42	16.98	0.41	1.54	0.39	0.36	0.78	0.43	7.45	2.58	2.8	2.68	0.48	4.04	5.19	0.62	37.35	24.41	23.26
CHEBI:15824	C6H12O6	C(C(C(C(C(=O)CO)O)O)O)O	InChI=1S/C6H12O6/c7-1-3(9)5(11)6(12)4(10)2-8/h3,5-9,11-12H,1-2H2/t3-,5-,6-/m1/s1	D-Fructose					1604	NCBITAXON:http://purl.bioontology.org/ontology/NCBITAXON/4530	Oryza sativa	in house mass spectral library		4		AIoutput2	0.925					RM0136734	not found	2026-06-18 13:19:42	first assignment	2026-06-18 13:19:42	1710.22	716.6	1534.8	686.15	582.42	406.09	361.36	632.68	422.51	373.97	329.25	238.83	339.44	460.04	533.68	1074.93	687.1	596.87
CHEBI:15824	C6H12O6	C(C(C(C(C(=O)CO)O)O)O)O	InChI=1S/C6H12O6/c7-1-3(9)5(11)6(12)4(10)2-8/h3,5-9,11-12H,1-2H2/t3-,5-,6-/m1/s1	D-Fructose					1615	NCBITAXON:http://purl.bioontology.org/ontology/NCBITAXON/4530	Oryza sativa	in house mass spectral library		4		AIoutput2	0.905					RM0136734	not found	2026-06-18 13:19:42	first assignment	2026-06-18 13:19:42	258.93	320.12	287.48	331.88	152.59	77.59	73.84	107.57	63.27	83.56	70.37	57.96	71.12	205.33	278.43	691.15	504.14	403.02
CHEBI:4167	C6H12O6	OC[C@H]1OC(O)[C@H](O)[C@@H](O)[C@@H]1O	InChI=1S/C6H12O6/c7-1-2-3(8)4(9)5(10)6(11)12-2/h2-11H,1H2/t2-,3-,4+,5-,6?/m1/s1	D-Glucose					1624	NCBITAXON:http://purl.bioontology.org/ontology/NCBITAXON/4530	Oryza sativa	in house mass spectral library		4		AIoutput2	0.927					RM0135901	not found	2026-06-18 13:19:42	first assignment	2026-06-18 13:19:42	1.86	441.94	366.26	344	210.62	0.78	0.43	0.74	37.25	0.41	0.74	0.48	0.9	0.41	0.62	0.67	190.16	216.24
CHEBI:4167	C6H12O6	OC[C@H]1OC(O)[C@H](O)[C@@H](O)[C@@H]1O	InChI=1S/C6H12O6/c7-1-2-3(8)4(9)5(10)6(11)12-2/h2-11H,1H2/t2-,3-,4+,5-,6?/m1/s1	D-Glucose					1629	NCBITAXON:http://purl.bioontology.org/ontology/NCBITAXON/4530	Oryza sativa	in house mass spectral library		4		AIoutput2	0.914					RM0135901	not found	2026-06-18 13:19:42	first assignment	2026-06-18 13:19:42	1316.77	636.48	1226.68	647.54	541.93	605.41	539.4	599.4	687.93	351.08	304	259.18	325.74	460.89	507.1	1054.77	675.89	586.83
CHEBI:4167	C6H12O6	OC[C@H]1OC(O)[C@H](O)[C@@H](O)[C@@H]1O	InChI=1S/C6H12O6/c7-1-2-3(8)4(9)5(10)6(11)12-2/h2-11H,1H2/t2-,3-,4+,5-,6?/m1/s1	D-Glucose					1609	NCBITAXON:http://purl.bioontology.org/ontology/NCBITAXON/4530	Oryza sativa	in house mass spectral library		2		AIoutput2	0.704					RM0135901	not found	2026-06-18 13:19:42	first assignment	2026-06-18 13:19:42	5.82	1.38	6.48	4.35	3.71	3.27	3.91	3.27	3.75	3.69	3.97	3.75	4.04	4.48	2.84	3.38	3.61	4.12
CHEBI:17306	C12H22O11	OC[C@H]1O[C@H](O[C@@H]2[C@@H](CO)OC(O)[C@H](O)[C@H]2O)[C@H](O)[C@@H](O)[C@@H]1O	InChI=1S/C12H22O11/c13-1-3-5(15)6(16)9(19)12(22-3)23-10-4(2-14)21-11(20)8(18)7(10)17/h3-20H,1-2H2/t3-,4-,5-,6+,7-,8-,9-,10-,11?,12-/m1/s1	D-Maltose					2342	NCBITAXON:http://purl.bioontology.org/ontology/NCBITAXON/4530	Oryza sativa	in house mass spectral library		4		AIoutput2	0.929					RM0139031	not found	2026-06-18 13:19:42	first assignment	2026-06-18 13:19:42	231.1	175.62	217.43	167.77	366.86	480.61	247.59	250.57	522.35	73.17	108.45	59.97	69.67	73.28	87.48	186.22	127.27	95.72
CHEBI:17306	C12H22O11	OC[C@H]1O[C@H](O[C@@H]2[C@@H](CO)OC(O)[C@H](O)[C@H]2O)[C@H](O)[C@@H](O)[C@@H]1O	InChI=1S/C12H22O11/c13-1-3-5(15)6(16)9(19)12(22-3)23-10-4(2-14)21-11(20)8(18)7(10)17/h3-20H,1-2H2/t3-,4-,5-,6+,7-,8-,9-,10-,11?,12-/m1/s1	D-Maltose					2361	NCBITAXON:http://purl.bioontology.org/ontology/NCBITAXON/4530	Oryza sativa	in house mass spectral library		3		AIoutput2	0.83					RM0139031	not found	2026-06-18 13:19:42	first assignment	2026-06-18 13:19:42	1.12	8.89	9.2	10.22	71.44	107.31	55.25	49.41	120.92	0.69	0.44	0.8	0.54	0.68	0.37	12.48	0.7	0.37
CHEBI:16988	C5H10O5	C1C(C(C(C(O1)O)O)O)O	InChI=1S/C5H10O5/c6-2-1-10-5(9)4(8)3(2)7/h2-9H,1H2/t2-,3-,4-,5?/m1/s1	D-Ribose					1375	NCBITAXON:http://purl.bioontology.org/ontology/NCBITAXON/4530	Oryza sativa	in house mass spectral library		1		AIoutput2	0.641					RM0006551	not found	2026-06-18 13:19:42	first assignment	2026-06-18 13:19:42	68.41	38.7	65.27	41.23	23.22	0.47	0.71	16.47	1.29	0.69	0.44	0.8	0.54	1.61	0.37	1.12	0.7	10.92
CHEBI:16988	C5H10O5	C1C(C(C(C(O1)O)O)O)O	InChI=1S/C5H10O5/c6-2-1-10-5(9)4(8)3(2)7/h2-9H,1H2/t2-,3-,4-,5?/m1/s1	D-Ribose					1378	NCBITAXON:http://purl.bioontology.org/ontology/NCBITAXON/4530	Oryza sativa	in house mass spectral library		1		AIoutput2	0.693					RM0006551	not found	2026-06-18 13:19:42	first assignment	2026-06-18 13:19:42	8.53	0.68	11.14	0.65	3.19	0.47	0.71	4.26	1.29	0.69	0.44	0.8	0.54	0.68	1.65	3.74	0.7	0.37
CHEBI:16988	C5H10O5	C1C(C(C(C(O1)O)O)O)O	InChI=1S/C5H10O5/c6-2-1-10-5(9)4(8)3(2)7/h2-9H,1H2/t2-,3-,4-,5?/m1/s1	D-Ribose					1381	NCBITAXON:http://purl.bioontology.org/ontology/NCBITAXON/4530	Oryza sativa	in house mass spectral library		3		AIoutput2	0.822					RM0006551	not found	2026-06-18 13:19:42	first assignment	2026-06-18 13:19:42	1.12	0.68	0.92	0.65	0.59	2.36	2.94	0.44	2.51	1.81	1.85	1.65	2.25	1.46	2.19	5.01	4.08	3.71
CHEBI:16988	C5H10O5	C1C(C(C(C(O1)O)O)O)O	InChI=1S/C5H10O5/c6-2-1-10-5(9)4(8)3(2)7/h2-9H,1H2/t2-,3-,4-,5?/m1/s1	D-Ribose					1398	NCBITAXON:http://purl.bioontology.org/ontology/NCBITAXON/4530	Oryza sativa	in house mass spectral library		3		AIoutput2	0.844					RM0006551	not found	2026-06-18 13:19:42	first assignment	2026-06-18 13:19:42	1.94	1.72	2.42	2.6	1.83	2.39	2.33	2.59	2.39	1.04	1.03	0.91	1.25	0.68	0.58	1.61	1.39	1.17
CHEBI:43619	C20H42	CCCCCCCCCCCCCCCCCCCC	InChI=1S/C20H42/c1-3-5-7-9-11-13-15-17-19-20-18-16-14-12-10-8-6-4-2/h3-20H2,1-2H3	Eicosane					1685	NCBITAXON:http://purl.bioontology.org/ontology/NCBITAXON/4530	Oryza sativa	in house mass spectral library		3		AIoutput2	0.82					RM0153872	not found	2026-06-18 13:19:42	first assignment	2026-06-18 13:19:42	9.17	9.78	12.62	8.89	5.4	5.79	7.78	5.5	7.13	6.46	7.35	7.44	10.46	7.39	5.14	5.19	6.58	7.54
CHEBI:16000	C2H7NO	NCCO	InChI=1S/C2H7NO/c3-1-2-4/h4H,1-3H2	Ethanolamine					828	NCBITAXON:http://purl.bioontology.org/ontology/NCBITAXON/4530	Oryza sativa	in house mass spectral library		1		AIoutput2	0.689				CHEBI:16000	RM0040238	first assignment	2026-06-18 13:19:42	first assignment	2026-06-18 13:19:42	2.59	0.41	3.68	0.39	0.36	0.78	2.75	0.74	2.15	1.27	1.99	2.75	3.08	1.64	1.81	0.67	0.42	0.61
CHEBI:16000	C2H7NO	NCCO	InChI=1S/C2H7NO/c3-1-2-4/h4H,1-3H2	Ethanolamine					842	NCBITAXON:http://purl.bioontology.org/ontology/NCBITAXON/4530	Oryza sativa	in house mass spectral library		5		AIoutput2	0.998				CHEBI:16000	RM0040238	first assignment	2026-06-18 13:19:42	first assignment	2026-06-18 13:19:42	538.93	213.23	511.64	223.26	230.19	356.3	319.55	335.91	140.94	281.25	293.04	304.2	346.31	226.84	245.32	503.29	333.89	285.93
CHEBI:78697	C6H13O9P	C(C(C(C(C(=O)CO)O)O)O)OP(=O)(O)O	InChI=1S/C6H13O9P/c7-1-3(8)5(10)6(11)4(9)2-15-16(12,13)14/h4-7,9-11H,1-2H2,(H2,12,13,14)/t4-,5-,6-/m1/s1	Fructose 6-phosphate					1988	NCBITAXON:http://purl.bioontology.org/ontology/NCBITAXON/4530	Oryza sativa	in house mass spectral library		1		AIoutput2	0.636					RM0030190	not found	2026-06-18 13:19:42	first assignment	2026-06-18 13:19:42	1.12	1.12	0.92	1.08	0.59	0.47	0.71	0.44	1.29	1.27	1.09	0.8	0.54	15.68	30.21	59.31	38.37	33.38
CHEBI:18012	C4H4O4	OC(=O)C=CC(O)=O	InChI=1S/C4H4O4/c5-3(6)1-2-4(7)8/h1-2H,(H,5,6)(H,7,8)/b2-1+	Fumaric acid					948	NCBITAXON:http://purl.bioontology.org/ontology/NCBITAXON/4530	Oryza sativa	in house mass spectral library		4		AIoutput2	0.948					RM0135891	not found	2026-06-18 13:19:42	first assignment	2026-06-18 13:19:42	1.12	2.96	0.92	2.58	4.42	0.47	0.71	0.44	1.29	0.69	0.44	0.8	0.54	0.68	3.79	7.15	0.7	4.39
CHEBI:18012	C4H4O4	OC(=O)C=CC(O)=O	InChI=1S/C4H4O4/c5-3(6)1-2-4(7)8/h1-2H,(H,5,6)(H,7,8)/b2-1+	Fumaric acid					952	NCBITAXON:http://purl.bioontology.org/ontology/NCBITAXON/4530	Oryza sativa	in house mass spectral library		5		AIoutput2	0.953					RM0135891	not found	2026-06-18 13:19:42	first assignment	2026-06-18 13:19:42	2.33	1.95	2.21	1.56	2.96	4.53	4.9	4.2	1.29	4.83	4.34	3.55	4.01	2.42	2.63	4.9	4.39	2.87
CHEBI:18012	C4H4O4	OC(=O)C=CC(O)=O	InChI=1S/C4H4O4/c5-3(6)1-2-4(7)8/h1-2H,(H,5,6)(H,7,8)/b2-1+	Fumaric acid					961	NCBITAXON:http://purl.bioontology.org/ontology/NCBITAXON/4530	Oryza sativa	in house mass spectral library		5		AIoutput2	0.972					RM0135891	not found	2026-06-18 13:19:42	first assignment	2026-06-18 13:19:42	7.79	6.98	7.21	18.9	10.25	10.81	13.2	13.68	13.86	13.66	8.78	7.67	9.85	6.88	10.4	23.41	22.74	15.2
CHEBI:18012	C4H4O4	OC(=O)C=CC(O)=O	InChI=1S/C4H4O4/c5-3(6)1-2-4(7)8/h1-2H,(H,5,6)(H,7,8)/b2-1+	Fumaric acid					982	NCBITAXON:http://purl.bioontology.org/ontology/NCBITAXON/4530	Oryza sativa	in house mass spectral library		3		AIoutput2	0.845					RM0135891	not found	2026-06-18 13:19:42	first assignment	2026-06-18 13:19:42	1.12	0.68	0.92	0.65	0.59	0.47	0.71	0.44	1.29	0.69	0.44	0.8	0.54	0.68	0.56	1.23	0.91	0.72
CHEBI:16865	C4H9NO2	NCCCC(O)=O	InChI=1S/C4H9NO2/c5-3-1-2-4(6)7/h1-3,5H2,(H,6,7)	Gamma-Aminobutyric acid					1176	NCBITAXON:http://purl.bioontology.org/ontology/NCBITAXON/4530	Oryza sativa	in house mass spectral library		2		AIoutput2	0.773					RM0153263	not found	2026-06-18 13:19:42	first assignment	2026-06-18 13:19:42	1.12	25.47	1.54	0.39	21.83	8.72	8.06	0.74	14.16	6.61	7.09	9.65	13.56	0.41	0.62	12.37	0.42	0.61
CHEBI:16865	C4H9NO2	NCCCC(O)=O	InChI=1S/C4H9NO2/c5-3-1-2-4(6)7/h1-3,5H2,(H,6,7)	Gamma-Aminobutyric acid					1199	NCBITAXON:http://purl.bioontology.org/ontology/NCBITAXON/4530	Oryza sativa	in house mass spectral library		4		AIoutput2	0.916					RM0153263	not found	2026-06-18 13:19:42	first assignment	2026-06-18 13:19:42	348.55	323.44	363.5	414.18	389.66	400.53	339.12	512.1	416.74	176.23	145.51	122.92	163.69	8.65	16.1	34.24	30.36	34.47
CHEBI:16865	C4H9NO2	NCCCC(O)=O	InChI=1S/C4H9NO2/c5-3-1-2-4(6)7/h1-3,5H2,(H,6,7)	Gamma-Aminobutyric acid					1175	NCBITAXON:http://purl.bioontology.org/ontology/NCBITAXON/4530	Oryza sativa	in house mass spectral library		2		AIoutput2	0.779					RM0153263	not found	2026-06-18 13:19:42	first assignment	2026-06-18 13:19:42	21.62	27.83	35.16	18.8	16.39	20.5	22.03	15.1	22.11	16.76	19.32	20.82	26.14	16.33	16.37	12.76	19.84	19.47
CHEBI:16077	C6H13O9P	OC[C@H]1OC(OP(O)(O)=O)[C@H](O)[C@@H](O)[C@@H]1O	InChI=1S/C6H13O9P/c7-1-2-3(8)4(9)5(10)6(14-2)15-16(11,12)13/h2-10H,1H2,(H2,11,12,13)/t2-,3-,4+,5-,6?/m1/s1	Glucose 1-phosphate					852	NCBITAXON:http://purl.bioontology.org/ontology/NCBITAXON/4530	Oryza sativa	in house mass spectral library		5		AIoutput2	0.97					RM0034128	not found	2026-06-18 13:19:42	first assignment	2026-06-18 13:19:42	9.02	1.38	11.33	8.3	6.41	4.2	7.69	6.51	10.96	7.82	8.37	8.43	7.76	6.28	4.89	5.16	5.76	11.11
CHEBI:16077	C6H13O9P	OC[C@H]1OC(OP(O)(O)=O)[C@H](O)[C@@H](O)[C@@H]1O	InChI=1S/C6H13O9P/c7-1-2-3(8)4(9)5(10)6(14-2)15-16(11,12)13/h2-10H,1H2,(H2,11,12,13)/t2-,3-,4+,5-,6?/m1/s1	Glucose 1-phosphate					863	NCBITAXON:http://purl.bioontology.org/ontology/NCBITAXON/4530	Oryza sativa	in house mass spectral library		5		AIoutput2	0.993					RM0034128	not found	2026-06-18 13:19:42	first assignment	2026-06-18 13:19:42	18.93	22.72	21.19	25.05	12.8	23.14	15.16	14.91	22.16	17.1	17.64	18.32	13.83	12.25	9.6	11.61	12.08	25.47
CHEBI:14314	C6H13O9P	C(C1C(C(C(C(O1)O)O)O)O)OP(=O)(O)O	InChI=1S/C6H13O9P/c7-3-2(1-14-16(11,12)13)15-6(10)5(9)4(3)8/h2-10H,1H2,(H2,11,12,13)/t2-,3-,4+,5-,6?/m1/s1	Glucose 6-phosphate					2015	NCBITAXON:http://purl.bioontology.org/ontology/NCBITAXON/4530	Oryza sativa	in house mass spectral library		3		AIoutput2	0.894					RM0136106	not found	2026-06-18 13:19:42	first assignment	2026-06-18 13:19:42	1.86	0.41	1.54	0.39	1.75	2.7	1.5	1.58	2.15	0.41	0.74	0.48	0.9	0.41	0.62	0.67	0.42	0.61
CHEBI:33508	C3H6O4	OCC(O)C(O)=O	InChI=1S/C3H6O4/c4-1-2(5)3(6)7/h2,4-5H,1H2,(H,6,7)	Glyceric acid					951	NCBITAXON:http://purl.bioontology.org/ontology/NCBITAXON/4530	Oryza sativa	in house mass spectral library		4		AIoutput2	0.945					RM0135902	not found	2026-06-18 13:19:42	first assignment	2026-06-18 13:19:42	1.12	3.66	1.54	0.39	0.36	0.78	0.43	0.74	2.15	0.41	2.64	0.48	0.9	3.03	4.71	9.48	6.69	5.85
CHEBI:17754	C3H8O3	OCC(O)CO	InChI=1S/C3H8O3/c4-1-3(6)2-5/h3-6H,1-2H2	Glycerol					869	NCBITAXON:http://purl.bioontology.org/ontology/NCBITAXON/4530	Oryza sativa	in house mass spectral library		5		AIoutput2	0.994				CHEBI:17754	RM0135887	first assignment	2026-06-18 13:19:42	first assignment	2026-06-18 13:19:42	250.2	304.07	247.98	396.12	106.57	34.2	38.29	79.97	18.49	203.3	185.37	141.99	166.6	186	310.27	666.98	486.7	395.68
CHEBI:17754	C3H8O3	OCC(O)CO	InChI=1S/C3H8O3/c4-1-3(6)2-5/h3-6H,1-2H2	Glycerol					866	NCBITAXON:http://purl.bioontology.org/ontology/NCBITAXON/4530	Oryza sativa	in house mass spectral library		4		AIoutput2	0.944				CHEBI:17754	RM0135887	first assignment	2026-06-18 13:19:42	first assignment	2026-06-18 13:19:42	17.07	8.49	14.94	6.34	3.25	4.25	8.94	4.92	9.47	3.72	5.41	7.94	7.33	8.17	7.08	3.8	7.83	14.96
CHEBI:15428	C2H5NO2	NCC(O)=O	InChI=1S/C2H5NO2/c3-1-2(4)5/h1,3H2,(H,4,5)	Glycine					902	NCBITAXON:http://purl.bioontology.org/ontology/NCBITAXON/4530	Oryza sativa	in house mass spectral library		5		AIoutput2	0.967				CHEBI:15428	RM0135888	first assignment	2026-06-18 13:19:42	first assignment	2026-06-18 13:19:42	121.2	121.3	118.54	176.24	56.05	23.03	23.08	45.57	13.8	63.56	56.07	42.59	57.22	37.15	55.63	122.31	93.4	78.66
CHEBI:15428	C2H5NO2	NCC(O)=O	InChI=1S/C2H5NO2/c3-1-2(4)5/h1,3H2,(H,4,5)	Glycine					930	NCBITAXON:http://purl.bioontology.org/ontology/NCBITAXON/4530	Oryza sativa	in house mass spectral library		2		AIoutput2	0.799				CHEBI:15428	RM0135888	first assignment	2026-06-18 13:19:42	first assignment	2026-06-18 13:19:42	1.12	0.68	2.9	0.65	0.59	1.28	1.4	1.23	1.29	0.81	1.4	1.56	1.98	0.68	0.37	1.12	0.7	0.37
CHEBI:15428	C2H5NO2	NCC(O)=O	InChI=1S/C2H5NO2/c3-1-2(4)5/h1,3H2,(H,4,5)	Glycine					900	NCBITAXON:http://purl.bioontology.org/ontology/NCBITAXON/4530	Oryza sativa	in house mass spectral library		4		AIoutput2	0.929				CHEBI:15428	RM0135888	first assignment	2026-06-18 13:19:42	first assignment	2026-06-18 13:19:42	3.13	2.91	3.73	2.07	2.08	2.61	2.56	1.72	2.25	2.38	2.22	2.18	2.78	2.31	1.92	1.55	2.16	2.08
CHEBI:15428	C2H5NO2	NCC(O)=O	InChI=1S/C2H5NO2/c3-1-2(4)5/h1,3H2,(H,4,5)	Glycine					931	NCBITAXON:http://purl.bioontology.org/ontology/NCBITAXON/4530	Oryza sativa	in house mass spectral library		2		AIoutput2	0.73				CHEBI:15428	RM0135888	first assignment	2026-06-18 13:19:42	first assignment	2026-06-18 13:19:42	2.05	2.3	3.03	2.34	1.64	0.97	2.02	2.1	2.95	1.61	1.59	1.85	2.41	2	0.93	1.46	1.88	2.33
CHEBI:16235	C5H5N5O	C12=C(N=C(NC1=O)N)NC=N2	InChI=1S/C5H5N5O/c6-5-9-3-2(4(11)10-5)7-1-8-3/h1H,(H4,6,7,8,9,10,11)	Guanine					1820	NCBITAXON:http://purl.bioontology.org/ontology/NCBITAXON/4530	Oryza sativa	in house mass spectral library		4		AIoutput2	0.948				CHEBI:16235	RM0018303	first assignment	2026-06-18 13:19:42	first assignment	2026-06-18 13:19:42	1.86	0.41	1.54	0.39	0.52	0.78	0.43	0.74	2.15	0.41	0.74	0.48	0.9	0.8	1.4	2.77	1.79	1.65
CHEBI:16148	C17H36	CCCCCCCCCCCCCCCCC	InChI=1S/C17H36/c1-3-5-7-9-11-13-15-17-16-14-12-10-8-6-4-2/h3-17H2,1-2H3	Heptadecane					1392	NCBITAXON:http://purl.bioontology.org/ontology/NCBITAXON/4530	Oryza sativa	in house mass spectral library		2		AIoutput2	0.727				CHEBI:16148	RM0135032	first assignment	2026-06-18 13:19:42	first assignment	2026-06-18 13:19:42	11.17	14.3	18.65	9.57	6.7	7.85	10.05	6.63	9.81	7.69	8.46	7.98	11	7.56	6.99	5.42	9.34	8.89
CHEBI:30838	C5H6O4	C(C(CC(O)=O)=C)(O)=O	InChI=1S/C5H6O4/c1-3(5(8)9)2-4(6)7/h1-2H2,(H,6,7)(H,8,9)	Itaconic acid					962	NCBITAXON:http://purl.bioontology.org/ontology/NCBITAXON/4530	Oryza sativa	in house mass spectral library		4		AIoutput2	0.925					RM0152814	not found	2026-06-18 13:19:42	first assignment	2026-06-18 13:19:42	1.12	0.68	0.92	5.85	3.13	3.52	3.54	3.05	4.45	3.53	0.74	2.14	3.24	2.14	0.62	1.12	0.42	3.95
CHEBI:16934	C4H6N2O2	N[C@@H](CC#N)C(O)=O	InChI=1S/C4H6N2O2/c5-2-1-3(6)4(7)8/h3H,1,6H2,(H,7,8)/t3-/m0/s1	L-3-Cyanoalanine					984	NCBITAXON:http://purl.bioontology.org/ontology/NCBITAXON/4530	Oryza sativa	in house mass spectral library		3		AIoutput2	0.857					RM0136807	not found	2026-06-18 13:19:42	first assignment	2026-06-18 13:19:42	28.01	19.12	18.46	13.42	2.35	0.78	0.43	2.51	2.15	0.97	0.85	0.68	0.9	1.5	1.33	1.63	0.97	1.63
CHEBI:16934	C4H6N2O2	N[C@@H](CC#N)C(O)=O	InChI=1S/C4H6N2O2/c5-2-1-3(6)4(7)8/h3H,1,6H2,(H,7,8)/t3-/m0/s1	L-3-Cyanoalanine					1000	NCBITAXON:http://purl.bioontology.org/ontology/NCBITAXON/4530	Oryza sativa	in house mass spectral library		5		AIoutput2	0.993					RM0136807	not found	2026-06-18 13:19:42	first assignment	2026-06-18 13:19:42	107.6	68.48	92.01	83.5	25.46	1.45	1.75	10.73	2.15	2.94	2.44	1.95	2.78	3.95	5.73	9.36	5.67	7.91
CHEBI:16977	C3H7NO2	C[C@H](N)C(O)=O	InChI=1S/C3H7NO2/c1-2(4)3(5)6/h2H,4H2,1H3,(H,5,6)/t2-/m0/s1	L-Alanine					536	NCBITAXON:http://purl.bioontology.org/ontology/NCBITAXON/4530	Oryza sativa	in house mass spectral library		3		AIoutput2	0.807					RM0135898	not found	2026-06-18 13:19:42	first assignment	2026-06-18 13:19:42	1.86	0.41	1.54	0.39	0.36	0.78	0.43	0.74	2.15	0.41	0.74	0.48	0.9	0.41	0.85	1.66	1.17	0.81
CHEBI:17053	C4H7NO4	N[C@@H](CC(O)=O)C(O)=O	InChI=1S/C4H7NO4/c5-2(4(8)9)1-3(6)7/h2H,1,5H2,(H,6,7)(H,8,9)/t2-/m0/s1	L-Aspartic acid					1182	NCBITAXON:http://purl.bioontology.org/ontology/NCBITAXON/4530	Oryza sativa	in house mass spectral library		3		AIoutput2	0.893					RM0135905	not found	2026-06-18 13:19:42	first assignment	2026-06-18 13:19:42	316.57	309.07	274.1	273.75	0.59	0.47	36.5	81.64	1.29	84.9	81.52	62.46	91.04	76.28	104.56	182.24	134.09	122.45
CHEBI:17053	C4H7NO4	N[C@@H](CC(O)=O)C(O)=O	InChI=1S/C4H7NO4/c5-2(4(8)9)1-3(6)7/h2H,1,5H2,(H,6,7)(H,8,9)/t2-/m0/s1	L-Aspartic acid					1190	NCBITAXON:http://purl.bioontology.org/ontology/NCBITAXON/4530	Oryza sativa	in house mass spectral library		4		AIoutput2	0.928					RM0135905	not found	2026-06-18 13:19:42	first assignment	2026-06-18 13:19:42	1.12	409.04	341.04	378.13	0.59	45.42	0.71	0.44	1.29	0.69	0.44	0.8	0.54	0.68	139.32	266.1	163.41	173.71
CHEBI:17053	C4H7NO4	N[C@@H](CC(O)=O)C(O)=O	InChI=1S/C4H7NO4/c5-2(4(8)9)1-3(6)7/h2H,1,5H2,(H,6,7)(H,8,9)/t2-/m0/s1	L-Aspartic acid					1199	NCBITAXON:http://purl.bioontology.org/ontology/NCBITAXON/4530	Oryza sativa	in house mass spectral library		4		AIoutput2	0.901					RM0135905	not found	2026-06-18 13:19:42	first assignment	2026-06-18 13:19:42	1513.02	728.54	1346.57	704.08	485.29	173.1	175.18	471.03	268.92	415.54	323.53	268.91	429.19	443.15	525.11	991.63	672	585.23
CHEBI:17053	C4H7NO4	N[C@@H](CC(O)=O)C(O)=O	InChI=1S/C4H7NO4/c5-2(4(8)9)1-3(6)7/h2H,1,5H2,(H,6,7)(H,8,9)/t2-/m0/s1	L-Aspartic acid					1198	NCBITAXON:http://purl.bioontology.org/ontology/NCBITAXON/4530	Oryza sativa	in house mass spectral library		4		AIoutput2	0.929					RM0135905	not found	2026-06-18 13:19:42	first assignment	2026-06-18 13:19:42	5.18	7.12	3.04	2.93	3.04	2.91	1.85	1.56	1.8	5.46	1.94	2.04	2.08	2.63	1.89	0.88	1.43	1.69
CHEBI:141061	C24H48O2	O(CCCCCCCCCCCC)C(=O)CCCCCCCCCCC	InChI=1S/C24H48O2/c1-3-5-7-9-11-13-15-17-19-21-23-26-24(25)22-20-18-16-14-12-10-8-6-4-2/h3-23H2,1-2H3	Lauryl laurate(C12:0_C12:0)					2177	NCBITAXON:http://purl.bioontology.org/ontology/NCBITAXON/4530	Oryza sativa	in house mass spectral library		2		AIoutput2	0.701						failed	2026-06-18 13:19:42	not found	2026-06-18 13:19:42	2.39	1.38	3.04	1.11	0.98	1.61	1.21	1.56	1.8	0.97	1.88	1.08	2.08	1.7	1.55	1.49	2	1.98
CHEBI:17561	C3H7NO2S	N[C@@H](CS)C(O)=O	InChI=1S/C3H7NO2S/c4-2(1-7)3(5)6/h2,7H,1,4H2,(H,5,6)/t2-/m0/s1	L-Cysteine					1236	NCBITAXON:http://purl.bioontology.org/ontology/NCBITAXON/4530	Oryza sativa	in house mass spectral library		4		AIoutput2	0.949					RM0129784	not found	2026-06-18 13:19:42	first assignment	2026-06-18 13:19:42	5.64	5.73	6.34	10.61	2.07	0.78	0.43	1.44	2.15	0.78	0.74	0.48	0.9	2.03	2.72	5.39	5.84	3.72
CHEBI:18050	C5H10N2O3	N[C@@H](CCC(N)=O)C(O)=O	InChI=1S/C5H10N2O3/c6-3(5(9)10)1-2-4(7)8/h3H,1-2,6H2,(H2,7,8)(H,9,10)/t3-/m0/s1	L-Glutamine					1460	NCBITAXON:http://purl.bioontology.org/ontology/NCBITAXON/4530	Oryza sativa	in house mass spectral library		2		AIoutput2	0.745					RM0012560	not found	2026-06-18 13:19:42	first assignment	2026-06-18 13:19:42	30.96	48.42	47.2	41.06	0.36	1.93	3.53	10.05	2.15	0.41	0.74	0.48	0.9	0.41	0.86	1.47	1.35	1.94
CHEBI:18050	C5H10N2O3	N[C@@H](CCC(N)=O)C(O)=O	InChI=1S/C5H10N2O3/c6-3(5(9)10)1-2-4(7)8/h3H,1-2,6H2,(H2,7,8)(H,9,10)/t3-/m0/s1	L-Glutamine					1480	NCBITAXON:http://purl.bioontology.org/ontology/NCBITAXON/4530	Oryza sativa	in house mass spectral library		3		AIoutput2	0.89					RM0012560	not found	2026-06-18 13:19:42	first assignment	2026-06-18 13:19:42	173.86	212.72	216.47	290.5	71.82	8.61	8.81	40.29	7.1	1.71	1.52	0.98	1.53	2.25	3.72	8.72	6.81	12.66
CHEBI:17191	C6H13NO2	CC[C@H](C)[C@H](N)C(O)=O	InChI=1S/C6H13NO2/c1-3-4(2)5(7)6(8)9/h4-5H,3,7H2,1-2H3,(H,8,9)/t4-,5-/m0/s1	L-Isoleucine					883	NCBITAXON:http://purl.bioontology.org/ontology/NCBITAXON/4530	Oryza sativa	in house mass spectral library		5		AIoutput2	0.957					RM0134975	not found	2026-06-18 13:19:42	first assignment	2026-06-18 13:19:42	1.86	19.74	15.43	18.09	7.55	0.78	0.43	6.81	2.15	0.41	0.74	0.48	0.9	4.78	7.41	17.39	14.1	12.05
CHEBI:17191	C6H13NO2	CC[C@H](C)[C@H](N)C(O)=O	InChI=1S/C6H13NO2/c1-3-4(2)5(7)6(8)9/h4-5H,3,7H2,1-2H3,(H,8,9)/t4-,5-/m0/s1	L-Isoleucine					888	NCBITAXON:http://purl.bioontology.org/ontology/NCBITAXON/4530	Oryza sativa	in house mass spectral library		5		AIoutput2	0.976					RM0134975	not found	2026-06-18 13:19:42	first assignment	2026-06-18 13:19:42	22.94	25.73	26.32	33.12	11.91	7.62	6.4	11.08	4.38	12.33	13.89	8.44	11.9	6.22	9.51	20.93	16.7	14.54
CHEBI:15603	C6H13NO2	CC(C)C[C@H](N)C(O)=O	InChI=1S/C6H13NO2/c1-4(2)3-5(7)6(8)9/h4-5H,3,7H2,1-2H3,(H,8,9)/t5-/m0/s1	L-Leucine					856	NCBITAXON:http://purl.bioontology.org/ontology/NCBITAXON/4530	Oryza sativa	in house mass spectral library		5		AIoutput2	0.985					RM0136379	not found	2026-06-18 13:19:42	first assignment	2026-06-18 13:19:42	38.43	36.39	40.39	49.2	16.25	10.29	8.98	16.12	5.02	14.18	14.69	9.33	13.86	7.17	11.51	26.21	20.25	17.31
CHEBI:18019	C6H14N2O2	NCCCC[C@H](N)C(O)=O	InChI=1S/C6H14N2O2/c7-4-2-1-3-5(8)6(9)10/h5H,1-4,7-8H2,(H,9,10)/t5-/m0/s1	L-Lysine					1626	NCBITAXON:http://purl.bioontology.org/ontology/NCBITAXON/4530	Oryza sativa	in house mass spectral library		1		AIoutput2	0.626					RM0135903	not found	2026-06-18 13:19:42	first assignment	2026-06-18 13:19:42	15.24	25.55	15.85	19.58	4.12	1.74	1.5	3.93	2.15	1.93	2.22	1.87	1.95	2.48	3.21	5.33	2.97	3.54
CHEBI:18019	C6H14N2O2	NCCCC[C@H](N)C(O)=O	InChI=1S/C6H14N2O2/c7-4-2-1-3-5(8)6(9)10/h5H,1-4,7-8H2,(H,9,10)/t5-/m0/s1	L-Lysine					1632	NCBITAXON:http://purl.bioontology.org/ontology/NCBITAXON/4530	Oryza sativa	in house mass spectral library		4		AIoutput2	0.935					RM0135903	not found	2026-06-18 13:19:42	first assignment	2026-06-18 13:19:42	236.19	307.31	253.52	341.17	82.63	12.6	12.17	39.73	13.01	16.53	14.47	9.38	16.63	32.01	41.59	74.67	63.69	60.53
CHEBI:30797	C4H6O5	O[C@@H](CC(O)=O)C(O)=O	InChI=1S/C4H6O5/c5-2(4(8)9)1-3(6)7/h2,5H,1H2,(H,6,7)(H,8,9)/t2-/m0/s1	L-Malic acid					1144	NCBITAXON:http://purl.bioontology.org/ontology/NCBITAXON/4530	Oryza sativa	in house mass spectral library		2		AIoutput2	0.701					RM0135894	not found	2026-06-18 13:19:42	first assignment	2026-06-18 13:19:42	158.41	336.28	205.25	257.22	0.36	23.47	23.09	36.36	2.15	12.18	13.13	8.64	0.9	4.86	20	28.66	22.64	26.07
CHEBI:30797	C4H6O5	O[C@@H](CC(O)=O)C(O)=O	InChI=1S/C4H6O5/c5-2(4(8)9)1-3(6)7/h2,5H,1H2,(H,6,7)(H,8,9)/t2-/m0/s1	L-Malic acid					1148	NCBITAXON:http://purl.bioontology.org/ontology/NCBITAXON/4530	Oryza sativa	in house mass spectral library		2		AIoutput2	0.76					RM0135894	not found	2026-06-18 13:19:42	first assignment	2026-06-18 13:19:42	49.23	0.68	0.92	24.33	0.36	15.83	16.72	0.74	2.15	9.67	8.28	6.88	0.54	0.68	0.37	0.67	0.7	0.37
CHEBI:30797	C4H6O5	O[C@@H](CC(O)=O)C(O)=O	InChI=1S/C4H6O5/c5-2(4(8)9)1-3(6)7/h2,5H,1H2,(H,6,7)(H,8,9)/t2-/m0/s1	L-Malic acid					1154	NCBITAXON:http://purl.bioontology.org/ontology/NCBITAXON/4530	Oryza sativa	in house mass spectral library		2		AIoutput2	0.728					RM0135894	not found	2026-06-18 13:19:42	first assignment	2026-06-18 13:19:42	59.55	0.68	0.92	0.65	0.59	0.47	0.71	25.7	2.2	0.69	13.73	9.91	10.35	3.62	9.96	23.58	16.09	0.61
CHEBI:30797	C4H6O5	O[C@@H](CC(O)=O)C(O)=O	InChI=1S/C4H6O5/c5-2(4(8)9)1-3(6)7/h2,5H,1H2,(H,6,7)(H,8,9)/t2-/m0/s1	L-Malic acid					1155	NCBITAXON:http://purl.bioontology.org/ontology/NCBITAXON/4530	Oryza sativa	in house mass spectral library		2		AIoutput2	0.794					RM0135894	not found	2026-06-18 13:19:42	first assignment	2026-06-18 13:19:42	23.02	38.43	0.92	0.65	0.59	0.47	16.06	0.44	1.29	0.69	8.38	7.96	7.88	0.68	0.37	1.12	0.7	0.37
CHEBI:30797	C4H6O5	O[C@@H](CC(O)=O)C(O)=O	InChI=1S/C4H6O5/c5-2(4(8)9)1-3(6)7/h2,5H,1H2,(H,6,7)(H,8,9)/t2-/m0/s1	L-Malic acid					1153	NCBITAXON:http://purl.bioontology.org/ontology/NCBITAXON/4530	Oryza sativa	in house mass spectral library		2		AIoutput2	0.726					RM0135894	not found	2026-06-18 13:19:42	first assignment	2026-06-18 13:19:42	2.39	3.74	3.04	3.93	0.98	3.36	2.31	3.74	2.66	4.85	3.16	1.08	2.15	2.08	1.73	1.94	2.26	1.62
CHEBI:30797	C4H6O5	O[C@@H](CC(O)=O)C(O)=O	InChI=1S/C4H6O5/c5-2(4(8)9)1-3(6)7/h2,5H,1H2,(H,6,7)(H,8,9)/t2-/m0/s1	L-Malic acid					1176	NCBITAXON:http://purl.bioontology.org/ontology/NCBITAXON/4530	Oryza sativa	in house mass spectral library		1		AIoutput2	0.654					RM0135894	not found	2026-06-18 13:19:42	first assignment	2026-06-18 13:19:42	4.29	5.46	6.53	3.68	3.25	3.99	4.23	1.56	4.21	3.49	1.88	4.16	4.7	3.48	2.89	0.88	3.79	3.76
CHEBI:17295	C9H11NO2	N[C@@H](Cc1ccccc1)C(O)=O	InChI=1S/C9H11NO2/c10-8(9(11)12)6-7-4-2-1-3-5-7/h1-5,8H,6,10H2,(H,11,12)/t8-/m0/s1	L-Phenylalanine					1312	NCBITAXON:http://purl.bioontology.org/ontology/NCBITAXON/4530	Oryza sativa	in house mass spectral library		1		AIoutput2	0.646					RM0135897	not found	2026-06-18 13:19:42	first assignment	2026-06-18 13:19:42	18.4	21.72	21.92	38.44	5.36	3.93	3.41	6.08	3.71	4.5	4.79	3.51	5.28	3.33	4	8.71	7.43	5.83
CHEBI:17115	C3H7NO3	N[C@@H](CO)C(O)=O	InChI=1S/C3H7NO3/c4-2(1-5)3(6)7/h2,5H,1,4H2,(H,6,7)/t2-/m0/s1	L-Serine					798	NCBITAXON:http://purl.bioontology.org/ontology/NCBITAXON/4530	Oryza sativa	in house mass spectral library		1		AIoutput2	0.638					RM0032433	not found	2026-06-18 13:19:42	first assignment	2026-06-18 13:19:42	1.12	0.68	2.13	0.65	0.59	1.1	0.92	0.44	1.29	0.81	0.99	0.98	1.17	0.68	0.37	1.12	0.7	0.37
CHEBI:17115	C3H7NO3	N[C@@H](CO)C(O)=O	InChI=1S/C3H7NO3/c4-2(1-5)3(6)7/h2,5H,1,4H2,(H,6,7)/t2-/m0/s1	L-Serine					809	NCBITAXON:http://purl.bioontology.org/ontology/NCBITAXON/4530	Oryza sativa	in house mass spectral library		2		AIoutput2	0.7					RM0032433	not found	2026-06-18 13:19:42	first assignment	2026-06-18 13:19:42	3.61	1.7	4.37	1.83	1.15	2.23	1.91	2.11	1.29	1.64	1.97	2.1	2.44	1.18	1.75	3.53	2.58	2.19
CHEBI:17115	C3H7NO3	N[C@@H](CO)C(O)=O	InChI=1S/C3H7NO3/c4-2(1-5)3(6)7/h2,5H,1,4H2,(H,6,7)/t2-/m0/s1	L-Serine					820	NCBITAXON:http://purl.bioontology.org/ontology/NCBITAXON/4530	Oryza sativa	in house mass spectral library		1		AIoutput2	0.631					RM0032433	not found	2026-06-18 13:19:42	first assignment	2026-06-18 13:19:42	1.12	0.68	0.92	0.76	0.99	0.47	0.71	0.44	1.29	0.69	0.44	0.8	0.54	0.68	0.37	1.12	0.7	0.62
CHEBI:17115	C3H7NO3	N[C@@H](CO)C(O)=O	InChI=1S/C3H7NO3/c4-2(1-5)3(6)7/h2,5H,1,4H2,(H,6,7)/t2-/m0/s1	L-Serine					798	NCBITAXON:http://purl.bioontology.org/ontology/NCBITAXON/4530	Oryza sativa	in house mass spectral library		2		AIoutput2	0.733					RM0032433	not found	2026-06-18 13:19:42	first assignment	2026-06-18 13:19:42	2.39	1.38	3.04	1.11	1.63	1.61	1.74	1.56	1.8	1.68	1.88	1.61	2.08	1.94	1.55	0.88	1.48	1.62
CHEBI:17115	C3H7NO3	N[C@@H](CO)C(O)=O	InChI=1S/C3H7NO3/c4-2(1-5)3(6)7/h2,5H,1,4H2,(H,6,7)/t2-/m0/s1	L-Serine					829	NCBITAXON:http://purl.bioontology.org/ontology/NCBITAXON/4530	Oryza sativa	in house mass spectral library		1		AIoutput2	0.606					RM0032433	not found	2026-06-18 13:19:42	first assignment	2026-06-18 13:19:42	2.39	1.38	3.9	1.58	0.98	1.61	2.65	1.56	3.08	1.32	2.8	1.08	2.08	2.5	1.7	0.88	1.06	2.35
CHEBI:16857	C4H9NO3	C[C@@H](O)[C@H](N)C(O)=O	InChI=1S/C4H9NO3/c1-2(6)3(5)4(7)8/h2-3,6H,5H2,1H3,(H,7,8)/t2-,3+/m1/s1	L-Threonine					866	NCBITAXON:http://purl.bioontology.org/ontology/NCBITAXON/4530	Oryza sativa	in house mass spectral library		2		AIoutput2	0.716					RM0135900	not found	2026-06-18 13:19:42	first assignment	2026-06-18 13:19:42	1.12	266.5	235.6	0.65	0.59	0.47	0.71	89.78	1.29	0.69	0.44	0.8	0.54	0.68	0.37	444.37	0.7	0.37
CHEBI:16857	C4H9NO3	C[C@@H](O)[C@H](N)C(O)=O	InChI=1S/C4H9NO3/c1-2(6)3(5)4(7)8/h2-3,6H,5H2,1H3,(H,7,8)/t2-,3+/m1/s1	L-Threonine					896	NCBITAXON:http://purl.bioontology.org/ontology/NCBITAXON/4530	Oryza sativa	in house mass spectral library		1		AIoutput2	0.637					RM0135900	not found	2026-06-18 13:19:42	first assignment	2026-06-18 13:19:42	4.61	2.32	5.68	3.18	1.54	2.58	2.36	2.84	2.15	2.34	2.56	2.57	3.44	2.05	3.22	6.93	5.16	4.14
CHEBI:16828	C11H12N2O2	N[C@@H](Cc1c[nH]c2ccccc12)C(O)=O	InChI=1S/C11H12N2O2/c12-9(11(14)15)5-7-6-13-10-4-2-1-3-8(7)10/h1-4,6,9,13H,5,12H2,(H,14,15)/t9-/m0/s1	L-Tryptophan					1887	NCBITAXON:http://purl.bioontology.org/ontology/NCBITAXON/4530	Oryza sativa	in house mass spectral library		3		AIoutput2	0.864					RM0136024	not found	2026-06-18 13:19:42	first assignment	2026-06-18 13:19:42	3.67	3.84	3.95	3.62	1.3	0.78	0.43	1.61	2.15	3.42	0.74	3.69	3	23.23	25.12	58.51	0.42	28.76
CHEBI:16828	C11H12N2O2	N[C@@H](Cc1c[nH]c2ccccc12)C(O)=O	InChI=1S/C11H12N2O2/c12-9(11(14)15)5-7-6-13-10-4-2-1-3-8(7)10/h1-4,6,9,13H,5,12H2,(H,14,15)/t9-/m0/s1	L-Tryptophan					1892	NCBITAXON:http://purl.bioontology.org/ontology/NCBITAXON/4530	Oryza sativa	in house mass spectral library		4		AIoutput2	0.921					RM0136024	not found	2026-06-18 13:19:42	first assignment	2026-06-18 13:19:42	1.86	3.19	3.79	0.39	0.36	0.97	0.43	0.74	2.15	0.41	0.74	0.48	0.9	0.41	0.62	0.67	0.42	31.14
CHEBI:16828	C11H12N2O2	N[C@@H](Cc1c[nH]c2ccccc12)C(O)=O	InChI=1S/C11H12N2O2/c12-9(11(14)15)5-7-6-13-10-4-2-1-3-8(7)10/h1-4,6,9,13H,5,12H2,(H,14,15)/t9-/m0/s1	L-Tryptophan					1901	NCBITAXON:http://purl.bioontology.org/ontology/NCBITAXON/4530	Oryza sativa	in house mass spectral library		5		AIoutput2	0.96					RM0136024	not found	2026-06-18 13:19:42	first assignment	2026-06-18 13:19:42	777.6	656.1	901.44	627.03	292.56	84.28	77.29	202.49	93.46	393.3	504.37	351.71	385.95	747.58	689.43	1222.66	785.08	678.43
CHEBI:17895	C9H11NO3	N[C@@H](Cc1ccc(O)cc1)C(O)=O	InChI=1S/C9H11NO3/c10-8(9(12)13)5-6-1-3-7(11)4-2-6/h1-4,8,11H,5,10H2,(H,12,13)/t8-/m0/s1	L-Tyrosine					1646	NCBITAXON:http://purl.bioontology.org/ontology/NCBITAXON/4530	Oryza sativa	in house mass spectral library		5		AIoutput2	0.983					RM0135896	not found	2026-06-18 13:19:42	first assignment	2026-06-18 13:19:42	283.78	338.31	297.35	382.53	133.36	59.75	51.7	100.99	62.35	71.83	73.61	51.76	74.02	182.5	252.82	507.48	408.6	371.47
CHEBI:16414	C5H11NO2	CC(C)[C@H](N)C(O)=O	InChI=1S/C5H11NO2/c1-3(2)4(6)5(7)8/h3-4H,6H2,1-2H3,(H,7,8)/t4-/m0/s1	L-Valine					765	NCBITAXON:http://purl.bioontology.org/ontology/NCBITAXON/4530	Oryza sativa	in house mass spectral library		5		AIoutput2	0.966					RM0136018	not found	2026-06-18 13:19:42	first assignment	2026-06-18 13:19:42	118.55	118.65	124.02	139.13	47.64	21.86	19.23	40.52	7.34	40.83	44.55	28.52	40.23	18.28	27.76	57.69	42	39.92
CHEBI:29864	C6H14O6	C(C(C(C(C(CO)O)O)O)O)O	InChI=1S/C6H14O6/c7-1-3(9)5(11)6(12)4(10)2-8/h3-12H,1-2H2/t3-,4-,5-,6-/m1/s1	Mannitol					1645	NCBITAXON:http://purl.bioontology.org/ontology/NCBITAXON/4530	Oryza sativa	in house mass spectral library		3		AIoutput2	0.819				CHEBI:29864	RM0155938	first assignment	2026-06-18 13:19:42	first assignment	2026-06-18 13:19:42	255.07	329.51	244.52	409.93	172	107.98	96.65	127.64	113.17	63.36	50.89	44.46	53.5	88.14	98.83	283.58	224.62	184.13
CHEBI:29864	C6H14O6	C(C(C(C(C(CO)O)O)O)O)O	InChI=1S/C6H14O6/c7-1-3(9)5(11)6(12)4(10)2-8/h3-12H,1-2H2/t3-,4-,5-,6-/m1/s1	Mannitol					1659	NCBITAXON:http://purl.bioontology.org/ontology/NCBITAXON/4530	Oryza sativa	in house mass spectral library		2		AIoutput2	0.762				CHEBI:29864	RM0155938	first assignment	2026-06-18 13:19:42	first assignment	2026-06-18 13:19:42	48.65	68.46	55.67	62.67	34.24	0.78	36.9	39.63	1.29	33.45	40.15	24.51	29.58	0.41	0.62	1.12	0.42	0.61
CHEBI:29864	C6H14O6	C(C(C(C(C(CO)O)O)O)O)O	InChI=1S/C6H14O6/c7-1-3(9)5(11)6(12)4(10)2-8/h3-12H,1-2H2/t3-,4-,5-,6-/m1/s1	Mannitol					1667	NCBITAXON:http://purl.bioontology.org/ontology/NCBITAXON/4530	Oryza sativa	in house mass spectral library		1		AIoutput2	0.672				CHEBI:29864	RM0155938	first assignment	2026-06-18 13:19:42	first assignment	2026-06-18 13:19:42	1477.06	696.7	1388.09	664.25	593.81	710.25	642.06	705.68	886.38	84.63	74.87	56.63	71.09	715.02	659.41	1181.45	745.41	648.5
CHEBI:75542	C19H38O4	CCCCCCCCCCCCCCCC(=O)OC[C@@H](O)CO	InChI=1S/C19H38O4/c1-2-3-4-5-6-7-8-9-10-11-12-13-14-15-19(22)23-17-18(21)16-20/h18,20-21H,2-17H2,1H3/t18-/m0/s1	MG(16:0/0:0/0:0)					2191	NCBITAXON:http://purl.bioontology.org/ontology/NCBITAXON/4530	Oryza sativa	in house mass spectral library		5		AIoutput2	0.965						not found	2026-06-18 13:19:42	not found	2026-06-18 13:19:42	2.16	0.81	1.99	0.9	0.36	0.78	0.43	0.74	2.15	2.28	2.69	2.13	2.02	4.46	3.32	7.96	5.74	5.18
CHEBI:75542	C19H38O4	CCCCCCCCCCCCCCCC(=O)OC[C@@H](O)CO	InChI=1S/C19H38O4/c1-2-3-4-5-6-7-8-9-10-11-12-13-14-15-19(22)23-17-18(21)16-20/h18,20-21H,2-17H2,1H3/t18-/m0/s1	MG(16:0/0:0/0:0)					2191	NCBITAXON:http://purl.bioontology.org/ontology/NCBITAXON/4530	Oryza sativa	in house mass spectral library		4		AIoutput2	0.942						not found	2026-06-18 13:19:42	not found	2026-06-18 13:19:42	2.39	1.38	3.04	1.11	0.98	1.61	1.21	1.56	1.8	0.97	1.88	1.08	2.08	1.78	1.55	1.32	1.55	1.62
CHEBI:17268	C6H12O6	O[C@H]1[C@H](O)[C@@H](O)[C@H](O)[C@H](O)[C@@H]1O	InChI=1S/C6H12O6/c7-1-2(8)4(10)6(12)5(11)3(1)9/h1-12H/t1-,2-,3-,4+,5-,6-	Myoinositol					1804	NCBITAXON:http://purl.bioontology.org/ontology/NCBITAXON/4530	Oryza sativa	in house mass spectral library		5		AIoutput2	0.958					RM0136735	not found	2026-06-18 13:19:42	first assignment	2026-06-18 13:19:42	1004.03	690.92	1120.5	674.81	453.02	206.82	182.91	379.6	231.9	473.25	418.71	331.9	425.15	337.75	456.5	904.57	614.11	557.04
CHEBI:15940	C6H5NO2	OC(=O)c1cccnc1	InChI=1S/C6H5NO2/c8-6(9)5-2-1-3-7-4-5/h1-4H,(H,8,9)	Nicotinic acid					857	NCBITAXON:http://purl.bioontology.org/ontology/NCBITAXON/4530	Oryza sativa	in house mass spectral library		1		AIoutput2	0.63					RM0156700	not found	2026-06-18 13:19:42	first assignment	2026-06-18 13:19:42	3.21	3.89	4.82	2.89	1.93	2.36	2.3	2.78	2.15	3.59	4.38	3.46	0.9	1.6	2.88	6.34	3.68	4.18
CHEBI:15940	C6H5NO2	OC(=O)c1cccnc1	InChI=1S/C6H5NO2/c8-6(9)5-2-1-3-7-4-5/h1-4H,(H,8,9)	Nicotinic acid					858	NCBITAXON:http://purl.bioontology.org/ontology/NCBITAXON/4530	Oryza sativa	in house mass spectral library		3		AIoutput2	0.875					RM0156700	not found	2026-06-18 13:19:42	first assignment	2026-06-18 13:19:42	6.88	8.79	10.91	6.39	4.37	5.46	4.95	6.13	1.29	9.08	10.05	7.94	9.01	3.54	6.59	15.34	8.16	9.94
CHEBI:15940	C6H5NO2	OC(=O)c1cccnc1	InChI=1S/C6H5NO2/c8-6(9)5-2-1-3-7-4-5/h1-4H,(H,8,9)	Nicotinic acid					860	NCBITAXON:http://purl.bioontology.org/ontology/NCBITAXON/4530	Oryza sativa	in house mass spectral library		3		AIoutput2	0.845					RM0156700	not found	2026-06-18 13:19:42	first assignment	2026-06-18 13:19:42	6.51	2.3	9.52	4.01	4.32	1.75	6.16	3.71	4.66	3.99	5.09	4.88	6.36	6.05	4.5	3.61	4.52	4.67
CHEBI:15940	C6H5NO2	OC(=O)c1cccnc1	InChI=1S/C6H5NO2/c8-6(9)5-2-1-3-7-4-5/h1-4H,(H,8,9)	Nicotinic acid					869	NCBITAXON:http://purl.bioontology.org/ontology/NCBITAXON/4530	Oryza sativa	in house mass spectral library		3		AIoutput2	0.878					RM0156700	not found	2026-06-18 13:19:42	first assignment	2026-06-18 13:19:42	4.05	5.08	1.82	2.41	2.46	6.66	3.46	0.93	1.08	1.61	3.09	2.73	1.25	3.64	0.93	1.46	2.75	2.86
CHEBI:32927	C19H40	CCCCCCCCCCCCCCCCCCC	InChI=1S/C19H40/c1-3-5-7-9-11-13-15-17-19-18-16-14-12-10-8-6-4-2/h3-19H2,1-2H3	Nonadecane					1588	NCBITAXON:http://purl.bioontology.org/ontology/NCBITAXON/4530	Oryza sativa	in house mass spectral library		3		AIoutput2	0.811				CHEBI:32927	RM0150436	first assignment	2026-06-18 13:19:42	first assignment	2026-06-18 13:19:42	8.35	10.03	11.66	9.27	6.17	5.8	7.88	6.35	7.74	0.97	7.77	8.27	9.97	8.43	5.2	5.52	6.56	7.44
CHEBI:32926	C18H38	CCCCCCCCCCCCCCCCCC	InChI=1S/C18H38/c1-3-5-7-9-11-13-15-17-18-16-14-12-10-8-6-4-2/h3-18H2,1-2H3	Octadecane					1487	NCBITAXON:http://purl.bioontology.org/ontology/NCBITAXON/4530	Oryza sativa	in house mass spectral library		5		AIoutput2	0.965				CHEBI:32926	RM0150715	first assignment	2026-06-18 13:19:42	first assignment	2026-06-18 13:19:42	5.08	5.73	6.88	3.93	3.24	3.4	4.68	2.71	4.47	3.46	3.93	4.08	5.67	4.34	3.85	2.68	3.96	4.37
CHEBI:18257	C5H12N2O2	NCCCC(N)C(O)=O	InChI=1S/C5H12N2O2/c6-3-1-2-4(7)5(8)9/h4H,1-3,6-7H2,(H,8,9)	Ornithine					1527	NCBITAXON:http://purl.bioontology.org/ontology/NCBITAXON/4530	Oryza sativa	in house mass spectral library		4		AIoutput2	0.94				CHEBI:18257	RM0135912	first assignment	2026-06-18 13:19:42	first assignment	2026-06-18 13:19:42	303.73	263.52	351.59	394.18	70.79	16.2	14.13	66.98	3.49	14.2	13.91	8.96	16.06	26.63	35.71	67.09	52.64	48.96
CHEBI:30915	C5H6O5	C(CC(=O)O)C(=O)C(=O)O	InChI=1S/C5H6O5/c6-3(5(9)10)1-2-4(7)8/h1-2H2,(H,7,8)(H,9,10)	Oxoglutaric acid					1250	NCBITAXON:http://purl.bioontology.org/ontology/NCBITAXON/4530	Oryza sativa	in house mass spectral library		3		AIoutput2	0.814					RM0135911	not found	2026-06-18 13:19:42	first assignment	2026-06-18 13:19:42	10.27	25.35	16.65	19.4	0.36	0.78	0.43	0.74	2.15	0.41	0.74	0.48	0.9	0.41	0.62	0.67	4.03	0.37
CHEBI:30915	C5H6O5	C(CC(=O)O)C(=O)C(=O)O	InChI=1S/C5H6O5/c6-3(5(9)10)1-2-4(7)8/h1-2H2,(H,7,8)(H,9,10)	Oxoglutaric acid					1259	NCBITAXON:http://purl.bioontology.org/ontology/NCBITAXON/4530	Oryza sativa	in house mass spectral library		3		AIoutput2	0.816					RM0135911	not found	2026-06-18 13:19:42	first assignment	2026-06-18 13:19:42	88.8	217.16	154.08	229.59	0.36	16.33	10.07	31.06	8.91	4.6	4.33	3.65	5.39	6.86	39	81.44	39.5	53.49
CHEBI:7916	C9H17NO5	CC(C)(CO)C(O)C(=O)NCCC(O)=O	InChI=1S/C9H17NO5/c1-9(2,5-11)7(14)8(15)10-4-3-6(12)13/h7,11,14H,3-5H2,1-2H3,(H,10,15)(H,12,13)	Pantothenic acid					1701	NCBITAXON:http://purl.bioontology.org/ontology/NCBITAXON/4530	Oryza sativa	in house mass spectral library		4		AIoutput2	0.921					RM0136730	not found	2026-06-18 13:19:42	first assignment	2026-06-18 13:19:42	4.3	6.45	6.31	6.9	4.45	4.85	4.46	5.2	3.77	3.45	4.07	2.98	3.98	2	4.21	8.12	5.96	5.61
CHEBI:28897	C15H32	CCCCCCCCCCCCCCC	InChI=1S/C15H32/c1-3-5-7-9-11-13-15-14-12-10-8-6-4-2/h3-15H2,1-2H3	Pentadecane					1136	NCBITAXON:http://purl.bioontology.org/ontology/NCBITAXON/4530	Oryza sativa	in house mass spectral library		1		AIoutput2	0.621				CHEBI:28897	RM0140029	first assignment	2026-06-18 13:19:42	first assignment	2026-06-18 13:19:42	2.39	3.42	5.24	1.11	0.98	1.61	1.21	1.56	3.12	0.97	1.88	1.08	2.08	1.2	2.05	0.88	2.69	1.62
CHEBI:28897	C15H32	CCCCCCCCCCCCCCC	InChI=1S/C15H32/c1-3-5-7-9-11-13-15-14-12-10-8-6-4-2/h3-15H2,1-2H3	Pentadecane					1143	NCBITAXON:http://purl.bioontology.org/ontology/NCBITAXON/4530	Oryza sativa	in house mass spectral library		3		AIoutput2	0.836				CHEBI:28897	RM0140029	first assignment	2026-06-18 13:19:42	first assignment	2026-06-18 13:19:42	14.79	15.45	23.34	12.8	9.63	11.26	13.04	10.63	13.16	11.28	12.82	11.31	14.26	10.7	9.37	7.65	11.84	11.51
CHEBI:26078	H3O4P	[H]OP(=O)(O[H])O[H]	InChI=1S/H3O4P/c1-5(2,3)4/h(H3,1,2,3,4)	Phosphoric acid					852	NCBITAXON:http://purl.bioontology.org/ontology/NCBITAXON/4530	Oryza sativa	in house mass spectral library		5		AIoutput2	0.984					RM0032341	not found	2026-06-18 13:19:42	first assignment	2026-06-18 13:19:42	452.14	534.21	435.61	474.23	381.1	157.17	162.71	215.64	1.29	299.66	257.92	198.48	203.4	283.09	339.84	800.43	483.3	486.62
CHEBI:26078	H3O4P	[H]OP(=O)(O[H])O[H]	InChI=1S/H3O4P/c1-5(2,3)4/h(H3,1,2,3,4)	Phosphoric acid					864	NCBITAXON:http://purl.bioontology.org/ontology/NCBITAXON/4530	Oryza sativa	in house mass spectral library		5		AIoutput2	0.971					RM0032341	not found	2026-06-18 13:19:42	first assignment	2026-06-18 13:19:42	831.24	568.63	731.04	615.09	378.9	195.56	198.38	327.1	248.29	398.31	257.71	219.96	316.9	429.9	400.04	867.08	616.8	511.9
CHEBI:17148	C4H12N2	NCCCCN	InChI=1S/C4H12N2/c5-3-1-2-4-6/h1-6H2	Putrescine					1435	NCBITAXON:http://purl.bioontology.org/ontology/NCBITAXON/4530	Oryza sativa	in house mass spectral library		5		AIoutput2	0.987				CHEBI:17148	RM0139715	first assignment	2026-06-18 13:19:42	first assignment	2026-06-18 13:19:42	193.11	192	207.9	297.01	60.7	19.64	16.28	53.62	15.36	20.92	15.01	12.3	19.89	13.85	15.15	31.88	29.48	29.87
CHEBI:16010	C5H7NO3	OC(=O)C1CCC(=O)N1	InChI=1S/C5H7NO3/c7-4-2-1-3(6-4)5(8)9/h3H,1-2H2,(H,6,7)(H,8,9)	Pyroglutamic acid					1170	NCBITAXON:http://purl.bioontology.org/ontology/NCBITAXON/4530	Oryza sativa	in house mass spectral library		4		AIoutput2	0.914					RM0135924	not found	2026-06-18 13:19:42	first assignment	2026-06-18 13:19:42	355.85	0.68	460.47	0.65	0.59	78.04	77.57	169.67	1.29	149.53	150.87	131.49	172.61	125.47	231.79	486.48	322.67	338.06
CHEBI:16010	C5H7NO3	OC(=O)C1CCC(=O)N1	InChI=1S/C5H7NO3/c7-4-2-1-3(6-4)5(8)9/h3H,1-2H2,(H,6,7)(H,8,9)	Pyroglutamic acid					1189	NCBITAXON:http://purl.bioontology.org/ontology/NCBITAXON/4530	Oryza sativa	in house mass spectral library		4		AIoutput2	0.905					RM0135924	not found	2026-06-18 13:19:42	first assignment	2026-06-18 13:19:42	1169.76	592.04	1105.31	589.56	304.81	149.71	147.97	397.19	221.1	322.29	244.54	219.26	374.64	328.46	437.72	845.45	580.44	494.78
CHEBI:16010	C5H7NO3	OC(=O)C1CCC(=O)N1	InChI=1S/C5H7NO3/c7-4-2-1-3(6-4)5(8)9/h3H,1-2H2,(H,6,7)(H,8,9)	Pyroglutamic acid					1178	NCBITAXON:http://purl.bioontology.org/ontology/NCBITAXON/4530	Oryza sativa	in house mass spectral library		4		AIoutput2	0.921					RM0135924	not found	2026-06-18 13:19:42	first assignment	2026-06-18 13:19:42	2.76	2.3	2.44	1.85	1.68	0.97	2.02	0.93	1.08	1.61	1.6	1.8	1.25	2.24	0.93	1.46	1.77	1.33
CHEBI:16010	C5H7NO3	OC(=O)C1CCC(=O)N1	InChI=1S/C5H7NO3/c7-4-2-1-3(6-4)5(8)9/h3H,1-2H2,(H,6,7)(H,8,9)	Pyroglutamic acid					1188	NCBITAXON:http://purl.bioontology.org/ontology/NCBITAXON/4530	Oryza sativa	in house mass spectral library		4		AIoutput2	0.944					RM0135924	not found	2026-06-18 13:19:42	first assignment	2026-06-18 13:19:42	9.3	7.9	7.97	4.98	5.75	6.17	4.7	3.53	3.96	7.05	5.34	4.56	4.62	7.44	4.38	4	4	4
CHEBI:17521	C7H12O6	O[C@@H]1C[C@@](O)(C[C@@H](O)[C@H]1O)C(O)=O	InChI=1S/C7H12O6/c8-3-1-7(13,6(11)12)2-4(9)5(3)10/h3-5,8-10,13H,1-2H2,(H,11,12)/t3-,4-,5-,7+/m1/s1	Quinic acid					1588	NCBITAXON:http://purl.bioontology.org/ontology/NCBITAXON/4530	Oryza sativa	in house mass spectral library		3		AIoutput2	0.88					RM0071875	not found	2026-06-18 13:19:42	first assignment	2026-06-18 13:19:42	1.86	0.66	1.54	0.93	0.56	0.78	0.43	0.74	2.15	0.41	0.74	0.48	0.9	0.61	0.82	1.83	1.28	0.95
CHEBI:1230	C12H22O11	OC[C@@H](O)[C@@H](O)[C@H](O)[C@@H](O[C@@H]1O[C@H](CO)[C@@H](O)[C@H](O)[C@H]1O)C=O	InChI=1S/C12H22O11/c13-1-4(16)7(17)8(18)5(2-14)22-12-11(21)10(20)9(19)6(3-15)23-12/h2,4-13,15-21H,1,3H2/t4-,5+,6-,7-,8-,9-,10+,11-,12-/m1/s1	Sophorose					2362	NCBITAXON:http://purl.bioontology.org/ontology/NCBITAXON/4530	Oryza sativa	in house mass spectral library		2		AIoutput2	0.716				CHEBI:1230	RM0034398	first assignment	2026-06-18 13:19:42	first assignment	2026-06-18 13:19:42	1.12	49.82	32.82	48.6	88.5	83.77	47.23	48.79	97.57	6.41	7.03	3.25	3.81	3.72	15.56	29.75	20.54	26.24
CHEBI:15440	C30H50	CC(C)=CCCC(C)=CCCC(C)=CCCC=C(/C)CCC=C(/C)CCC=C(C)C	InChI=1S/C30H50/c1-25(2)15-11-19-29(7)23-13-21-27(5)17-9-10-18-28(6)22-14-24-30(8)20-12-16-26(3)4/h15-18,23-24H,9-14,19-22H2,1-8H3/b27-17+,28-18+,29-23+,30-24+	Squalene					2349	NCBITAXON:http://purl.bioontology.org/ontology/NCBITAXON/4530	Oryza sativa	in house mass spectral library		5		AIoutput2	0.996				CHEBI:15440	RM0009831	first assignment	2026-06-18 13:19:42	first assignment	2026-06-18 13:19:42	153.78	159.29	207.28	112.89	49.97	90.59	65.87	50.38	35.4	80.7	94.31	86.64	93.01	77.34	37.1	52.3	56.34	53.55
CHEBI:28824	C29H48O	[H][C@@]1(CC[C@@]2([H])[C@]3([H])CC=C4C[C@@H](O)CC[C@]4(C)[C@@]3([H])CC[C@]12C)[C@H](C)C=C[C@@H](CC)C(C)C	InChI=1S/C29H48O/c1-7-21(19(2)3)9-8-20(4)25-12-13-26-24-11-10-22-18-23(30)14-16-28(22,5)27(24)15-17-29(25,26)6/h8-10,19-21,23-27,30H,7,11-18H2,1-6H3/b9-8+/t20-,21-,23+,24+,25-,26+,27+,28+,29-/m1/s1	Stigmasterol					2649	NCBITAXON:http://purl.bioontology.org/ontology/NCBITAXON/4530	Oryza sativa	in house mass spectral library		5							CHEBI:28824	RM0128358	first assignment	2026-06-18 13:19:42	first assignment	2026-06-18 13:19:42	460.55	472.97	510.98	299.62	134.2	136.01	102.06	121.5	73.04	156.06	189.38	129.57	131.22	195.07	98.62	134.4	133.56	131.65
CHEBI:28824	C29H48O	[H][C@@]1(CC[C@@]2([H])[C@]3([H])CC=C4C[C@@H](O)CC[C@]4(C)[C@@]3([H])CC[C@]12C)[C@H](C)C=C[C@@H](CC)C(C)C	InChI=1S/C29H48O/c1-7-21(19(2)3)9-8-20(4)25-12-13-26-24-11-10-22-18-23(30)14-16-28(22,5)27(24)15-17-29(25,26)6/h8-10,19-21,23-27,30H,7,11-18H2,1-6H3/b9-8+/t20-,21-,23+,24+,25-,26+,27+,28+,29-/m1/s1	Stigmasterol					2673	NCBITAXON:http://purl.bioontology.org/ontology/NCBITAXON/4530	Oryza sativa	in house mass spectral library		2		AIoutput2	0.73				CHEBI:28824	RM0128358	first assignment	2026-06-18 13:19:42	first assignment	2026-06-18 13:19:42	58.02	67.68	53.49	40.72	18.97	18.92	13.43	19.25	8.69	18.66	23.32	14.81	12.43	23.31	10.29	18.75	13.93	12.74
CHEBI:15741	C4H6O4	OC(=O)CCC(O)=O	InChI=1S/C4H6O4/c5-3(6)1-2-4(7)8/h1-2H2,(H,5,6)(H,7,8)	Succinic acid					893	NCBITAXON:http://purl.bioontology.org/ontology/NCBITAXON/4530	Oryza sativa	in house mass spectral library		3		AIoutput2	0.877					RM0134982	not found	2026-06-18 13:19:42	first assignment	2026-06-18 13:19:42	2.91	0.41	1.54	0.39	0.36	1.98	0.43	0.74	2.15	1.74	1.88	1.59	0.9	0.41	0.62	0.67	0.42	0.61
CHEBI:15741	C4H6O4	OC(=O)CCC(O)=O	InChI=1S/C4H6O4/c5-3(6)1-2-4(7)8/h1-2H2,(H,5,6)(H,7,8)	Succinic acid					902	NCBITAXON:http://purl.bioontology.org/ontology/NCBITAXON/4530	Oryza sativa	in house mass spectral library		3		AIoutput2	0.857					RM0134982	not found	2026-06-18 13:19:42	first assignment	2026-06-18 13:19:42	26.32	44.96	43.97	53.92	20.8	13.77	13.3	20.45	3.87	54.41	52.19	41.19	45.67	13.5	31.91	62.02	41.12	36.71
CHEBI:15741	C4H6O4	OC(=O)CCC(O)=O	InChI=1S/C4H6O4/c5-3(6)1-2-4(7)8/h1-2H2,(H,5,6)(H,7,8)	Succinic acid					914	NCBITAXON:http://purl.bioontology.org/ontology/NCBITAXON/4530	Oryza sativa	in house mass spectral library		5		AIoutput2	0.994					RM0134982	not found	2026-06-18 13:19:42	first assignment	2026-06-18 13:19:42	23.86	25.24	27.29	38.85	15.83	10.97	11.81	15.55	10.95	70.8	54.2	45.76	69.23	14.05	24.64	49.33	37.53	31.24
CHEBI:15741	C4H6O4	OC(=O)CCC(O)=O	InChI=1S/C4H6O4/c5-3(6)1-2-4(7)8/h1-2H2,(H,5,6)(H,7,8)	Succinic acid					932	NCBITAXON:http://purl.bioontology.org/ontology/NCBITAXON/4530	Oryza sativa	in house mass spectral library		3		AIoutput2	0.872					RM0134982	not found	2026-06-18 13:19:42	first assignment	2026-06-18 13:19:42	1.12	0.68	0.92	0.65	0.59	0.81	0.71	0.44	1.29	2.07	1.57	1.06	2.31	1.11	1.64	2.68	1.31	1.77
CHEBI:17992	C12H22O11	OC[C@H]1O[C@H](O[C@]2(CO)O[C@H](CO)[C@@H](O)[C@@H]2O)[C@H](O)[C@@H](O)[C@@H]1O	InChI=1S/C12H22O11/c13-1-4-6(16)8(18)9(19)11(21-4)23-12(3-15)10(20)7(17)5(2-14)22-12/h4-11,13-20H,1-3H2/t4-,5-,6-,7-,8+,9-,10+,11-,12+/m1/s1	Sucrose					2253	NCBITAXON:http://purl.bioontology.org/ontology/NCBITAXON/4530	Oryza sativa	in house mass spectral library		2		AIoutput2	0.775				CHEBI:17992	RM0159895	first assignment	2026-06-18 13:19:42	first assignment	2026-06-18 13:19:42	3.55	0.68	2.97	0.65	0.59	0.47	1.54	0.44	3.5	0.69	1.01	0.8	0.54	1.29	2.52	1.12	3.62	2.75
CHEBI:17992	C12H22O11	OC[C@H]1O[C@H](O[C@]2(CO)O[C@H](CO)[C@@H](O)[C@@H]2O)[C@H](O)[C@@H](O)[C@@H]1O	InChI=1S/C12H22O11/c13-1-4-6(16)8(18)9(19)11(21-4)23-12(3-15)10(20)7(17)5(2-14)22-12/h4-11,13-20H,1-3H2/t4-,5-,6-,7-,8+,9-,10+,11-,12+/m1/s1	Sucrose					2268	NCBITAXON:http://purl.bioontology.org/ontology/NCBITAXON/4530	Oryza sativa	in house mass spectral library		3		AIoutput2	0.874				CHEBI:17992	RM0159895	first assignment	2026-06-18 13:19:42	first assignment	2026-06-18 13:19:42	1634.62	595.47	1344.78	565.25	520.86	684.12	621.68	645.6	1884.37	603.47	648.61	700.02	788.79	598.15	547.1	977.12	614.13	537.41
CHEBI:17992	C12H22O11	OC[C@H]1O[C@H](O[C@]2(CO)O[C@H](CO)[C@@H](O)[C@@H]2O)[C@H](O)[C@@H](O)[C@@H]1O	InChI=1S/C12H22O11/c13-1-4-6(16)8(18)9(19)11(21-4)23-12(3-15)10(20)7(17)5(2-14)22-12/h4-11,13-20H,1-3H2/t4-,5-,6-,7-,8+,9-,10+,11-,12+/m1/s1	Sucrose					2273	NCBITAXON:http://purl.bioontology.org/ontology/NCBITAXON/4530	Oryza sativa	in house mass spectral library		3		AIoutput2	0.834				CHEBI:17992	RM0159895	first assignment	2026-06-18 13:19:42	first assignment	2026-06-18 13:19:42	1.12	0.68	0.92	0.65	0.59	0.47	622.3	0.44	1.29	0.69	648.57	700.82	788.47	600.26	548.9	1.12	614.33	0.61
CHEBI:17992	C12H22O11	OC[C@H]1O[C@H](O[C@]2(CO)O[C@H](CO)[C@@H](O)[C@@H]2O)[C@H](O)[C@@H](O)[C@@H]1O	InChI=1S/C12H22O11/c13-1-4-6(16)8(18)9(19)11(21-4)23-12(3-15)10(20)7(17)5(2-14)22-12/h4-11,13-20H,1-3H2/t4-,5-,6-,7-,8+,9-,10+,11-,12+/m1/s1	Sucrose					2266	NCBITAXON:http://purl.bioontology.org/ontology/NCBITAXON/4530	Oryza sativa	in house mass spectral library		5		AIoutput2	0.969				CHEBI:17992	RM0159895	first assignment	2026-06-18 13:19:42	first assignment	2026-06-18 13:19:42	33.22	35.02	31.97	15.77	10.42	6.68	10.83	12.74	6.97	11.45	9.41	6.88	7.93	141.43	4.07	3.93	14.9	18.95
CHEBI:16551	C12H22O11	OC[C@H]1O[C@H](O[C@H]2O[C@H](CO)[C@@H](O)[C@H](O)[C@H]2O)[C@H](O)[C@@H](O)[C@@H]1O	InChI=1S/C12H22O11/c13-1-3-5(15)7(17)9(19)11(21-3)23-12-10(20)8(18)6(16)4(2-14)22-12/h3-20H,1-2H2/t3-,4-,5-,6-,7+,8+,9-,10-,11-,12-/m1/s1	Trehalose					2326	NCBITAXON:http://purl.bioontology.org/ontology/NCBITAXON/4530	Oryza sativa	in house mass spectral library		2		AIoutput2	0.741					RM0155980	not found	2026-06-18 13:19:42	first assignment	2026-06-18 13:19:42	62.1	80.67	62.5	74.05	53.88	0.47	0.71	20.97	2.15	12.03	0.44	0.8	0.54	12.21	44.29	82.88	59.05	57.11
CHEBI:31006	C30H62	CCCCCCCCCCCCCCCCCCCCCCCCCCCCCC	InChI=1S/C30H62/c1-3-5-7-9-11-13-15-17-19-21-23-25-27-29-30-28-26-24-22-20-18-16-14-12-10-8-6-4-2/h3-30H2,1-2H3	Triacontane					2465	NCBITAXON:http://purl.bioontology.org/ontology/NCBITAXON/4530	Oryza sativa	in house mass spectral library		1		AIoutput2	0.618				CHEBI:31006	RM0202346	first assignment	2026-06-18 13:19:42	first assignment	2026-06-18 13:19:42	7.66	2.49	1.88	1.8	1.57	1.38	1.8	1.82	2.19	0.86	1.46	2.07	1.2	0.68	2.06	2.75	2.37	2.1
CHEBI:35998	C13H28	CCCCCCCCCCCCC	InChI=1S/C13H28/c1-3-5-7-9-11-13-12-10-8-6-4-2/h3-13H2,1-2H3	Tridecane					848	NCBITAXON:http://purl.bioontology.org/ontology/NCBITAXON/4530	Oryza sativa	in house mass spectral library		1		AIoutput2	0.667				CHEBI:35998	RM0135031	first assignment	2026-06-18 13:19:42	first assignment	2026-06-18 13:19:42	3.13	1.25	4.36	1.02	0.58	1.45	1.21	1.31	2.15	2.48	2.22	1.53	1.75	0.7	1.78	4.91	3.35	1.71
CHEBI:35998	C13H28	CCCCCCCCCCCCC	InChI=1S/C13H28/c1-3-5-7-9-11-13-12-10-8-6-4-2/h3-13H2,1-2H3	Tridecane					847	NCBITAXON:http://purl.bioontology.org/ontology/NCBITAXON/4530	Oryza sativa	in house mass spectral library		1		AIoutput2	0.654				CHEBI:35998	RM0135031	first assignment	2026-06-18 13:19:42	first assignment	2026-06-18 13:19:42	26.45	16.03	36.78	24.13	18.74	18.63	20.88	20.37	23.17	21.34	22.85	21.64	22.62	20.67	14.7	15.38	18.83	18.55
CHEBI:35998	C13H28	CCCCCCCCCCCCC	InChI=1S/C13H28/c1-3-5-7-9-11-13-12-10-8-6-4-2/h3-13H2,1-2H3	Tridecane					868	NCBITAXON:http://purl.bioontology.org/ontology/NCBITAXON/4530	Oryza sativa	in house mass spectral library		1		AIoutput2	0.668				CHEBI:35998	RM0135031	first assignment	2026-06-18 13:19:42	first assignment	2026-06-18 13:19:42	5.48	3.4	7.7	5.1	3.89	3.73	4.52	4.26	4.76	4.76	5.24	4.36	4.93	3.96	3.15	3.11	4.12	4.1
CHEBI:35998	C13H28	CCCCCCCCCCCCC	InChI=1S/C13H28/c1-3-5-7-9-11-13-12-10-8-6-4-2/h3-13H2,1-2H3	Tridecane					879	NCBITAXON:http://purl.bioontology.org/ontology/NCBITAXON/4530	Oryza sativa	in house mass spectral library		2		AIoutput2	0.749				CHEBI:35998	RM0135031	first assignment	2026-06-18 13:19:42	first assignment	2026-06-18 13:19:42	4.87	2.79	6.58	4.42	3.21	3.19	3.77	3.64	4.09	4.05	4.32	3.83	4.11	3.42	2.66	2.69	3.34	3.36
CHEBI:35998	C13H28	CCCCCCCCCCCCC	InChI=1S/C13H28/c1-3-5-7-9-11-13-12-10-8-6-4-2/h3-13H2,1-2H3	Tridecane					889	NCBITAXON:http://purl.bioontology.org/ontology/NCBITAXON/4530	Oryza sativa	in house mass spectral library		1		AIoutput2	0.633				CHEBI:35998	RM0135031	first assignment	2026-06-18 13:19:42	first assignment	2026-06-18 13:19:42	3.51	2.16	4.92	3.1	2.42	2.3	2.72	2.61	3.02	2.95	3.17	2.73	2.08	2.59	1.95	1.85	2.47	2.54
CHEBI:46342	C11H24	CCCCCCCCCCC	InChI=1S/C11H24/c1-3-5-7-9-11-10-8-6-4-2/h3-11H2,1-2H3	Undecane					556	NCBITAXON:http://purl.bioontology.org/ontology/NCBITAXON/4530	Oryza sativa	in house mass spectral library		1		AIoutput2	0.655				CHEBI:46342	RM0152231	first assignment	2026-06-18 13:19:42	first assignment	2026-06-18 13:19:42	1.86	0.61	2.49	0.61	0.36	0.78	0.59	0.74	2.15	1.09	1.08	0.82	0.96	0.41	0.83	2.32	1.51	0.82
CHEBI:46342	C11H24	CCCCCCCCCCC	InChI=1S/C11H24/c1-3-5-7-9-11-10-8-6-4-2/h3-11H2,1-2H3	Undecane					568	NCBITAXON:http://purl.bioontology.org/ontology/NCBITAXON/4530	Oryza sativa	in house mass spectral library		1		AIoutput2	0.601				CHEBI:46342	RM0152231	first assignment	2026-06-18 13:19:42	first assignment	2026-06-18 13:19:42	1.86	0.41	1.54	0.39	0.36	0.78	0.43	0.74	2.15	0.59	0.74	0.48	0.9	0.41	0.62	1.35	0.85	0.61
CHEBI:46342	C11H24	CCCCCCCCCCC	InChI=1S/C11H24/c1-3-5-7-9-11-10-8-6-4-2/h3-11H2,1-2H3	Undecane					545	NCBITAXON:http://purl.bioontology.org/ontology/NCBITAXON/4530	Oryza sativa	in house mass spectral library		1		AIoutput2	0.692				CHEBI:46342	RM0152231	first assignment	2026-06-18 13:19:42	first assignment	2026-06-18 13:19:42	2.68	4.78	3.52	2.34	1.91	1.67	2.03	1.91	1.8	0.97	2.17	1.08	2.08	1.95	1.55	0.88	1.06	1.93
CHEBI:46342	C11H24	CCCCCCCCCCC	InChI=1S/C11H24/c1-3-5-7-9-11-10-8-6-4-2/h3-11H2,1-2H3	Undecane					555	NCBITAXON:http://purl.bioontology.org/ontology/NCBITAXON/4530	Oryza sativa	in house mass spectral library		3		AIoutput2	0.862				CHEBI:46342	RM0152231	first assignment	2026-06-18 13:19:42	first assignment	2026-06-18 13:19:42	10.16	2.05	13.82	9.73	7.29	7.58	8.14	8.11	9.05	9.59	10.17	8.36	8.77	7.92	5.75	5.89	7.26	7.13
CHEBI:46342	C11H24	CCCCCCCCCCC	InChI=1S/C11H24/c1-3-5-7-9-11-10-8-6-4-2/h3-11H2,1-2H3	Undecane					566	NCBITAXON:http://purl.bioontology.org/ontology/NCBITAXON/4530	Oryza sativa	in house mass spectral library		2		AIoutput2	0.798				CHEBI:46342	RM0152231	first assignment	2026-06-18 13:19:42	first assignment	2026-06-18 13:19:42	4.03	1.38	5.28	4.14	2.78	2.95	3.07	3.39	3.5	3.84	3.9	3.14	3.33	2.91	2.1	2.5	2.73	2.89
				unknown					572	NCBITAXON:http://purl.bioontology.org/ontology/NCBITAXON/4530	Oryza sativa	in house mass spectral library		0		AIoutput2							not found	2026-06-18 13:19:42	not found	2026-06-18 13:19:42	55.54	25.62	59.79	26.11	17.46	23.13	28.7	33.55	1.29	21.1	27.76	32.44	39.1	17.09	19.9	44.92	28.53	26.15
				unknown					639	NCBITAXON:http://purl.bioontology.org/ontology/NCBITAXON/4530	Oryza sativa	in house mass spectral library		0		AIoutput2							not found	2026-06-18 13:19:42	not found	2026-06-18 13:19:42	782.81	438.53	846.69	402.5	339.13	478.34	434.81	476.64	64.79	341.73	445.04	492.76	522.93	268.83	245.51	650.63	406.82	430.23
				unknown					645	NCBITAXON:http://purl.bioontology.org/ontology/NCBITAXON/4530	Oryza sativa	in house mass spectral library		0		AIoutput2							not found	2026-06-18 13:19:42	not found	2026-06-18 13:19:42	1.12	0.68	0.92	0.65	0.59	0.47	0.71	0.44	1.29	0.69	0.44	0.8	0.54	8.81	16.16	35.49	23.54	22.42
				unknown					666	NCBITAXON:http://purl.bioontology.org/ontology/NCBITAXON/4530	Oryza sativa	in house mass spectral library		0		AIoutput2							not found	2026-06-18 13:19:42	not found	2026-06-18 13:19:42	7.45	3.63	11.36	4	2.56	6.17	5.41	5.97	1.29	4.26	5.43	6.07	6.93	2.47	3.49	7.98	4.73	4.58
				unknown					843	NCBITAXON:http://purl.bioontology.org/ontology/NCBITAXON/4530	Oryza sativa	in house mass spectral library		0		AIoutput2							not found	2026-06-18 13:19:42	not found	2026-06-18 13:19:42	17.88	7.39	18.46	7.76	7.41	16.27	13.91	14.45	5.42	11.01	11.63	11.81	13.19	7.32	8.36	21.4	14.17	12.12
				unknown					918	NCBITAXON:http://purl.bioontology.org/ontology/NCBITAXON/4530	Oryza sativa	in house mass spectral library		0		AIoutput2							not found	2026-06-18 13:19:42	not found	2026-06-18 13:19:42	9.77	3.71	10.88	4.97	2.65	5.36	4.74	5.43	3.73	4.36	4.9	5.42	7.02	2.96	3.35	7.26	4.92	4.17
				unknown					1076	NCBITAXON:http://purl.bioontology.org/ontology/NCBITAXON/4530	Oryza sativa	in house mass spectral library		0		AIoutput2							not found	2026-06-18 13:19:42	not found	2026-06-18 13:19:42	233.41	75.07	218.17	111.7	54.41	96.5	88.93	105.7	116.17	90.22	85.22	104.41	147.86	84.4	71.86	148.92	116.41	86.78
				unknown					1314	NCBITAXON:http://purl.bioontology.org/ontology/NCBITAXON/4530	Oryza sativa	in house mass spectral library		0		AIoutput2							not found	2026-06-18 13:19:42	not found	2026-06-18 13:19:42	1822.62	728.78	1544.49	694.7	601.07	354.47	352.21	666.64	560.6	624.18	590.32	506.11	659.95	617.48	616.61	1127.07	707.24	633.83
				unknown					1436	NCBITAXON:http://purl.bioontology.org/ontology/NCBITAXON/4530	Oryza sativa	in house mass spectral library		0		AIoutput2							not found	2026-06-18 13:19:42	not found	2026-06-18 13:19:42	1.86	0.41	1.54	0.39	0.36	0.78	0.43	0.74	2.15	0.41	0.74	0.48	0.9	5.5	8.6	17.26	16.02	11.9
				unknown					1483	NCBITAXON:http://purl.bioontology.org/ontology/NCBITAXON/4530	Oryza sativa	in house mass spectral library		0		AIoutput2							not found	2026-06-18 13:19:42	not found	2026-06-18 13:19:42	1047.05	627.32	1013.89	610.34	502.16	391.54	363.9	516.48	1297.03	209.99	201.15	117.43	166.19	355.73	442.27	782.89	576.47	482.53
				unknown					1582	NCBITAXON:http://purl.bioontology.org/ontology/NCBITAXON/4530	Oryza sativa	in house mass spectral library		0		AIoutput2							not found	2026-06-18 13:19:42	not found	2026-06-18 13:19:42	43.12	19.3	56.44	29.02	12.45	23.27	21.6	27.24	24	20.49	21.64	25.59	32.5	13.12	17.85	36.8	28.3	22.13
				unknown					1628	NCBITAXON:http://purl.bioontology.org/ontology/NCBITAXON/4530	Oryza sativa	in house mass spectral library		0		AIoutput2							not found	2026-06-18 13:19:42	not found	2026-06-18 13:19:42	8.32	0.68	7.6	0.65	2.76	7.29	6.43	6.03	15.18	5.06	5.27	5.34	6.34	3.66	3.79	8.09	5.14	4.25
				unknown					1630	NCBITAXON:http://purl.bioontology.org/ontology/NCBITAXON/4530	Oryza sativa	in house mass spectral library		0		AIoutput2							not found	2026-06-18 13:19:42	not found	2026-06-18 13:19:42	1796.97	726.04	1573.72	693.38	618.21	636.81	562.11	680.97	796.49	405.2	370.25	308.73	399.71	546.72	584.42	1108.04	720.34	629.31
				unknown					1662	NCBITAXON:http://purl.bioontology.org/ontology/NCBITAXON/4530	Oryza sativa	in house mass spectral library		0		AIoutput2							not found	2026-06-18 13:19:42	not found	2026-06-18 13:19:42	1.86	1.27	2.21	1.29	12.78	16.62	14.66	15.72	9.41	3.41	4	3.57	4.56	9.98	13.04	25.25	17.16	16.29
				unknown					1664	NCBITAXON:http://purl.bioontology.org/ontology/NCBITAXON/4530	Oryza sativa	in house mass spectral library		0		AIoutput2							not found	2026-06-18 13:19:42	not found	2026-06-18 13:19:42	29.17	12.39	26.41	10.99	11.93	13.23	12.74	13.9	17.36	1.26	1.59	0.64	1.34	13.56	12.25	19.69	12.54	10.4
				unknown					1666	NCBITAXON:http://purl.bioontology.org/ontology/NCBITAXON/4530	Oryza sativa	in house mass spectral library		0		AIoutput2							not found	2026-06-18 13:19:42	not found	2026-06-18 13:19:42	10.12	5.56	9.4	5.45	5.08	5.5	4.95	5.48	7.77	0.76	0.68	0.8	0.54	6.1	5.29	9.14	6.16	5.51
				unknown					502	NCBITAXON:http://purl.bioontology.org/ontology/NCBITAXON/4530	Oryza sativa	in house mass spectral library		0		AIoutput2							not found	2026-06-18 13:19:42	not found	2026-06-18 13:19:42	20.44	11.62	31.06	12.26	10.26	15.68	13.81	13.71	2.15	11.57	13.57	15.28	17.74	6.23	10.55	22.94	12.79	13.45
				unknown					2166	NCBITAXON:http://purl.bioontology.org/ontology/NCBITAXON/4530	Oryza sativa	in house mass spectral library		0		AIoutput2							not found	2026-06-18 13:19:42	not found	2026-06-18 13:19:42	97.38	77.62	102.33	80.2	63.26	49.83	42.63	64.59	91.52	78.91	80.77	65.86	82.41	66.51	93.25	170.67	117.39	107.38
				unknown					2167	NCBITAXON:http://purl.bioontology.org/ontology/NCBITAXON/4530	Oryza sativa	in house mass spectral library		0		AIoutput2							not found	2026-06-18 13:19:42	not found	2026-06-18 13:19:42	300.17	237	321.78	262.01	201.97	161.02	139.63	221.53	294.65	271.82	274.6	212.39	279.4	215.27	322.95	580.24	417.46	379.33
				unknown					2222	NCBITAXON:http://purl.bioontology.org/ontology/NCBITAXON/4530	Oryza sativa	in house mass spectral library		0		AIoutput2							not found	2026-06-18 13:19:42	not found	2026-06-18 13:19:42	8.85	5.78	9.69	6.43	4.4	3.77	3.67	4.9	6.4	3.67	4.35	3.27	3.86	5.85	10.22	18.19	12.86	12.7
				unknown					2234	NCBITAXON:http://purl.bioontology.org/ontology/NCBITAXON/4530	Oryza sativa	in house mass spectral library		0		AIoutput2							not found	2026-06-18 13:19:42	not found	2026-06-18 13:19:42	11.34	3.79	13.87	4.03	1.89	4	2.93	2.63	5.42	1.51	1.95	2.34	2.27	2.66	3.79	7.34	5.05	4.44
				unknown					2269	NCBITAXON:http://purl.bioontology.org/ontology/NCBITAXON/4530	Oryza sativa	in house mass spectral library		0		AIoutput2							not found	2026-06-18 13:19:42	not found	2026-06-18 13:19:42	1544.09	580.76	1319.19	558.18	495.98	669.21	606.95	638.85	1865.75	580.86	629.3	680.42	776.84	556.38	525.93	950.34	598.47	527.24
				unknown					2270	NCBITAXON:http://purl.bioontology.org/ontology/NCBITAXON/4530	Oryza sativa	in house mass spectral library		0		AIoutput2							not found	2026-06-18 13:19:42	not found	2026-06-18 13:19:42	1608.84	623.95	1408.63	601.09	525.95	718.2	648.39	685.84	1984.57	616.27	669.62	720.46	832.52	521.74	558.71	1023.12	638.09	563.28
				unknown					2271	NCBITAXON:http://purl.bioontology.org/ontology/NCBITAXON/4530	Oryza sativa	in house mass spectral library		0		AIoutput2							not found	2026-06-18 13:19:42	not found	2026-06-18 13:19:42	921.22	0.41	889.4	381.05	307.49	446.46	411	449.51	1235.93	367.51	415.15	453.75	531.34	313.94	341.51	636.51	402.3	357.48
				unknown					2271	NCBITAXON:http://purl.bioontology.org/ontology/NCBITAXON/4530	Oryza sativa	in house mass spectral library		0		AIoutput2							not found	2026-06-18 13:19:42	not found	2026-06-18 13:19:42	283.33	112.37	252.94	109.48	92.09	0.47	117.53	126.72	361.65	111.44	120.31	132.59	150.08	0.68	101.45	183.65	113.3	104.1
				unknown					2275	NCBITAXON:http://purl.bioontology.org/ontology/NCBITAXON/4530	Oryza sativa	in house mass spectral library		0		AIoutput2							not found	2026-06-18 13:19:42	not found	2026-06-18 13:19:42	1331.72	515.55	1172.89	493.17	438.29	595.2	0.43	569.6	1647.29	514.12	554.68	599.2	686.73	452.02	468.35	848.14	530.43	0.37
				unknown					2277	NCBITAXON:http://purl.bioontology.org/ontology/NCBITAXON/4530	Oryza sativa	in house mass spectral library		0		AIoutput2							not found	2026-06-18 13:19:42	not found	2026-06-18 13:19:42	357.33	143.79	331.19	144.83	117.37	167.4	152.56	167.16	464.42	139.82	154.1	168.73	197.78	119.6	128.33	236.62	149.03	132.48
				unknown					2387	NCBITAXON:http://purl.bioontology.org/ontology/NCBITAXON/4530	Oryza sativa	in house mass spectral library		0		AIoutput2							not found	2026-06-18 13:19:42	not found	2026-06-18 13:19:42	5.82	4.42	9.35	3.74	12.51	17.83	14.55	13.31	28.69	0.96	1.65	1.2	0.91	1.51	3.73	6.21	4.57	3.82
				unknown					2764	NCBITAXON:http://purl.bioontology.org/ontology/NCBITAXON/4530	Oryza sativa	in house mass spectral library		0		AIoutput2							not found	2026-06-18 13:19:42	not found	2026-06-18 13:19:42	1.86	5.42	13.19	4.96	5.25	6.63	5.31	5.76	17.69	5.44	5.95	6.94	8.06	6.48	5.11	9	5.76	5.11
				unknown					2764	NCBITAXON:http://purl.bioontology.org/ontology/NCBITAXON/4530	Oryza sativa	in house mass spectral library		0		AIoutput2							not found	2026-06-18 13:19:42	not found	2026-06-18 13:19:42	45.59	15.78	35.47	14.42	14.2	18.39	17.1	16.16	49.6	16.99	17.24	18.12	21.61	17.05	14.68	25.9	16.36	13.4
				unknown					2767	NCBITAXON:http://purl.bioontology.org/ontology/NCBITAXON/4530	Oryza sativa	in house mass spectral library		0		AIoutput2							not found	2026-06-18 13:19:42	not found	2026-06-18 13:19:42	729.57	571.74	752.5	491.43	464.1	491.24	350.94	462.31	1038.55	441.5	440.84	377.08	301.65	392.33	454.45	844.13	502.01	465.73
				unknown					2768	NCBITAXON:http://purl.bioontology.org/ontology/NCBITAXON/4530	Oryza sativa	in house mass spectral library		0		AIoutput2							not found	2026-06-18 13:19:42	not found	2026-06-18 13:19:42	9.51	3.48	8.08	3.5	2.96	4.24	3.79	4.05	12.11	3.52	3.95	4.27	4.81	3.35	3.2	5.76	3.78	3.29
				unknown					2831	NCBITAXON:http://purl.bioontology.org/ontology/NCBITAXON/4530	Oryza sativa	in house mass spectral library		0		AIoutput2							not found	2026-06-18 13:19:42	not found	2026-06-18 13:19:42	14.21	8.14	9.75	4.38	3.34	4.24	3.17	2.98	9.57	5.42	6.49	3.54	3.46	3.26	5.21	10.07	4.51	3.77
				unknown					471	NCBITAXON:http://purl.bioontology.org/ontology/NCBITAXON/4530	Oryza sativa	in house mass spectral library		0		AIoutput2							not found	2026-06-18 13:19:42	not found	2026-06-18 13:19:42	11.37	1.38	15.68	10.49	8.17	8.35	9.19	8.49	9.87	10.47	10.94	9.34	10.2	8.99	6.8	6.54	8.17	8.11
				unknown					501	NCBITAXON:http://purl.bioontology.org/ontology/NCBITAXON/4530	Oryza sativa	in house mass spectral library		0		AIoutput2							not found	2026-06-18 13:19:42	not found	2026-06-18 13:19:42	29.73	2.3	38.53	25.47	20.94	20.68	24.58	21.53	24.56	22.59	26.02	22.88	26.87	24.42	16.84	19.41	21.26	20.06
				unknown					571	NCBITAXON:http://purl.bioontology.org/ontology/NCBITAXON/4530	Oryza sativa	in house mass spectral library		0		AIoutput2							not found	2026-06-18 13:19:42	not found	2026-06-18 13:19:42	112.72	63.47	144.11	126.15	87.51	72.51	113.26	119.13	114.09	105.33	104.37	98.96	125.06	80.88	78.61	72.12	89.52	88.91
				unknown					586	NCBITAXON:http://purl.bioontology.org/ontology/NCBITAXON/4530	Oryza sativa	in house mass spectral library		0		AIoutput2							not found	2026-06-18 13:19:42	not found	2026-06-18 13:19:42	47.67	1.38	59.48	50.08	32.97	38.41	33.63	35.76	37.54	43.58	44.9	39.13	42.07	34.53	22.84	31.03	28.14	33.76
				unknown					638	NCBITAXON:http://purl.bioontology.org/ontology/NCBITAXON/4530	Oryza sativa	in house mass spectral library		0		AIoutput2							not found	2026-06-18 13:19:42	not found	2026-06-18 13:19:42	70.55	33.48	77.23	55.27	43.37	45.9	61.72	57.47	54.29	51.25	52.07	61.41	55.62	51.07	36.13	39.01	47.37	46.55
				unknown					639	NCBITAXON:http://purl.bioontology.org/ontology/NCBITAXON/4530	Oryza sativa	in house mass spectral library		0		AIoutput2							not found	2026-06-18 13:19:42	not found	2026-06-18 13:19:42	382.74	188.27	429.98	307.9	220.41	246.34	335.25	335.04	294.93	295.82	294.33	355.07	301.65	280.39	197.62	211.99	265.28	261.42
				unknown					760	NCBITAXON:http://purl.bioontology.org/ontology/NCBITAXON/4530	Oryza sativa	in house mass spectral library		0		AIoutput2							not found	2026-06-18 13:19:42	not found	2026-06-18 13:19:42	51.02	1.38	53.6	44.94	34.08	31.48	35.16	41.16	34.79	40.91	42.14	34.76	33.87	39.34	24.74	31.62	27.27	31.57
				unknown					916	NCBITAXON:http://purl.bioontology.org/ontology/NCBITAXON/4530	Oryza sativa	in house mass spectral library		0		AIoutput2							not found	2026-06-18 13:19:42	not found	2026-06-18 13:19:42	16.27	10.53	23.94	14.05	11.01	11.26	13.39	11.91	14.07	13.71	15.31	12.88	14.88	12.17	9.04	9.28	12.19	11.77
				unknown					1059	NCBITAXON:http://purl.bioontology.org/ontology/NCBITAXON/4530	Oryza sativa	in house mass spectral library		0		AIoutput2							not found	2026-06-18 13:19:42	not found	2026-06-18 13:19:42	23.05	25.85	32.32	17.66	16.11	19.74	20.48	14.44	19.99	16.57	18.25	18.35	22.97	19.55	15.82	12.85	17.76	17.81
				unknown					1062	NCBITAXON:http://purl.bioontology.org/ontology/NCBITAXON/4530	Oryza sativa	in house mass spectral library		0		AIoutput2							not found	2026-06-18 13:19:42	not found	2026-06-18 13:19:42	115.62	1.38	147.83	68.32	77.06	52.65	90.88	68.28	93.41	71.62	84.65	80.42	100.15	97.89	73.52	56.44	78.41	71.97
				unknown					1072	NCBITAXON:http://purl.bioontology.org/ontology/NCBITAXON/4530	Oryza sativa	in house mass spectral library		0		AIoutput2							not found	2026-06-18 13:19:42	not found	2026-06-18 13:19:42	22.65	25.95	33.17	16.94	15.88	19.91	20.54	14.64	20.73	16.56	18.25	17.98	23.34	18.33	15.84	12.54	18.05	17.49
				unknown					1075	NCBITAXON:http://purl.bioontology.org/ontology/NCBITAXON/4530	Oryza sativa	in house mass spectral library		0		AIoutput2							not found	2026-06-18 13:19:42	not found	2026-06-18 13:19:42	230.33	354.79	340.17	168.33	160.91	225.98	221.89	130.69	217.75	160.65	165.42	175.64	244.56	201.31	181.77	124.08	192.53	201.67
				unknown					1108	NCBITAXON:http://purl.bioontology.org/ontology/NCBITAXON/4530	Oryza sativa	in house mass spectral library		0		AIoutput2							not found	2026-06-18 13:19:42	not found	2026-06-18 13:19:42	46.45	51.62	68.64	35.64	33.7	39.88	41.14	30.35	42.87	34.24	36.94	40	47.39	41.44	33.98	26.94	39.57	38.49
				unknown					1109	NCBITAXON:http://purl.bioontology.org/ontology/NCBITAXON/4530	Oryza sativa	in house mass spectral library		0		AIoutput2							not found	2026-06-18 13:19:42	not found	2026-06-18 13:19:42	17.51	21.43	25.02	13.16	12.1	14.79	15.49	10.54	15.56	12.08	13.23	13.96	17.81	14.18	11.96	9.69	13.9	13.64
				unknown					1151	NCBITAXON:http://purl.bioontology.org/ontology/NCBITAXON/4530	Oryza sativa	in house mass spectral library		0		AIoutput2							not found	2026-06-18 13:19:42	not found	2026-06-18 13:19:42	10.13	14.03	16.54	9.14	7.64	10	10.21	7.62	9.86	7.82	9.08	8.81	11.76	7.83	8.05	6.57	9.08	9.29
				unknown					1170	NCBITAXON:http://purl.bioontology.org/ontology/NCBITAXON/4530	Oryza sativa	in house mass spectral library		0		AIoutput2							not found	2026-06-18 13:19:42	not found	2026-06-18 13:19:42	34.74	36.29	50.99	32.18	27.59	31.56	33.25	25.9	33.37	28.97	29.67	30.68	35.52	28.82	24.85	22.78	28.6	30.25
				unknown					1199	NCBITAXON:http://purl.bioontology.org/ontology/NCBITAXON/4530	Oryza sativa	in house mass spectral library		0		AIoutput2							not found	2026-06-18 13:19:42	not found	2026-06-18 13:19:42	12.52	12.63	19.23	10.04	7.76	8.98	10.65	8.46	10.41	9.07	10.26	9.44	11.97	8.63	7.48	6.16	9.89	9.56
				unknown					1582	NCBITAXON:http://purl.bioontology.org/ontology/NCBITAXON/4530	Oryza sativa	in house mass spectral library		0		AIoutput2							not found	2026-06-18 13:19:42	not found	2026-06-18 13:19:42	13.67	16.63	19.17	10.26	9.19	8.67	12.3	7.59	11.76	8.92	9.66	10.37	14.33	10.13	8.69	6.62	10.03	10.44
				unknown					1582	NCBITAXON:http://purl.bioontology.org/ontology/NCBITAXON/4530	Oryza sativa	in house mass spectral library		0		AIoutput2							not found	2026-06-18 13:19:42	not found	2026-06-18 13:19:42	68.04	89	97.96	53.89	47.01	49.46	60.23	41.24	64.73	47.38	51.18	52.85	70.14	54.82	47.08	35.97	54.63	55.55
				unknown					1650	NCBITAXON:http://purl.bioontology.org/ontology/NCBITAXON/4530	Oryza sativa	in house mass spectral library		0		AIoutput2							not found	2026-06-18 13:19:42	not found	2026-06-18 13:19:42	29.15	31.56	36.94	19.3	18.6	19.03	23.82	18.53	20.97	20.46	20.46	20.73	24.49	26.93	18.89	17.88	23.21	24.68
				unknown					1732	NCBITAXON:http://purl.bioontology.org/ontology/NCBITAXON/4530	Oryza sativa	in house mass spectral library		0		AIoutput2							not found	2026-06-18 13:19:42	not found	2026-06-18 13:19:42	15.21	14.75	20.06	12.16	10.73	10.4	13.68	10.61	12.2	10.65	12.48	11.85	13.92	13.34	10.23	9.41	11.7	10.55
				unknown					1733	NCBITAXON:http://purl.bioontology.org/ontology/NCBITAXON/4530	Oryza sativa	in house mass spectral library		0		AIoutput2							not found	2026-06-18 13:19:42	not found	2026-06-18 13:19:42	11.38	10.9	14.69	8.76	7.73	7.94	9.8	7.43	8.83	7.83	9.35	8.4	10.34	9.63	7.62	7.01	8.48	7.77
				unknown					1777	NCBITAXON:http://purl.bioontology.org/ontology/NCBITAXON/4530	Oryza sativa	in house mass spectral library		0		AIoutput2							not found	2026-06-18 13:19:42	not found	2026-06-18 13:19:42	337.51	342.89	457.21	292.43	216.16	223.16	263.88	214.42	245.03	202.46	250.3	219.01	277.99	254.76	195.37	198.14	240.74	246.65
				unknown					1783	NCBITAXON:http://purl.bioontology.org/ontology/NCBITAXON/4530	Oryza sativa	in house mass spectral library		0		AIoutput2							not found	2026-06-18 13:19:42	not found	2026-06-18 13:19:42	32.08	31.8	40.74	36.73	16.37	16.67	19.21	15.67	18.14	13.31	15.5	14.07	17.47	19.96	14.21	14.68	17.3	18.16
				unknown					1888	NCBITAXON:http://purl.bioontology.org/ontology/NCBITAXON/4530	Oryza sativa	in house mass spectral library		0		AIoutput2							not found	2026-06-18 13:19:42	not found	2026-06-18 13:19:42	25.03	23.49	33.21	19.08	15.67	15.06	20.69	15.33	16.06	16.81	20.01	18.45	20.51	22.32	15.91	15.11	18.34	16.66
				unknown					1888	NCBITAXON:http://purl.bioontology.org/ontology/NCBITAXON/4530	Oryza sativa	in house mass spectral library		0		AIoutput2							not found	2026-06-18 13:19:42	not found	2026-06-18 13:19:42	2123.01	2042.66	2694.96	1641.73	1377.3	1297.26	1638.56	1306.26	1422.34	1367.53	1586.36	1556.74	1771.29	1761.59	1333.02	1259.97	1521.09	1436.27
				unknown					1890	NCBITAXON:http://purl.bioontology.org/ontology/NCBITAXON/4530	Oryza sativa	in house mass spectral library		0		AIoutput2							not found	2026-06-18 13:19:42	not found	2026-06-18 13:19:42	34.34	37.63	49.65	26.69	12.84	12.07	15.13	12.21	1.08	8.22	9.49	9.15	10.74	14.13	10.54	10.35	11.57	10.9
				unknown					1891	NCBITAXON:http://purl.bioontology.org/ontology/NCBITAXON/4530	Oryza sativa	in house mass spectral library		0		AIoutput2							not found	2026-06-18 13:19:42	not found	2026-06-18 13:19:42	25.09	34.2	41.66	21.07	13.69	14.48	16.06	13.05	12.39	3.97	4.75	4.88	5.04	13.03	10.25	9.28	10.15	9.16
				unknown					1904	NCBITAXON:http://purl.bioontology.org/ontology/NCBITAXON/4530	Oryza sativa	in house mass spectral library		0		AIoutput2							not found	2026-06-18 13:19:42	not found	2026-06-18 13:19:42	14.23	15.03	17.91	12.35	7.68	8.17	8.53	6.67	9.45	9.24	9.84	8.99	10.59	9.54	6.22	7.47	9.09	10.07
				unknown					1932	NCBITAXON:http://purl.bioontology.org/ontology/NCBITAXON/4530	Oryza sativa	in house mass spectral library		0		AIoutput2							not found	2026-06-18 13:19:42	not found	2026-06-18 13:19:42	2.39	1.38	3.04	1.11	0.98	1.61	1.21	1.56	1.8	0.97	1.88	1.08	2.08	51	32.39	37.21	47.35	45.4
				unknown					1937	NCBITAXON:http://purl.bioontology.org/ontology/NCBITAXON/4530	Oryza sativa	in house mass spectral library		0		AIoutput2							not found	2026-06-18 13:19:42	not found	2026-06-18 13:19:42	2.39	1.38	3.04	1.11	0.98	1.61	1.21	1.56	1.8	0.97	1.88	1.08	2.08	46.5	31.99	35.86	43.29	44.11
				unknown					1951	NCBITAXON:http://purl.bioontology.org/ontology/NCBITAXON/4530	Oryza sativa	in house mass spectral library		0		AIoutput2							not found	2026-06-18 13:19:42	not found	2026-06-18 13:19:42	2.39	2.74	3.39	2.04	0.98	1.61	1.21	1.56	1.8	0.97	1.88	1.08	2.08	56.58	35.78	41.3	52.74	50.78
				unknown					1951	NCBITAXON:http://purl.bioontology.org/ontology/NCBITAXON/4530	Oryza sativa	in house mass spectral library		0		AIoutput2							not found	2026-06-18 13:19:42	not found	2026-06-18 13:19:42	24.52	32.98	36.24	16.86	6.29	6.02	6.95	5.39	4.81	2.05	1.88	1.08	2.54	16.25	11.43	13.38	16.83	17.74
				unknown					1955	NCBITAXON:http://purl.bioontology.org/ontology/NCBITAXON/4530	Oryza sativa	in house mass spectral library		0		AIoutput2							not found	2026-06-18 13:19:42	not found	2026-06-18 13:19:42	32.7	37.12	46.67	21.12	8.36	7.45	8.38	6.2	5.18	2.18	2.48	2.08	2.58	5.87	3.87	4	5.26	6
				unknown					1966	NCBITAXON:http://purl.bioontology.org/ontology/NCBITAXON/4530	Oryza sativa	in house mass spectral library		0		AIoutput2							not found	2026-06-18 13:19:42	not found	2026-06-18 13:19:42	19.87	23.65	30.2	14.87	6.47	6.39	5.74	4.38	4.36	12.41	12.75	11.45	11.72	161.67	85.92	99.84	136.94	134.79
				unknown					2001	NCBITAXON:http://purl.bioontology.org/ontology/NCBITAXON/4530	Oryza sativa	in house mass spectral library		0		AIoutput2							not found	2026-06-18 13:19:42	not found	2026-06-18 13:19:42	16.67	18.13	22.37	13.59	4.11	3.81	3.06	2.5	2.43	4.77	4.68	3.97	4.24	122.5	63.23	74.42	94.62	87.63
				unknown					2013	NCBITAXON:http://purl.bioontology.org/ontology/NCBITAXON/4530	Oryza sativa	in house mass spectral library		0		AIoutput2							not found	2026-06-18 13:19:42	not found	2026-06-18 13:19:42	10.3	10.19	12.77	7.95	2.67	2.51	1.99	1.56	1.8	2.79	2.71	2.18	2.25	66.33	33.06	38.56	49.42	45.38
				unknown					2047	NCBITAXON:http://purl.bioontology.org/ontology/NCBITAXON/4530	Oryza sativa	in house mass spectral library		0		AIoutput2							not found	2026-06-18 13:19:42	not found	2026-06-18 13:19:42	57.69	70.37	73.96	46.16	19.77	19.85	22.43	18.65	18.36	35.62	37.47	36.82	36.9	44.86	27.7	28.11	35.11	33.72
				unknown					2066	NCBITAXON:http://purl.bioontology.org/ontology/NCBITAXON/4530	Oryza sativa	in house mass spectral library		0		AIoutput2							not found	2026-06-18 13:19:42	not found	2026-06-18 13:19:42	2.39	1.38	3.04	1.11	0.98	1.61	1.21	1.56	1.8	0.97	1.88	1.08	2.08	53.94	35.12	37.61	56.72	49.73
				unknown					2067	NCBITAXON:http://purl.bioontology.org/ontology/NCBITAXON/4530	Oryza sativa	in house mass spectral library		0		AIoutput2							not found	2026-06-18 13:19:42	not found	2026-06-18 13:19:42	47.95	60.07	65.27	42.89	12.79	12.8	15.04	13.45	13.62	16.8	18.25	18.87	19.64	56.06	39.89	43.11	60.39	56.49
				unknown					2073	NCBITAXON:http://purl.bioontology.org/ontology/NCBITAXON/4530	Oryza sativa	in house mass spectral library		0		AIoutput2							not found	2026-06-18 13:19:42	not found	2026-06-18 13:19:42	2.39	2.05	3.04	1.51	0.98	1.61	1.21	1.56	1.8	0.97	1.88	1.08	2.08	30.68	20.99	22.12	33.28	27.76
				unknown					2077	NCBITAXON:http://purl.bioontology.org/ontology/NCBITAXON/4530	Oryza sativa	in house mass spectral library		0		AIoutput2							not found	2026-06-18 13:19:42	not found	2026-06-18 13:19:42	2.39	1.38	3.04	1.11	0.98	1.61	1.21	1.56	1.8	0.97	1.88	1.08	2.08	169.16	111.78	124.53	166.65	169.19
				unknown					2078	NCBITAXON:http://purl.bioontology.org/ontology/NCBITAXON/4530	Oryza sativa	in house mass spectral library		0		AIoutput2							not found	2026-06-18 13:19:42	not found	2026-06-18 13:19:42	1.43	2.3	1.82	1.85	1.64	0.97	2.02	0.93	1.08	1.61	1.13	1.8	1.25	147.96	94.35	104.38	144.99	142.63
				unknown					2084	NCBITAXON:http://purl.bioontology.org/ontology/NCBITAXON/4530	Oryza sativa	in house mass spectral library		0		AIoutput2							not found	2026-06-18 13:19:42	not found	2026-06-18 13:19:42	48.56	66.64	71.86	38.74	3.71	4.14	3.54	3.58	2.72	12.45	14.7	12.16	12.36	14.73	8.99	12.19	14.83	15.89
				unknown					2086	NCBITAXON:http://purl.bioontology.org/ontology/NCBITAXON/4530	Oryza sativa	in house mass spectral library		0		AIoutput2							not found	2026-06-18 13:19:42	not found	2026-06-18 13:19:42	51.47	56.11	69.45	46.71	32.74	31.44	35.77	27.33	33.95	35.78	36.63	36.35	41.57	42.13	27.96	33.09	40.69	42.22
				unknown					2087	NCBITAXON:http://purl.bioontology.org/ontology/NCBITAXON/4530	Oryza sativa	in house mass spectral library		0		AIoutput2							not found	2026-06-18 13:19:42	not found	2026-06-18 13:19:42	10.06	13.53	14.52	9.73	6.4	6.48	7.18	5.6	6.72	7.17	7.48	7.37	8.43	14.56	9.52	10.09	14.1	14.46
				unknown					2088	NCBITAXON:http://purl.bioontology.org/ontology/NCBITAXON/4530	Oryza sativa	in house mass spectral library		0		AIoutput2							not found	2026-06-18 13:19:42	not found	2026-06-18 13:19:42	23.16	31.42	33.1	21.8	13.36	13.83	15.29	12.12	14.53	15.24	15.84	16.36	18.46	50.79	32.46	37.1	47.96	51.13
				unknown					2088	NCBITAXON:http://purl.bioontology.org/ontology/NCBITAXON/4530	Oryza sativa	in house mass spectral library		0		AIoutput2							not found	2026-06-18 13:19:42	not found	2026-06-18 13:19:42	10.24	10.99	13.17	8.55	3.38	3.44	3.36	2.59	2.82	4.25	5.23	3.92	4.82	73.54	42.69	54.5	65.47	71.62
				unknown					2093	NCBITAXON:http://purl.bioontology.org/ontology/NCBITAXON/4530	Oryza sativa	in house mass spectral library		0		AIoutput2							not found	2026-06-18 13:19:42	not found	2026-06-18 13:19:42	6.26	6.73	7.69	5.18	2.13	2.14	2.11	1.67	1.8	2.63	3.26	2.4	3.06	45.79	28.15	34.74	40.57	46.07
				unknown					2107	NCBITAXON:http://purl.bioontology.org/ontology/NCBITAXON/4530	Oryza sativa	in house mass spectral library		0		AIoutput2							not found	2026-06-18 13:19:42	not found	2026-06-18 13:19:42	12	12.93	15.17	9.74	3.24	3.37	3.35	2.69	2.68	6.29	7.61	5.73	7.26	130.36	80.47	96.07	113.1	120.41
				unknown					2134	NCBITAXON:http://purl.bioontology.org/ontology/NCBITAXON/4530	Oryza sativa	in house mass spectral library		0		AIoutput2							not found	2026-06-18 13:19:42	not found	2026-06-18 13:19:42	32.88	42.78	50.76	24.62	6.51	7.64	7.24	6.22	3.92	1.74	2.07	1.56	2.08	10.07	4.97	12.68	10.01	6.88
				unknown					2148	NCBITAXON:http://purl.bioontology.org/ontology/NCBITAXON/4530	Oryza sativa	in house mass spectral library		0		AIoutput2							not found	2026-06-18 13:19:42	not found	2026-06-18 13:19:42	4.33	5.81	6.94	3.55	1.38	1.61	1.21	1.56	1.8	2.29	2.97	2.43	2.9	76.41	50.92	57.97	78.08	73.37
				unknown					2152	NCBITAXON:http://purl.bioontology.org/ontology/NCBITAXON/4530	Oryza sativa	in house mass spectral library		0		AIoutput2							not found	2026-06-18 13:19:42	not found	2026-06-18 13:19:42	8.7	11.35	14.07	6.98	3.05	3.5	3.29	2.62	2.3	4.72	5.7	5.03	6.11	85.37	54.03	62.06	83.43	82.41
				unknown					2153	NCBITAXON:http://purl.bioontology.org/ontology/NCBITAXON/4530	Oryza sativa	in house mass spectral library		0		AIoutput2							not found	2026-06-18 13:19:42	not found	2026-06-18 13:19:42	3.85	4.33	6.37	3.24	0.98	1.61	1.21	1.56	1.8	1.62	1.95	1.69	2.27	45.35	25.67	33.72	47.11	45.19
				unknown					2154	NCBITAXON:http://purl.bioontology.org/ontology/NCBITAXON/4530	Oryza sativa	in house mass spectral library		0		AIoutput2							not found	2026-06-18 13:19:42	not found	2026-06-18 13:19:42	7.87	11.01	12.58	6.13	2.1	2.52	2.24	1.79	1.8	4.69	5.72	4.73	5.78	111.74	69.73	80.23	104.14	104.29
				unknown					2160	NCBITAXON:http://purl.bioontology.org/ontology/NCBITAXON/4530	Oryza sativa	in house mass spectral library		0		AIoutput2							not found	2026-06-18 13:19:42	not found	2026-06-18 13:19:42	9.47	12.61	15.11	7.66	3	3.36	3.31	2.8	2.45	5.77	6.99	6.41	7.62	97.39	61.18	69.2	85.78	85.15
				unknown					2168	NCBITAXON:http://purl.bioontology.org/ontology/NCBITAXON/4530	Oryza sativa	in house mass spectral library		0		AIoutput2							not found	2026-06-18 13:19:42	not found	2026-06-18 13:19:42	6.48	8.63	10.08	5.4	1.78	2.03	1.86	1.56	1.8	2.94	3.74	3.18	3.58	177.93	115.98	130.31	170.45	163.37
				unknown					2172	NCBITAXON:http://purl.bioontology.org/ontology/NCBITAXON/4530	Oryza sativa	in house mass spectral library		0		AIoutput2							not found	2026-06-18 13:19:42	not found	2026-06-18 13:19:42	6.36	8.25	10.12	5.23	1.63	1.82	1.79	1.56	1.8	2.55	3.25	2.93	3.33	139.53	91.76	107.3	133.21	132.85
				unknown					2189	NCBITAXON:http://purl.bioontology.org/ontology/NCBITAXON/4530	Oryza sativa	in house mass spectral library		0		AIoutput2							not found	2026-06-18 13:19:42	not found	2026-06-18 13:19:42	32.42	58.58	52.41	27.28	5.18	5.04	6.38	5.15	4.38	5.84	6.64	6.14	7.48	18.25	16	15.77	18.65	17.04
				unknown					2214	NCBITAXON:http://purl.bioontology.org/ontology/NCBITAXON/4530	Oryza sativa	in house mass spectral library		0		AIoutput2							not found	2026-06-18 13:19:42	not found	2026-06-18 13:19:42	63.44	78.92	92.29	44.99	8.07	8.92	8.18	7.22	5.05	11.23	14.26	10.86	12.2	13.05	8.42	10.47	13.04	13.07
				unknown					2234	NCBITAXON:http://purl.bioontology.org/ontology/NCBITAXON/4530	Oryza sativa	in house mass spectral library		0		AIoutput2							not found	2026-06-18 13:19:42	not found	2026-06-18 13:19:42	1183.15	1567.75	1904.21	925.05	188.83	198.03	198.36	175.21	130.77	121.94	151.05	114.04	133.43	249.99	163.48	193.16	230.39	240.08
				unknown					2280	NCBITAXON:http://purl.bioontology.org/ontology/NCBITAXON/4530	Oryza sativa	in house mass spectral library		0		AIoutput2							not found	2026-06-18 13:19:42	not found	2026-06-18 13:19:42	89.26	99.72	126.3	86.92	59.98	63.54	64.57	59.7	53.02	64.31	77.84	70.38	72.27	73.44	44.34	55.73	62.04	61.31
				unknown					2281	NCBITAXON:http://purl.bioontology.org/ontology/NCBITAXON/4530	Oryza sativa	in house mass spectral library		0		AIoutput2							not found	2026-06-18 13:19:42	not found	2026-06-18 13:19:42	85.24	92.03	103.59	62.05	40.44	38.73	40.64	36.18	26.44	43.66	61.18	42.81	53.23	45.67	25.13	32.2	33.49	34.03
				unknown					2293	NCBITAXON:http://purl.bioontology.org/ontology/NCBITAXON/4530	Oryza sativa	in house mass spectral library		0		AIoutput2							not found	2026-06-18 13:19:42	not found	2026-06-18 13:19:42	29.02	26.93	31.53	19.5	17.09	16.07	16.44	16.82	13.89	16.15	19.64	17.33	18.47	20.28	11.14	13.58	16.92	16.37
				unknown					2297	NCBITAXON:http://purl.bioontology.org/ontology/NCBITAXON/4530	Oryza sativa	in house mass spectral library		0		AIoutput2							not found	2026-06-18 13:19:42	not found	2026-06-18 13:19:42	61.93	84.27	112.32	51.97	1.64	0.97	2.02	0.93	1.08	1.61	1.13	1.8	1.25	2	0.93	1.46	1.77	0.97
				unknown					2307	NCBITAXON:http://purl.bioontology.org/ontology/NCBITAXON/4530	Oryza sativa	in house mass spectral library		0		AIoutput2							not found	2026-06-18 13:19:42	not found	2026-06-18 13:19:42	27.58	26.47	34.35	18.64	11.01	11.08	8.74	10.44	6.48	14.34	14.7	11.17	11.3	13.57	7.58	9.64	10.75	10.33
				unknown					2313	NCBITAXON:http://purl.bioontology.org/ontology/NCBITAXON/4530	Oryza sativa	in house mass spectral library		0		AIoutput2							not found	2026-06-18 13:19:42	not found	2026-06-18 13:19:42	54.06	52.67	65.27	34.56	22.3	23.9	22.8	20.76	16.76	28.51	30.92	25.32	28.37	31.69	18.51	19.98	23.63	22.92
				unknown					2327	NCBITAXON:http://purl.bioontology.org/ontology/NCBITAXON/4530	Oryza sativa	in house mass spectral library		0		AIoutput2							not found	2026-06-18 13:19:42	not found	2026-06-18 13:19:42	24.85	38.29	35.96	19.38	7.07	7.41	7.58	6.36	6.26	4.98	5.83	5.36	7.25	14.11	11.98	13.55	15.34	16.91
				unknown					2350	NCBITAXON:http://purl.bioontology.org/ontology/NCBITAXON/4530	Oryza sativa	in house mass spectral library		0		AIoutput2							not found	2026-06-18 13:19:42	not found	2026-06-18 13:19:42	34.05	44.56	46.99	33.8	27.14	26.79	24.35	24.26	20.58	30.26	30.08	24.2	23.98	36.32	24.85	26.25	36.59	31.16
				unknown					2358	NCBITAXON:http://purl.bioontology.org/ontology/NCBITAXON/4530	Oryza sativa	in house mass spectral library		0		AIoutput2							not found	2026-06-18 13:19:42	not found	2026-06-18 13:19:42	91.84	123.3	114.92	63.55	17.33	18.67	21.83	19.27	18.72	21.99	26.4	22.96	26.46	40.28	28.08	31.92	35.39	33.61
				unknown					2378	NCBITAXON:http://purl.bioontology.org/ontology/NCBITAXON/4530	Oryza sativa	in house mass spectral library		0		AIoutput2							not found	2026-06-18 13:19:42	not found	2026-06-18 13:19:42	111.07	113.21	120.61	71.5	43.96	45.79	33.96	43.46	23.72	53.66	61.31	43.48	47.17	47.49	25.58	34.87	39.36	37.69
				unknown					2379	NCBITAXON:http://purl.bioontology.org/ontology/NCBITAXON/4530	Oryza sativa	in house mass spectral library		0		AIoutput2							not found	2026-06-18 13:19:42	not found	2026-06-18 13:19:42	197.4	205.52	221.11	126.62	77.85	81.79	58.28	75.71	39.01	95.62	102.2	75.29	78.73	83.12	41.73	60.27	65.71	61.41
				unknown					2387	NCBITAXON:http://purl.bioontology.org/ontology/NCBITAXON/4530	Oryza sativa	in house mass spectral library		0		AIoutput2							not found	2026-06-18 13:19:42	not found	2026-06-18 13:19:42	46.4	46.11	57.28	38.35	33.33	34.92	28.59	29.88	23.34	38.74	44.79	37.97	38.07	32.31	17.02	22.3	25.1	26.27
				unknown					2392	NCBITAXON:http://purl.bioontology.org/ontology/NCBITAXON/4530	Oryza sativa	in house mass spectral library		0		AIoutput2							not found	2026-06-18 13:19:42	not found	2026-06-18 13:19:42	186.99	193.17	214.89	116.06	79.43	80.26	66.04	73.27	45.57	89.85	106.16	79.67	92.99	81.89	44.78	59.86	69.18	67.07
				unknown					2393	NCBITAXON:http://purl.bioontology.org/ontology/NCBITAXON/4530	Oryza sativa	in house mass spectral library		0		AIoutput2							not found	2026-06-18 13:19:42	not found	2026-06-18 13:19:42	22.76	22.4	27.74	15.63	10.55	11.09	9.85	10.5	6.72	11.89	13.73	11.32	13.86	11.62	6.09	8.27	9.7	9.19
				unknown					2403	NCBITAXON:http://purl.bioontology.org/ontology/NCBITAXON/4530	Oryza sativa	in house mass spectral library		0		AIoutput2							not found	2026-06-18 13:19:42	not found	2026-06-18 13:19:42	177.19	202.19	201.61	101.03	48.38	43.94	26.44	29.33	17.32	70.5	71.88	44.14	45	67.35	31.05	35.55	43.6	40.82
				unknown					2408	NCBITAXON:http://purl.bioontology.org/ontology/NCBITAXON/4530	Oryza sativa	in house mass spectral library		0		AIoutput2							not found	2026-06-18 13:19:42	not found	2026-06-18 13:19:42	97.1	99.98	99.24	105.1	117.24	119.57	119.94	116.78	124.44	116.28	116.14	122.65	109.67	164.53	93.74	117.52	124.29	124.11
				unknown					2408	NCBITAXON:http://purl.bioontology.org/ontology/NCBITAXON/4530	Oryza sativa	in house mass spectral library		0		AIoutput2							not found	2026-06-18 13:19:42	not found	2026-06-18 13:19:42	8.17	7.25	7.05	8.83	9.88	8.65	9.38	8.58	9.78	8.95	9.57	9.89	7.49	14.18	7.37	9.74	8.58	9.46
				unknown					2415	NCBITAXON:http://purl.bioontology.org/ontology/NCBITAXON/4530	Oryza sativa	in house mass spectral library		0		AIoutput2							not found	2026-06-18 13:19:42	not found	2026-06-18 13:19:42	14.4	13.82	17.95	11.24	8.09	8.2	7.03	7.47	5.24	10.32	11.45	9.54	9.27	10.12	5.78	7.29	8.13	8.21
				unknown					2418	NCBITAXON:http://purl.bioontology.org/ontology/NCBITAXON/4530	Oryza sativa	in house mass spectral library		0		AIoutput2							not found	2026-06-18 13:19:42	not found	2026-06-18 13:19:42	28.58	27.83	35.37	21.55	9.23	8.76	7.98	8.71	5.01	8.66	11.72	9.31	8.74	9.7	5.1	7.99	7.7	7.12
				unknown					2426	NCBITAXON:http://purl.bioontology.org/ontology/NCBITAXON/4530	Oryza sativa	in house mass spectral library		0		AIoutput2							not found	2026-06-18 13:19:42	not found	2026-06-18 13:19:42	17.52	14.15	35.22	14.3	7.35	7.68	11.27	8.07	8.77	6.9	10.41	12.59	17.86	7.07	5.74	6.74	11.59	12.95
				unknown					2428	NCBITAXON:http://purl.bioontology.org/ontology/NCBITAXON/4530	Oryza sativa	in house mass spectral library		0		AIoutput2							not found	2026-06-18 13:19:42	not found	2026-06-18 13:19:42	29.74	34.56	38.9	20.58	9.84	10.94	8.97	8.96	6.54	11.68	14.38	9.8	12.32	16.96	9.09	11.96	12.69	12.86
				unknown					2437	NCBITAXON:http://purl.bioontology.org/ontology/NCBITAXON/4530	Oryza sativa	in house mass spectral library		0		AIoutput2							not found	2026-06-18 13:19:42	not found	2026-06-18 13:19:42	731.88	722.45	715.37	458.2	300.96	297.93	188.67	263.62	126.08	362.95	381.41	259.51	249.62	311.78	150.7	215.06	217.08	199.61
				unknown					2449	NCBITAXON:http://purl.bioontology.org/ontology/NCBITAXON/4530	Oryza sativa	in house mass spectral library		0		AIoutput2							not found	2026-06-18 13:19:42	not found	2026-06-18 13:19:42	950.63	1000.82	1050.72	654.7	415.04	447.15	317.45	373.29	211.55	534.07	567.69	390.88	442.63	450.2	227.69	311.61	329.95	316.21
				unknown					2458	NCBITAXON:http://purl.bioontology.org/ontology/NCBITAXON/4530	Oryza sativa	in house mass spectral library		0		AIoutput2							not found	2026-06-18 13:19:42	not found	2026-06-18 13:19:42	33.38	55.42	40.18	25.35	8.82	10.71	8.76	8.03	7.56	9.82	12.85	10.95	14.19	16.11	13.35	13.48	15.34	16.83
				unknown					2488	NCBITAXON:http://purl.bioontology.org/ontology/NCBITAXON/4530	Oryza sativa	in house mass spectral library		0		AIoutput2							not found	2026-06-18 13:19:42	not found	2026-06-18 13:19:42	38.44	48.63	44.67	27.9	4.54	4.97	4.24	4.78	3.08	4.94	6.23	5.46	5.59	11.67	8.6	11.31	11.17	10.56
				unknown					2545	NCBITAXON:http://purl.bioontology.org/ontology/NCBITAXON/4530	Oryza sativa	in house mass spectral library		0		AIoutput2							not found	2026-06-18 13:19:42	not found	2026-06-18 13:19:42	13.08	14.12	13.35	10.99	19.71	22.16	23.74	20.58	16.24	32.24	36.66	29.55	27.18	10.21	5.31	8.02	7.35	7.69
				unknown					2555	NCBITAXON:http://purl.bioontology.org/ontology/NCBITAXON/4530	Oryza sativa	in house mass spectral library		0		AIoutput2							not found	2026-06-18 13:19:42	not found	2026-06-18 13:19:42	18.48	20.8	20.82	12.79	10.4	10.27	8.16	10.59	6.41	8.32	12.12	7.03	7.43	10.11	4.78	7.56	6.83	5.86
				unknown					2609	NCBITAXON:http://purl.bioontology.org/ontology/NCBITAXON/4530	Oryza sativa	in house mass spectral library		0		AIoutput2							not found	2026-06-18 13:19:42	not found	2026-06-18 13:19:42	29.81	30.31	34.01	18.31	8.97	9.45	7.37	8.57	4.39	8.11	11.47	6.89	7.66	37.58	20.12	27.81	28	28.34
				unknown					2623	NCBITAXON:http://purl.bioontology.org/ontology/NCBITAXON/4530	Oryza sativa	in house mass spectral library		0		AIoutput2							not found	2026-06-18 13:19:42	not found	2026-06-18 13:19:42	36.92	42.46	43.76	23.82	10.32	11.09	8.62	9.79	4.94	10.43	14.21	7.98	9.35	28.76	16.24	22.44	22.81	19.05
				unknown					2631	NCBITAXON:http://purl.bioontology.org/ontology/NCBITAXON/4530	Oryza sativa	in house mass spectral library		0		AIoutput2							not found	2026-06-18 13:19:42	not found	2026-06-18 13:19:42	40.08	43.52	51.53	28.03	15.7	18.05	14.83	15.6	8.86	16.51	20.08	16.19	16.16	27.14	17.52	15.26	18.36	17.74
				unknown					2636	NCBITAXON:http://purl.bioontology.org/ontology/NCBITAXON/4530	Oryza sativa	in house mass spectral library		0		AIoutput2							not found	2026-06-18 13:19:42	not found	2026-06-18 13:19:42	61.55	67.64	73.76	40.88	28.51	29.97	21.53	27.17	13.63	25.89	33.26	20.67	21.14	19.75	10.46	14.65	14.61	13.96
				unknown					2659	NCBITAXON:http://purl.bioontology.org/ontology/NCBITAXON/4530	Oryza sativa	in house mass spectral library		0		AIoutput2							not found	2026-06-18 13:19:42	not found	2026-06-18 13:19:42	32.22	37.1	37.67	21.7	11.04	13.24	9.32	10.98	5.24	14.19	20.16	11.39	12	115.6	65.64	90.92	83.67	84.03
				unknown					2660	NCBITAXON:http://purl.bioontology.org/ontology/NCBITAXON/4530	Oryza sativa	in house mass spectral library		0		AIoutput2							not found	2026-06-18 13:19:42	not found	2026-06-18 13:19:42	39.87	42	42.89	26.58	15.16	19.49	11.6	16.99	10.18	13.31	11	8.04	9.93	24.63	13.04	15.52	15.83	15.38
				unknown					2664	NCBITAXON:http://purl.bioontology.org/ontology/NCBITAXON/4530	Oryza sativa	in house mass spectral library		0		AIoutput2							not found	2026-06-18 13:19:42	not found	2026-06-18 13:19:42	60.82	66.63	63.95	39	19.78	19.38	14.1	18.27	10.7	20.38	20.07	15.69	18.15	30.73	18.61	20.08	19.88	19.61
				unknown					2683	NCBITAXON:http://purl.bioontology.org/ontology/NCBITAXON/4530	Oryza sativa	in house mass spectral library		0		AIoutput2							not found	2026-06-18 13:19:42	not found	2026-06-18 13:19:42	11.33	11.4	16.18	9.88	8.72	9.07	12	9.22	10.88	8.8	10.48	10.61	12.59	10.12	8.55	8.07	10.25	9.26
				unknown					2684	NCBITAXON:http://purl.bioontology.org/ontology/NCBITAXON/4530	Oryza sativa	in house mass spectral library		0		AIoutput2							not found	2026-06-18 13:19:42	not found	2026-06-18 13:19:42	318.3	322.01	392.31	235.1	147.24	152.75	133.87	149.06	96.26	144.77	166.61	123.2	132.83	209.43	112.17	136.71	145.71	143.58
				unknown					2690	NCBITAXON:http://purl.bioontology.org/ontology/NCBITAXON/4530	Oryza sativa	in house mass spectral library		0		AIoutput2							not found	2026-06-18 13:19:42	not found	2026-06-18 13:19:42	63.36	68.31	66.14	40.52	28.63	32.7	21	27.54	12.85	24.78	28.98	16.34	17.17	22.73	10.99	17.06	14.72	14.92
				unknown					2693	NCBITAXON:http://purl.bioontology.org/ontology/NCBITAXON/4530	Oryza sativa	in house mass spectral library		0		AIoutput2							not found	2026-06-18 13:19:42	not found	2026-06-18 13:19:42	128.39	137.06	132.62	82.31	30.44	44.49	23.71	34.14	20.05	22.45	24.27	19.5	18.64	41.39	18.38	25.6	22.38	22.52
				unknown					2708	NCBITAXON:http://purl.bioontology.org/ontology/NCBITAXON/4530	Oryza sativa	in house mass spectral library		0		AIoutput2							not found	2026-06-18 13:19:42	not found	2026-06-18 13:19:42	30.69	29.94	33.18	23.55	4.31	5.75	3.05	4.64	2.97	7.83	7.37	4.82	5.71	13.75	6.54	8.28	8.1	8.14
				unknown					2709	NCBITAXON:http://purl.bioontology.org/ontology/NCBITAXON/4530	Oryza sativa	in house mass spectral library		0		AIoutput2							not found	2026-06-18 13:19:42	not found	2026-06-18 13:19:42	32.25	31.24	30.23	21.45	4.39	5.39	3.06	4.74	3.02	6.38	5.9	3.96	4.63	12.32	5.59	7.05	7.16	6.96
				unknown					2713	NCBITAXON:http://purl.bioontology.org/ontology/NCBITAXON/4530	Oryza sativa	in house mass spectral library		0		AIoutput2							not found	2026-06-18 13:19:42	not found	2026-06-18 13:19:42	41.05	39.86	39.32	28.39	24.74	32.13	18.22	26.77	17.9	30.3	23.33	17.79	22.95	39.3	18.87	21.87	20.57	20.67
				unknown					2718	NCBITAXON:http://purl.bioontology.org/ontology/NCBITAXON/4530	Oryza sativa	in house mass spectral library		0		AIoutput2							not found	2026-06-18 13:19:42	not found	2026-06-18 13:19:42	97.97	106.89	98.95	67.53	29.8	34.35	23.69	27.51	21.24	30.62	31.04	22.28	24.89	46.24	21.98	30.73	29.47	28.99
				unknown					2718	NCBITAXON:http://purl.bioontology.org/ontology/NCBITAXON/4530	Oryza sativa	in house mass spectral library		0		AIoutput2							not found	2026-06-18 13:19:42	not found	2026-06-18 13:19:42	97.79	109.49	104.33	72.76	26.83	30.35	17.69	23.89	14.2	24.2	23.69	15.92	16.38	45.77	17.99	30.56	22.72	24.61
				unknown					2719	NCBITAXON:http://purl.bioontology.org/ontology/NCBITAXON/4530	Oryza sativa	in house mass spectral library		0		AIoutput2							not found	2026-06-18 13:19:42	not found	2026-06-18 13:19:42	397.12	429.48	426.47	275.56	36.42	42.46	30.04	34.32	19.79	53.83	68.91	45.48	42.51	154.56	85.19	117.5	103.59	102.67
				unknown					2727	NCBITAXON:http://purl.bioontology.org/ontology/NCBITAXON/4530	Oryza sativa	in house mass spectral library		0		AIoutput2							not found	2026-06-18 13:19:42	not found	2026-06-18 13:19:42	118.77	121.63	101.65	78.76	36.77	48.35	26.13	41.21	25.06	37.97	33.09	22.23	24.67	52.56	20.31	28.88	27.55	28.07
CHEBI:16704	C9H12N2O6	OC[C@H]1O[C@H]([C@H](O)[C@@H]1O)n1ccc(=O)[nH]c1=O	InChI=1S/C9H12N2O6/c12-3-4-6(14)7(15)8(17-4)11-2-1-5(13)10-9(11)16/h1-2,4,6-8,12,14-15H,3H2,(H,10,13,16)/t4-,6-,7-,8-/m1/s1	Uridine					2096	NCBITAXON:http://purl.bioontology.org/ontology/NCBITAXON/4530	Oryza sativa	in house mass spectral library		4		AIoutput2	0.924				CHEBI:16704	RM0135933	first assignment	2026-06-18 13:19:42	first assignment	2026-06-18 13:19:42	10.94	27.45	22.97	26.5	13.38	5.22	4.66	11.63	1.29	4.55	6.81	4.04	4.03	2.56	16.93	28.5	18.16	20.27
